Song,Genre,Cluster,Distance,PCA1,PCA2
blues.00000,blues,2,1.7671274357053042,-1.055376989542133,-0.7053186668406699
blues.00001,blues,4,1.6677461878380604,-1.162630727928769,0.9465927784402353
blues.00002,blues,2,1.8298426280710907,-1.1055318620873793,-0.5859855651589841
blues.00003,blues,4,1.5933401964168303,-2.058187365966228,0.44475107852900414
blues.00004,blues,4,1.8406510801126408,-0.5741361098295036,0.24872956064804472
blues.00005,blues,4,2.997686337867084,0.19915871762135745,1.8758732465855967
blues.00006,blues,4,2.487776545961666,-1.126703231282809,1.7162585567472102
blues.00007,blues,4,2.012492042539218,-1.1044545329175148,1.2395872782636406
blues.00008,blues,2,1.89338070665929,-1.1271265690823211,-0.7383017448411427
blues.00009,blues,4,1.6706767417806878,-0.9985184689204998,0.746127405760974
blues.00010,blues,4,1.6492686466915645,-1.694092674603068,0.7708293709704926
blues.00011,blues,4,1.9772340704268359,-1.2730886787514881,1.4279555502132601
blues.00012,blues,4,1.5627888412058233,-1.2035314954965057,0.7556201467323027
blues.00013,blues,4,1.5614806363665354,-1.6369316319757945,0.23421142179313909
blues.00014,blues,4,2.2091130543548787,-1.9639248957011861,1.4689329768555506
blues.00015,blues,4,1.6264377409095065,-1.4110654471106192,0.8987116913764349
blues.00016,blues,4,1.571915126200244,-1.507075649466117,0.670829831226082
blues.00017,blues,4,1.6485234329653848,-1.8873826670677694,0.9490772204747063
blues.00018,blues,4,1.7126696276228963,-1.4492971231788376,0.6038137501220081
blues.00019,blues,4,1.6680025371358602,-1.538244892425383,1.0129121738506788
blues.00020,blues,4,1.4344245916101654,-1.808536426865348,-0.07537088798322891
blues.00021,blues,4,1.8580516987982036,-1.6064671421829124,1.3089756366494523
blues.00022,blues,4,1.9337932398771123,-1.3667653705220646,1.4297051636146956
blues.00023,blues,4,1.5646615005836677,-1.856138669931912,0.5286861790641314
blues.00024,blues,4,1.8730762008140684,-1.9542637431142367,1.0726939791646726
blues.00025,blues,4,1.8983932975861404,-1.9247349522196184,0.8904774799460454
blues.00026,blues,4,2.2017969707256944,-1.927349793331019,1.4645077378470954
blues.00027,blues,4,1.6462265147151602,-1.2360135739378686,0.6356781484541382
blues.00028,blues,4,1.6746473937261075,-2.080166208523898,0.6689565830197324
blues.00029,blues,4,2.28416941157767,-0.7277087536455165,1.3890251184677713
blues.00030,blues,4,2.045754609232061,-1.400835962653958,0.8416614810800574
blues.00031,blues,4,2.015301455105256,-1.5662707936485663,0.7878894563360335
blues.00032,blues,4,2.430131692176697,-1.0684485893248221,1.8810377019439963
blues.00033,blues,4,2.3482049113996886,-1.2023838739834578,1.2523857731918935
blues.00034,blues,4,1.8526530413614906,-1.5044102000153445,0.6915956442108938
blues.00035,blues,4,1.8237230384952228,-1.4190463645626517,0.3222656338583768
blues.00036,blues,4,2.0124335371007827,-1.9338634630898017,0.5471192986228254
blues.00037,blues,4,2.1721986284522354,-1.7358373847787631,1.6899872813647359
blues.00038,blues,4,2.0332797476214046,-1.0460564472198794,0.874583924175901
blues.00039,blues,4,2.2719503788347177,-1.7935704188927473,1.5438434424746201
blues.00040,blues,2,1.588059333899587,-0.313110302208725,-1.1477628822593526
blues.00041,blues,2,1.4337951586826676,-0.06157203534977649,-0.8419970819682802
blues.00042,blues,2,1.7807608516578073,-0.36172940739671294,-0.5607067843213782
blues.00043,blues,2,1.6263228196108237,-0.5193108542466118,-0.9976201957124322
blues.00044,blues,2,1.7787285043550203,-0.5038725352271144,-1.1650970522693305
blues.00045,blues,2,2.5968168596845995,-1.458337190000895,-1.1042218115440094
blues.00046,blues,2,1.9618014210778412,-0.9030135502857465,-0.30158152797669724
blues.00047,blues,2,1.999410129094689,-0.9008826347010019,-1.0097591374415997
blues.00048,blues,2,1.5021304526323063,-0.4369962597714109,-1.0482885186213022
blues.00049,blues,4,1.818651670052315,-1.4947152398001002,0.39601599353712447
blues.00050,blues,2,1.5699907245768785,-0.7020935560286038,-0.8892374970766065
blues.00051,blues,2,1.7440550523499558,-0.5027601582093308,-1.363613937351884
blues.00052,blues,4,1.9630514834641997,-0.8708869454877571,1.2205390020597253
blues.00053,blues,2,1.4778113618028652,0.03779274419483253,-0.7121504531160094
blues.00054,blues,2,1.41047608577509,-0.24217153018879212,-0.9372515325379898
blues.00055,blues,2,1.3919740094508861,-0.2052866825764202,-0.5377325388180718
blues.00056,blues,4,1.6532389332199104,-0.7208091575684745,0.3293253108689476
blues.00057,blues,2,1.5590219298525685,-0.5432129110261776,-0.29300163179480376
blues.00058,blues,2,1.3713273525219425,-0.2787353899238942,-0.3515658558017738
blues.00059,blues,2,1.4891482340466067,0.3726240418088536,-0.591165396312156
blues.00060,blues,2,1.5935470692050941,-0.5271136520645205,-1.1256435800904645
blues.00061,blues,2,1.8504879049103053,0.5096940206454995,-1.6621503460580433
blues.00062,blues,2,1.604831625732245,0.29316254520761303,-0.1126684235012094
blues.00063,blues,2,1.660850623094054,0.7143627650914339,-0.8089277896473921
blues.00064,blues,2,1.9260459438704376,0.11641767245045458,-1.9575929847687041
blues.00065,blues,2,1.5805620246312784,0.7160935324851234,-1.0546541439695047
blues.00066,blues,2,1.3615458368259428,0.376255411493446,-0.5744657383915269
blues.00067,blues,2,1.4854112951283032,-0.11010609699148995,-0.9905181959881668
blues.00068,blues,2,1.553960829713242,0.09043128319707344,-1.3249605559211854
blues.00069,blues,2,1.5610513545901241,0.09999282209580403,-0.8897936293660964
blues.00070,blues,2,1.4483414484670631,-0.2635880587207561,-0.39867491352623163
blues.00071,blues,2,1.8434847224940256,0.0033219966778945936,-1.867767065475179
blues.00072,blues,2,1.773985257481496,0.46430428114352995,-1.3794122507157696
blues.00073,blues,2,1.6208064595293237,-0.590379579777483,-1.2530400620469118
blues.00074,blues,2,1.3240731575670648,0.02092439478840912,-0.6010402549101682
blues.00075,blues,2,1.576752170458668,0.14317035387821625,0.15049833212672642
blues.00076,blues,2,1.4906981978284608,0.41964033321903776,-1.070245957492151
blues.00077,blues,2,1.4364246758811372,-0.24822284689524501,-1.21753892570894
blues.00078,blues,2,1.9544812068555972,-0.3150029574075489,-2.01367188254304
blues.00079,blues,2,1.7497634790203633,-0.021386574899855376,-1.8088341976077535
blues.00080,blues,2,1.6243639556337082,-0.7219950813843645,-0.64817626080779
blues.00081,blues,2,1.818342790253613,-0.4337414341577049,-1.314417413171238
blues.00082,blues,2,1.6580527502227762,-0.5537864743218041,-1.2290819290155635
blues.00083,blues,2,1.6563634912618377,-0.1795728583914615,-1.60016350501044
blues.00084,blues,2,1.394031196088053,-0.2713521141236781,-0.9364453150376725
blues.00085,blues,4,1.7240455189588428,-1.2157669210901185,1.0943326711166952
blues.00086,blues,4,2.093753458709854,-1.010612120099529,1.6123051715933057
blues.00087,blues,4,1.6228796833526409,-1.2481511936217635,0.6957798727303615
blues.00088,blues,4,1.7089248834161956,-2.221431952622262,0.009392954797808243
blues.00089,blues,4,2.2387222743911135,-2.4877851532537174,1.346936335557895
blues.00090,blues,4,2.134607270537152,-0.6129872184988984,1.2921972474891437
blues.00091,blues,4,1.7970620719550399,-1.8087553306918844,0.8879437495749981
blues.00092,blues,4,2.3710157385620017,-1.8083345799750798,1.9758741309362289
blues.00093,blues,4,2.476170786016931,-2.868093197009856,0.4360790783267889
blues.00094,blues,4,1.956474075217304,-1.1695234089381208,1.3708128437160245
blues.00095,blues,4,1.7334355086966442,-1.0501052376654922,0.4272775569190354
blues.00096,blues,4,1.7822846730622341,-1.6186925368814364,1.1045409470752607
blues.00097,blues,4,1.8020870333533003,-1.4165074319577293,0.5078352238254836
blues.00098,blues,2,1.3661671352621414,0.12294499665549834,-1.090321768544605
blues.00099,blues,4,1.6815712302672137,-1.1384897317722087,0.5212427511133723
classical.00000,classical,4,1.6217969830949897,-1.5419008141400345,-0.5847125932775282
classical.00001,classical,4,1.4681151476382794,-1.7386048980178181,-0.04320406076302934
classical.00002,classical,4,1.836842293083797,-1.5212289278008213,-1.1555046712889667
classical.00003,classical,4,1.5814869817845019,-1.3658070159552418,0.2957494174267945
classical.00004,classical,4,1.751384270590805,-1.210119111000845,-0.5276858833006092
classical.00005,classical,4,1.2535321544329412,-1.7126307803781087,-0.08677804660487409
classical.00006,classical,4,1.1669509674526064,-1.77516856631528,-0.09193672315303807
classical.00007,classical,4,1.1884999598188062,-1.6225127798368937,0.5037129640320225
classical.00008,classical,4,1.292862126067827,-1.6612221676980783,-0.01792447660021428
classical.00009,classical,4,1.1340867348215449,-1.9231510642998442,0.1588069860344954
classical.00010,classical,4,1.4364330108189642,-1.5903916251059245,0.34845799737858607
classical.00011,classical,4,1.5587500721825616,-2.3088773369447386,0.07036278488531483
classical.00012,classical,4,1.9561219768979499,-2.0909194023628994,0.9641662919487509
classical.00013,classical,4,1.739310290241566,-1.5906109316319506,1.0789727549513632
classical.00014,classical,4,1.2986046693044038,-1.9781780630443113,0.2718195341817595
classical.00015,classical,4,2.215612387945418,-1.8764936956032137,0.8959974910717519
classical.00016,classical,4,1.4858932796697002,-2.2970201974542213,0.1885991731751113
classical.00017,classical,4,1.8269503082104486,-1.9482060054823886,0.5398814032111698
classical.00018,classical,4,1.8205447864064368,-1.9851232921832551,1.1460485797412776
classical.00019,classical,4,1.6504080609945313,-1.9109029962943163,0.9684328786672196
classical.00020,classical,4,1.2373917698431203,-1.937772560215538,0.253323469979064
classical.00021,classical,4,1.4671259814153308,-1.782909802264043,0.4443288511614792
classical.00022,classical,4,1.4347301239571686,-2.103064454057382,0.16484077847526699
classical.00023,classical,4,1.5779020392267422,-2.4621751469962354,-0.050369544363600804
classical.00024,classical,4,1.5109584708384947,-1.9235281444193595,-0.623759105076464
classical.00025,classical,4,1.8379064515361843,-1.9178301138392577,-0.9886003617549458
classical.00026,classical,4,1.6827806957650293,-2.0189719975717604,0.6818571457934458
classical.00027,classical,4,1.6531991201263756,-2.482795927166934,-0.26472006239505075
classical.00028,classical,4,1.1314035389702102,-1.651156914162871,0.12211152327358961
classical.00029,classical,4,2.015835314208441,-1.42679718788673,1.0391347442595051
classical.00030,classical,4,1.2617207344243688,-1.866079777786471,0.19615822864712207
classical.00031,classical,4,1.6449645495535423,-2.6586568336598866,0.513568173946777
classical.00032,classical,4,2.242298452401123,-2.904294169129793,-0.5535908885474405
classical.00033,classical,4,2.01374114834491,-2.323446479613989,1.1664940740362264
classical.00034,classical,4,1.3620342578664013,-1.5683648671405985,0.6363612178085628
classical.00035,classical,4,1.4570555214560195,-1.6766975388328142,0.9194122493262844
classical.00036,classical,4,1.577309752651041,-1.7470725923262493,0.9841621846084849
classical.00037,classical,4,1.414037047863767,-1.2478701334187823,0.658654285235263
classical.00038,classical,4,1.2891679194586554,-1.8386562531371808,0.2943707493905532
classical.00039,classical,4,2.0000067232673238,-1.1326156994333691,1.1883248497917902
classical.00040,classical,4,1.4181098794858407,-1.9151057680710903,0.45278474278576164
classical.00041,classical,4,1.7210448562897014,-1.8008470065593525,0.7951077836645699
classical.00042,classical,4,1.862688283114016,-1.7220977611860748,-0.8922762910374747
classical.00043,classical,4,1.6652249008267301,-2.3325376525047914,0.16580814981379777
classical.00044,classical,4,1.64285309028088,-1.9322036591739329,0.6602513285176563
classical.00045,classical,4,1.6472684723543414,-2.1183356016488535,-0.4431325809001019
classical.00046,classical,4,2.503348904331431,-0.733213376818343,-1.6666145323375143
classical.00047,classical,4,1.5438107876403426,-2.202049874302763,-0.27227724334068737
classical.00048,classical,4,2.1100655770591503,-0.6755566011015086,0.6462235546838638
classical.00049,classical,4,2.108540476788169,-0.25614186609500755,-0.7797312386144155
classical.00050,classical,4,1.8384346654981578,-2.309319891422714,-0.5074758223752168
classical.00051,classical,4,2.6755653779676907,-1.4995605216903818,1.387353077582716
classical.00052,classical,4,2.318976585753879,0.1618976432935363,0.3644825925215335
classical.00053,classical,4,1.6950912554985802,-1.3363134529458849,-0.5416174519024615
classical.00054,classical,4,2.712554183176718,-0.7785036182150452,0.22717081202228828
classical.00055,classical,4,2.046174850332368,-2.3374344133011795,0.8778695795835473
classical.00056,classical,4,1.9464700012287268,-0.9962797796023196,-0.9439619306373426
classical.00057,classical,4,1.8317255240589678,-0.8893410135895286,1.1482527759783725
classical.00058,classical,4,1.736366734105095,-1.9822266315012869,-0.13198355111262258
classical.00059,classical,4,1.4276332510481582,-1.3193766598060117,-0.24262166989161849
classical.00060,classical,4,1.82025447040807,-0.8036206358271075,-0.7281903798414338
classical.00061,classical,4,1.2634472592613808,-1.599438956608001,0.5092303901972983
classical.00062,classical,4,2.1347789821773246,-1.327547257553889,1.3181024482504502
classical.00063,classical,4,2.7050219526975146,-3.193520141961698,-0.0515605485068036
classical.00064,classical,4,2.1366081372582864,-2.5913679738120505,0.7770407968895925
classical.00065,classical,4,2.3617604954280043,-2.945067094439928,0.7815900936507659
classical.00066,classical,4,2.22371705109366,-2.987544431893871,0.6531532982528737
classical.00067,classical,4,2.4738602070758886,-2.2572495030536426,1.829641934480575
classical.00068,classical,4,1.5880251595825032,-1.5804039989279035,-0.4575339612000253
classical.00069,classical,4,1.475270848411047,-1.9261974993467461,-0.26980778207036127
classical.00070,classical,4,1.295639440530962,-1.9469065748585155,0.44011422625850277
classical.00071,classical,4,1.3167872656059345,-1.8868079708835968,0.18155450555985755
classical.00072,classical,4,1.4658085279295974,-1.8533129635701435,0.4733519700130376
classical.00073,classical,4,1.5648044872435602,-1.9683353007663742,0.5429624364843911
classical.00074,classical,4,1.3848776086374985,-1.8301431861612263,-0.027679051367513162
classical.00075,classical,4,1.6314889729044293,-2.1788552743773257,0.5428455216551884
classical.00076,classical,4,1.4392486428864097,-1.8485453699345973,-0.2468967788531582
classical.00077,classical,4,2.33531263361638,-2.844188285106602,1.1278212353638797
classical.00078,classical,4,2.383896628491113,-2.9534995702658904,0.08259461352841332
classical.00079,classical,4,2.2575383667499294,-2.743920163956914,0.7514593097346393
classical.00080,classical,4,2.066958564179512,-2.6660894511840123,0.48392009082858434
classical.00081,classical,4,1.3623647216091883,-1.9648265919720957,-0.16791147071863677
classical.00082,classical,4,1.7009769129906025,-1.4018056122519034,-0.050984913808269784
classical.00083,classical,4,2.0011808041001777,-2.763400172351487,-0.12360626976188216
classical.00084,classical,4,1.8290422749876067,-2.5409185931074285,0.04529470500464573
classical.00085,classical,4,1.727999110981343,-1.1154697087340104,-0.17015065828234613
classical.00086,classical,4,1.572943163002982,-1.37744756337778,-0.054787130602282345
classical.00087,classical,4,1.9005151555970168,-2.6673054223607737,-0.09817279634177757
classical.00088,classical,4,1.5457216790661636,-1.910975519489025,-0.3765748825483694
classical.00089,classical,4,3.832992334609934,-0.10071747185350313,0.05386097251319544
classical.00090,classical,4,2.4998648129271186,-0.3683999387959951,-0.19224696726993412
classical.00091,classical,4,2.6379865835721272,-0.256357914456331,-0.04008984721828985
classical.00092,classical,4,2.741129963347639,-0.591779710935335,1.0882074076618828
classical.00093,classical,4,1.8645167160909089,-1.3497530087848677,-0.11030292512843534
classical.00094,classical,4,1.353402650589639,-1.6207470540878326,0.4463468733299516
classical.00095,classical,4,2.468939769675029,-0.6149857975678694,1.3798880758259775
classical.00096,classical,4,1.7470153234107402,-0.463466438392522,-0.2223375654749764
classical.00097,classical,4,1.4856965425052595,-1.6040208396230575,-0.029016536288469917
classical.00098,classical,4,1.8417975508825326,-0.5480009623492201,-0.2233479100344739
classical.00099,classical,4,2.0622434110622065,-1.5496050303644269,-1.2134573179488743
country.00000,country,3,1.743306388944665,0.44831522932773643,-0.7356571349897855
country.00001,country,3,2.4712529997275916,0.2756603840539911,-1.6507174342559998
country.00002,country,3,1.3943792845203802,0.18148115865092496,0.10714882797094798
country.00003,country,3,1.230898877469804,0.2302451905278285,-0.016582817451445672
country.00004,country,3,2.229066437672308,0.45951487044160116,-1.3539052687196138
country.00005,country,3,2.020182070179254,0.7450983272633813,-0.9918449299377967
country.00006,country,3,1.8503709795551124,0.786414172788406,-0.6580569407892612
country.00007,country,3,1.8700523246532692,0.5520759220503555,-0.8405507221599242
country.00008,country,3,1.6633054115200854,0.0975487667945419,-0.8720808371001855
country.00009,country,3,2.6745318754047758,0.9235767475614175,-1.6541086716099231
country.00010,country,3,1.2561842389251467,-0.39057285822249194,0.8190386293588169
country.00011,country,0,1.6257118354755515,1.4542763805073253,1.7209238995250846
country.00012,country,3,1.345418975624253,-0.7763689069165527,0.10823553326662828
country.00013,country,3,1.6763694413921413,0.6758826366099142,-0.22873274234550497
country.00014,country,3,2.2308872069078096,1.4225763900544923,0.3904213269473015
country.00015,country,3,1.5110350400732726,-0.18158141702388664,-0.5649439981520321
country.00016,country,3,1.7979545540692352,-1.428116719839036,-0.05117920949752803
country.00017,country,3,1.7405928153495023,-1.106999114002984,-0.3035077113641974
country.00018,country,3,1.241448765157349,-0.2237804733353662,-0.296668906547719
country.00019,country,3,2.0287906496944026,-1.7886487573979066,0.6527141515253068
country.00020,country,0,1.8286686312336238,0.7470244936989717,1.0753199332127146
country.00021,country,3,2.0946610048028966,-2.017555587032192,0.04525226484338448
country.00022,country,3,1.5537185601110222,-1.1818635324843219,0.1604284580059182
country.00023,country,3,1.9908238700031824,-1.166204448227787,1.484064030177049
country.00024,country,3,1.528079305004535,-0.5327729732053879,0.9931003791035774
country.00025,country,3,1.245212592707917,-0.8786460405512241,0.4366752713584327
country.00026,country,3,1.5901345402863922,-1.3949433860557798,0.46150932657202737
country.00027,country,3,1.5946357175464054,-0.512480685359161,-0.7050854767460661
country.00028,country,3,1.7859559788345039,-1.4317586942697533,-0.38725940057372077
country.00029,country,3,1.9105677952190543,-1.6885660841933627,-0.2006271560832031
country.00030,country,3,2.338723441647276,-1.924586902311343,0.8173346976475528
country.00031,country,3,1.264524000968626,0.03593943377642805,-0.04755970471323353
country.00032,country,3,1.304835023508624,-0.5282601242909241,0.6648661640466201
country.00033,country,3,1.403491577631147,0.4707855178077404,0.19077606588912008
country.00034,country,3,1.6029944174307649,0.7510114402672452,0.4580331575437808
country.00035,country,3,1.4424207726248641,0.3228473729801275,0.015248611391034197
country.00036,country,3,1.631001138629208,-0.29878894905524694,1.2478557707054456
country.00037,country,3,1.3076483739779965,0.06355950641391156,0.32468155754998984
country.00038,country,3,1.6319304943957247,0.6124790492864972,-0.19941369431680062
country.00039,country,2,2.707668615749434,2.226938250104548,-0.7640403287194709
country.00040,country,3,1.4288734846326219,0.037955396125718785,-0.4934527535967183
country.00041,country,3,1.6509001517674524,0.6317850662056576,0.27152347715087705
country.00042,country,3,1.593278047655313,-0.09902248770094584,-0.6562636098133671
country.00043,country,3,1.6415655864280636,0.5412647674210315,-0.5142842909429359
country.00044,country,3,1.5718559736252182,-0.5822310190843697,0.8607951308825271
country.00045,country,3,1.7529185986315752,0.9600845850441236,-0.027863501149569564
country.00046,country,3,1.6084758035221118,0.03365812147690121,-0.2687347760827223
country.00047,country,3,1.4078521417665277,-0.6976422912482463,-0.32796484296307055
country.00048,country,3,1.2980182240355467,-0.7205762409942057,0.5182581039562704
country.00049,country,3,1.5556407366041167,-0.966311241797775,-0.3542168004788807
country.00050,country,3,1.182742939407186,-0.4097500680019856,-0.1558730451600714
country.00051,country,3,1.3218716987484334,-0.9064474236068415,0.33465488538744037
country.00052,country,3,1.9114258672830664,-1.772641810432596,0.4588835780814649
country.00053,country,3,1.7390177186083489,-0.13633434714421439,-1.2306967564480034
country.00054,country,3,1.489579356212328,-1.077029288656722,-0.3620426439810363
country.00055,country,3,1.856046860360102,-0.8602398989305756,-1.257583340245202
country.00056,country,3,1.5146811885907452,-1.2032689482890353,0.16241860749439366
country.00057,country,3,1.2773136825098517,-0.7473604843799895,-0.058422024222778514
country.00058,country,3,1.2485086252392843,-0.8037115914994025,-0.4041563916115898
country.00059,country,3,1.8796944593276417,-1.069629465636047,1.12908022218022
country.00060,country,3,1.6545929742809227,-1.1558004538302218,0.5983895727127627
country.00061,country,3,1.537168222070711,-1.267821289674058,0.15492130158766748
country.00062,country,3,1.4683647361071366,-0.17394640490452087,-0.9073246599234602
country.00063,country,3,1.7022000613898398,-0.9207884236413526,1.1445675004289486
country.00064,country,3,1.5836798835173418,-1.3965929790406508,0.22798449380206673
country.00065,country,3,2.3939390347267384,-2.2364244960362214,0.925278642636616
country.00066,country,3,1.6679034223084177,-0.9020196217666663,-0.9385127975457974
country.00067,country,3,2.5434704508079853,-2.135537064362852,1.376855807447012
country.00068,country,3,1.8042184622192956,-1.739639007685764,0.0966947693405461
country.00069,country,3,1.609159862755225,-1.5142579353621552,0.3192911942266167
country.00070,country,3,1.1306185057809166,-0.5299926042906288,-0.42669789690784826
country.00071,country,3,2.1162714035805505,-1.5126059010613162,0.9312672233007762
country.00072,country,3,1.606476608651179,-0.9702018988731805,-0.7458167169747524
country.00073,country,3,1.321289402362867,-1.114744415145325,-0.13425693872793507
country.00074,country,3,1.9476106601928824,-0.9478770098055777,1.23569672909568
country.00075,country,3,1.7239798544245433,-0.2764988096587493,-1.207436181876568
country.00076,country,3,1.9165006518712016,-1.0543320906917737,0.9586511905362012
country.00077,country,3,1.856641183172949,-1.1859608541720519,-0.9805394746722707
country.00078,country,3,1.9914758427395296,-1.5839043898470146,1.2569765748837116
country.00079,country,3,2.3129478390548113,-1.878686612458749,0.9806500144533686
country.00080,country,3,1.274125689167078,-0.04527065076008629,-0.11318744621126756
country.00081,country,3,1.1702502999377988,-0.028882604250912044,-0.38015497182124264
country.00082,country,3,1.4731896342822195,0.062401651823442546,-0.7360701772951799
country.00083,country,3,1.3491563288920834,-1.2351550460221978,0.1268469571830504
country.00084,country,3,1.1658339592312057,-0.4618922845346776,-0.3531120167247262
country.00085,country,3,1.2055636338795839,-0.9654255046145256,0.13209539281127225
country.00086,country,3,1.1767069349926123,-0.7476063949494095,-0.121048743286756
country.00087,country,3,1.3714920374051252,-0.9658605845580932,0.48942912311885267
country.00088,country,3,1.2901470662284096,-1.1444865869877503,-0.14751488132924034
country.00089,country,3,1.5602421510862121,-1.1698487418958485,0.9335284116048177
country.00090,country,3,1.2234253593302673,-0.3465921900269909,-0.5989528138801803
country.00091,country,3,1.455682332686524,-1.008422019277778,0.752499442192791
country.00092,country,3,2.0485799598082672,-0.008238134964595651,-1.5692586252744178
country.00093,country,3,1.5733551778931707,-1.032655417197244,0.7376939527087228
country.00094,country,3,1.2933335648338533,-1.0523742927041626,-0.11540539222085015
country.00095,country,3,1.2577880999775235,-0.6153955093437158,0.520206893695398
country.00096,country,3,1.23928662736212,-0.37090022223148505,-0.44133832330130157
country.00097,country,3,1.216555046307035,-0.5619213763002165,0.6021793767678175
country.00098,country,3,1.408661164136829,-1.2798104457417825,0.10653611220648568
country.00099,country,3,1.4064136796264997,0.1018005882194061,-0.6950217708524143
disco.00000,disco,2,1.9800096666012408,0.9061390736546476,0.8083589575225806
disco.00001,disco,2,2.0295109586100515,1.9327098490844763,-0.8683771614689669
disco.00002,disco,2,2.027431163207047,1.6827564853140125,-0.5213817472416408
disco.00003,disco,2,1.8024894544483179,1.643438288719712,-0.26790250253364783
disco.00004,disco,2,2.011227024578246,1.8181159894856997,-0.33987372880651534
disco.00005,disco,2,1.3985294879142642,1.139565367996987,-0.6735364053368833
disco.00006,disco,2,1.6875184590082937,0.7661075908587953,-1.4847160720731087
disco.00007,disco,2,1.4918199131696255,1.2152082399296098,-0.4387596140677334
disco.00008,disco,2,1.451566385230929,1.0783076916023175,-0.7230314755573172
disco.00009,disco,2,1.8329590883064595,1.6531174541401557,-0.5568066914433776
disco.00010,disco,2,1.467936201337634,1.1768319142474037,-0.9361019036516376
disco.00011,disco,2,1.7362099688507924,1.5507609067841022,-0.36360142415950075
disco.00012,disco,2,1.2983185991490993,1.0303774504066772,-0.2787901080156854
disco.00013,disco,2,1.900877517769376,1.7808934731141437,-0.4529910368258975
disco.00014,disco,2,1.639130097487645,1.1949607315515463,-1.312313743329277
disco.00015,disco,2,1.6201458186010576,0.21320673893475747,0.06356708545753677
disco.00016,disco,2,1.2206282220143265,0.6252761843709383,-0.5411640563244284
disco.00017,disco,2,1.6619374934731572,1.00311672658556,0.276118731467405
disco.00018,disco,2,1.7079263442239956,1.048098143883923,0.007478105441294408
disco.00019,disco,2,2.154349427717093,0.4556883957221625,0.6467450569840031
disco.00020,disco,2,1.2806683102379002,0.1921710962889095,-0.12036677216427402
disco.00021,disco,2,1.7277070892744855,1.033246102579964,-0.09381361657802552
disco.00022,disco,0,2.095108674676812,2.4014789662391878,-0.13785437786885604
disco.00023,disco,2,2.002786457665779,1.8576411989815038,-0.003632431648456423
disco.00024,disco,2,1.3430059419724678,0.35806069449840766,-0.5676380978926132
disco.00025,disco,2,1.5260917082096785,0.34489044115629414,0.3210820199047949
disco.00026,disco,2,1.733592901032019,1.5177286738908837,0.10146036273277832
disco.00027,disco,2,2.7404218106698135,1.3683844227262836,1.5217755508945996
disco.00028,disco,0,2.573448364115673,3.1789616733540336,-0.16250624275687492
disco.00029,disco,2,1.521868213415566,1.012879195446837,-0.6111124823548474
disco.00030,disco,2,1.8960279644257518,1.7450628906637868,-0.293930172957082
disco.00031,disco,2,1.7744344746157776,1.3939543963045622,-0.761858341090527
disco.00032,disco,2,1.523704405373427,0.4991470336333321,0.3082025777866212
disco.00033,disco,2,1.2564925522780357,0.48411234507417084,-0.6784180716880318
disco.00034,disco,2,2.1011701983484907,1.64563515728349,-0.9354035298408152
disco.00035,disco,0,2.076534175950279,2.392415765776942,-0.18345030690075764
disco.00036,disco,2,1.7853065739456415,1.320622190543277,-1.1889382724020656
disco.00037,disco,2,2.344658105409015,2.0960611759787593,-0.8145289984255468
disco.00038,disco,2,2.095929933856124,1.91526797554122,-0.2736654492509349
disco.00039,disco,2,1.5092697576912781,-0.0760129385029961,-0.3256077834111079
disco.00040,disco,2,1.2131754707441378,0.5746926854439113,-0.2241314886097894
disco.00041,disco,2,2.1101757569817012,-0.6438413844422789,0.6797283917347955
disco.00042,disco,2,1.247377818789153,0.2993603535778811,-0.8100129507238156
disco.00043,disco,2,2.241307715181667,1.6834786013028227,0.6034603105994405
disco.00044,disco,2,1.3724507804817188,0.27819217602570706,-0.1284001299007261
disco.00045,disco,2,1.7127442285398025,0.7978772824565935,0.25879249141123467
disco.00046,disco,2,1.2102506556022057,0.09996574320141857,-0.3954326552159513
disco.00047,disco,2,2.2549791324910218,-0.6100648112896627,0.7823314708543688
disco.00048,disco,2,1.248120913617069,0.8363868118558406,-0.7149083353335636
disco.00049,disco,2,1.3647751135318975,0.9710206239032982,-0.25033492574367666
disco.00050,disco,2,1.36929821377789,0.1969924295810245,-1.561678356581176
disco.00051,disco,2,1.497607911725791,0.6643560283705824,-1.6652594673374972
disco.00052,disco,2,1.5746078031403867,0.8731130598709124,-1.326537262319342
disco.00053,disco,2,3.1394160961419804,1.9492540735880317,1.1691365094740587
disco.00054,disco,2,1.8536268023880471,0.9174974885302674,0.6284879157395489
disco.00055,disco,2,1.096937947356845,-0.09343637571470857,-0.8352444468864914
disco.00056,disco,2,1.4261203890453809,-0.6508760032939467,-0.31537272669023364
disco.00057,disco,2,1.6219804354756375,-0.6981196208922715,-1.2874843627783943
disco.00058,disco,2,1.0694338519574775,0.3305401546826117,-0.34811383357353715
disco.00059,disco,2,1.3722877737441572,0.6313561672710322,0.04269324565151213
disco.00060,disco,2,1.2012813426602964,-0.21967638727821492,-0.5698211316185684
disco.00061,disco,2,1.718728507943289,0.35960330621131603,0.3305515934365828
disco.00062,disco,2,1.5561649112038303,0.5091760647321598,0.2521709647133668
disco.00063,disco,2,1.328961777196319,0.5005078578671008,-0.29536228448207086
disco.00064,disco,2,2.1259960059053755,-0.4922318731502722,0.6177137825669283
disco.00065,disco,2,1.7099298373207448,-0.5490514945429841,0.15719499289869013
disco.00066,disco,2,1.2312729807393914,0.8554733791705895,-0.4408571159723404
disco.00067,disco,2,1.2118259736577632,0.6055178632835522,-1.2301557085417434
disco.00068,disco,2,1.6483368971436048,1.4945484163226441,-0.8376823643844438
disco.00069,disco,2,1.5215943379032102,-0.5488992253675175,-1.0632795626355644
disco.00070,disco,2,1.2606906033691454,0.2879845359400864,-1.4489254586096196
disco.00071,disco,2,1.4546876227342367,1.1528214554886758,-0.9360181570726271
disco.00072,disco,2,2.1509824947917866,1.6332841551672836,-0.2270644862518835
disco.00073,disco,2,1.6433492556704257,1.2498627307799675,-1.1492729457746118
disco.00074,disco,2,1.3113858499567732,0.7704580302907716,-1.2007714510818233
disco.00075,disco,2,1.2648084322268254,0.4416956857067254,-1.405930003845921
disco.00076,disco,2,1.3346022455842066,0.03461883853950833,-0.82823732170349
disco.00077,disco,2,1.009093633882064,0.30587080585278525,-0.5576101445404537
disco.00078,disco,2,1.2624958979071068,-0.08344766327584015,-0.197807506405229
disco.00079,disco,2,1.1609166541948315,0.14600541455465194,-0.16779405524918467
disco.00080,disco,2,1.6466284717455337,-0.08153130660870432,0.276979632249025
disco.00081,disco,2,2.384923081218603,0.4223090563616209,1.1404679957988197
disco.00082,disco,2,1.8512431258180035,1.3362728580776395,0.3136561735580558
disco.00083,disco,2,1.4245845394545902,-0.033173847582231776,0.11517141358932821
disco.00084,disco,2,2.0519835894293443,1.0410724583346367,0.5282570526860225
disco.00085,disco,2,2.5423693099342697,1.7883637839286637,0.6645538672074135
disco.00086,disco,2,1.3997864101582715,-0.20601616558318456,-0.09998600119137266
disco.00087,disco,2,1.1090405697175025,0.0832561515286604,-0.8537278323044785
disco.00088,disco,2,1.2868794320611376,-0.02849399453372124,-1.2942347755305592
disco.00089,disco,2,1.1429196665606556,0.045080304196666275,-0.9343952905213125
disco.00090,disco,2,1.227425267021152,0.9023583063358238,-0.6912942686687884
disco.00091,disco,2,1.9515599272221913,0.011538419187884504,0.8646728891371559
disco.00092,disco,2,1.074295300934969,0.37710982040338026,-0.45536021103278307
disco.00093,disco,2,1.4602353332240905,0.7513338766272568,-0.20928383082157914
disco.00094,disco,2,1.3622696236660148,-0.23319200664034664,-0.9790682314451372
disco.00095,disco,2,1.6601386460405991,0.6752694148861197,0.4417055166255793
disco.00096,disco,2,1.1518144946129234,0.5716501878668553,-0.48960793244199446
disco.00097,disco,2,1.2029320138479822,0.5162433084622977,-0.839859754167238
disco.00098,disco,2,1.1283824514724714,0.3743019963833326,-0.857599224389247
disco.00099,disco,2,1.1283824514724714,0.3743019963833326,-0.857599224389247
hiphop.00000,hiphop,3,1.9651244929852762,0.8703510409168557,-0.48144881287282043
hiphop.00001,hiphop,3,2.1378087264987418,1.0499530077330388,1.0582562202567216
hiphop.00002,hiphop,3,1.5548954958466896,-0.6269164751276751,1.0034703692931892
hiphop.00003,hiphop,3,1.6366470216708888,0.401851936623985,0.4113745423715668
hiphop.00004,hiphop,0,2.227855196362541,0.8025070558128621,2.151850763451243
hiphop.00005,hiphop,3,1.9062274667395802,0.5702359745984468,-0.9808736755467533
hiphop.00006,hiphop,0,1.605639650324422,1.6897951193665137,1.2149175164970725
hiphop.00007,hiphop,3,1.3435563768695629,-0.010992164642480193,0.3601678948010089
hiphop.00008,hiphop,0,2.2445191304961956,2.1177680910562926,1.1742760687718055
hiphop.00009,hiphop,0,1.7193610883254178,0.9588623116533648,1.0033003892854702
hiphop.00010,hiphop,3,1.7066115038586624,0.23018122379926836,-0.8342490530337273
hiphop.00011,hiphop,3,1.3288265904667302,0.13900947712893058,-0.10277956858210051
hiphop.00012,hiphop,3,1.5493497337047064,-0.4717000488500674,-0.7389696238195033
hiphop.00013,hiphop,3,2.198764559760278,-0.2335975245765878,0.6881906023540262
hiphop.00014,hiphop,3,1.7686751526353397,0.41607923167640193,-0.8073108793817697
hiphop.00015,hiphop,3,1.5582453608395583,0.21682086454840713,-0.6205997175739147
hiphop.00016,hiphop,3,1.6843462031626923,0.7538839130240407,0.6461145798822756
hiphop.00017,hiphop,3,1.4596210582926583,-0.3295935006183668,-0.5918490142530679
hiphop.00018,hiphop,0,1.8674117204897485,1.801107853909919,1.133726524925023
hiphop.00019,hiphop,3,1.6489899437272282,0.6428945385144691,0.7508466146724357
hiphop.00020,hiphop,3,2.1278233020078705,0.7386710379765979,0.8666134127933054
hiphop.00021,hiphop,3,1.761145349622693,0.7897333790747978,-0.4752223592314913
hiphop.00022,hiphop,3,1.2436409482487207,-0.1937329812380115,0.45562912013751583
hiphop.00023,hiphop,3,1.8159726635367777,-0.07531131478976201,-1.1606610213158277
hiphop.00024,hiphop,3,1.6805548086435806,0.6752004051240661,-0.021899058449002817
hiphop.00025,hiphop,3,1.5822839703088156,0.6192166999173647,-0.13311546303225125
hiphop.00026,hiphop,0,1.8338040392459474,2.5478916869027133,1.286024909423541
hiphop.00027,hiphop,0,1.3411764249473341,1.3218356436715968,1.1248667545853932
hiphop.00028,hiphop,0,1.49969362339335,1.2116473515524602,0.6056804786593234
hiphop.00029,hiphop,0,1.3363427695765646,1.5558588683090402,0.5014457105563689
hiphop.00030,hiphop,2,2.4215570096766146,1.6126413314240164,-1.457550421039692
hiphop.00031,hiphop,0,1.6887151529853146,1.6214275099809856,-0.01975632274654511
hiphop.00032,hiphop,3,1.769245552192451,0.3999508103924488,1.2011097853201662
hiphop.00033,hiphop,0,1.4747592971245342,1.964609102698979,0.35201974219497123
hiphop.00034,hiphop,2,2.068984273085159,1.4273389190146089,-1.2180893225990725
hiphop.00035,hiphop,0,1.387747951352562,1.5344453233167632,1.1062879662478045
hiphop.00036,hiphop,0,2.813660169724463,1.6415115326887053,2.77096298673414
hiphop.00037,hiphop,0,2.8010329461028336,3.4413474401155115,1.9597998985999645
hiphop.00038,hiphop,0,2.529403844273178,0.17327183005226177,1.709005147693923
hiphop.00039,hiphop,0,2.003699504946376,1.7342822962394937,2.4595869494286986
hiphop.00040,hiphop,0,2.554193504547389,1.7248765017866323,3.026714511556915
hiphop.00041,hiphop,0,1.4381174592732355,0.9248960707341424,0.974385954089329
hiphop.00042,hiphop,0,1.3819923016988231,1.216307582215234,1.2687265037123896
hiphop.00043,hiphop,3,1.9030475646851692,-0.29595159756988826,1.2023753878863572
hiphop.00044,hiphop,0,2.0385225081790987,1.3663810858555447,2.16839305716517
hiphop.00045,hiphop,0,2.003699504946376,1.7342822962394937,2.4595869494286986
hiphop.00046,hiphop,3,1.5963089956853356,0.5402523799921559,0.9876694367093855
hiphop.00047,hiphop,0,1.4405557062581698,1.8897897785059712,1.3468312142105567
hiphop.00048,hiphop,3,1.7758168027514258,0.22514280311107257,0.7744437766270685
hiphop.00049,hiphop,0,1.792278185055355,0.9994252359254799,0.36643973273256564
hiphop.00050,hiphop,3,1.906755295051452,-0.8564759261410788,1.2714231565969003
hiphop.00051,hiphop,0,1.504517310659361,1.2544900417946405,1.2442345128739312
hiphop.00052,hiphop,3,2.1231469483171077,0.9133118671506238,1.1513473383634385
hiphop.00053,hiphop,0,1.4222422517197102,1.4206125249175507,1.276194266369983
hiphop.00054,hiphop,0,1.4580145775539333,1.6130051329443587,0.470067810897695
hiphop.00055,hiphop,3,1.4081806209327352,-0.3002366822075569,0.581474470892062
hiphop.00056,hiphop,3,1.4662964603206727,-0.24889569779400475,-0.14389626668393246
hiphop.00057,hiphop,3,1.6134588909467986,-0.6775842721897654,0.3027175368652315
hiphop.00058,hiphop,0,1.3244168657001334,1.6477881920003903,0.9782641725337974
hiphop.00059,hiphop,3,1.4159460155507555,-0.2142062630976177,0.5698347978358389
hiphop.00060,hiphop,3,1.501388121186736,-0.6858564218093526,0.66300831355166
hiphop.00061,hiphop,3,1.4210131181768042,-0.6007327182597821,0.3679549896851269
hiphop.00062,hiphop,0,2.221735746947385,1.4929789524635182,2.7237062669436307
hiphop.00063,hiphop,0,1.5723932528310112,1.4490559299343646,1.6919970936417268
hiphop.00064,hiphop,3,1.5372188116526102,0.33496261227669744,0.939110399148271
hiphop.00065,hiphop,0,2.080304135633107,1.343450721588679,2.4740314788655633
hiphop.00066,hiphop,3,1.5732146450625137,0.23220025674109745,1.1911189286120278
hiphop.00067,hiphop,0,1.386354800689787,1.9086525636822347,1.2976936431854063
hiphop.00068,hiphop,3,1.5139049019680795,0.5490558828554354,0.5421042932769486
hiphop.00069,hiphop,0,1.398222845384706,1.7836806797420612,0.9144704908118035
hiphop.00070,hiphop,3,2.0831905702829685,0.5738658348429834,1.0462377014203321
hiphop.00071,hiphop,0,1.5763155039955603,1.9465993107783857,1.229549467155985
hiphop.00072,hiphop,3,1.7752249633425565,-0.46856462643031155,1.26775881709157
hiphop.00073,hiphop,0,1.6717468145851067,1.3650919179693908,1.725674995827539
hiphop.00074,hiphop,0,1.540982346718397,0.9787685964027368,0.4986068618675288
hiphop.00075,hiphop,0,2.2936680059288124,2.7610003393794424,2.259868030399164
hiphop.00076,hiphop,0,1.787215272564508,1.0471032808113265,2.1685779751970795
hiphop.00077,hiphop,0,1.259465677939941,1.6568863433763752,0.8230286002842985
hiphop.00078,hiphop,0,1.787215272564508,1.0471032808113265,2.1685779751970795
hiphop.00079,hiphop,0,1.8915636588958424,2.526229820423823,1.5995081543305099
hiphop.00080,hiphop,0,1.680724068493514,2.1380036069585953,0.07918370626202073
hiphop.00081,hiphop,3,1.5889287756780854,-1.1522990157268602,0.6798136435605486
hiphop.00082,hiphop,3,1.796093732857349,0.5615312622259057,-0.4916264687335801
hiphop.00083,hiphop,3,1.4927248503926054,0.3430333612002842,-0.3038152150764482
hiphop.00084,hiphop,3,1.8321708781217816,0.3652090873065645,1.0134547986535758
hiphop.00085,hiphop,3,1.9299999134970596,0.7221258659478594,-0.63035668561123
hiphop.00086,hiphop,3,1.3636406134764223,-0.1183481007820474,0.47023866177082074
hiphop.00087,hiphop,3,1.7906398540372663,0.5965791699099895,0.09831371570128293
hiphop.00088,hiphop,3,2.0086749187931954,0.8217961590791717,-0.8173751829033111
hiphop.00089,hiphop,3,1.828628904602903,0.607742473435795,-0.6508480967531837
hiphop.00090,hiphop,3,1.7035666782886687,0.012678076006704894,-0.8554756143784795
hiphop.00091,hiphop,3,1.8534292450314074,0.7283687360047982,-0.5036885630515731
hiphop.00092,hiphop,3,1.5706889474989987,-0.33073778616343613,-0.23731726416893126
hiphop.00093,hiphop,3,2.439715519210805,1.2637704253974966,0.09537607637317287
hiphop.00094,hiphop,3,1.5654389751987527,-0.8562620431977642,0.3872904491597091
hiphop.00095,hiphop,3,2.2494939027363077,0.8643200066780947,-1.17751315078956
hiphop.00096,hiphop,3,1.506202478810664,-0.8033121747578454,-0.5222623342659678
hiphop.00097,hiphop,3,1.8058512316721074,0.634369023474769,-0.5850998341066614
hiphop.00098,hiphop,3,1.6234988226074163,0.3819190413378055,-0.35655672885078543
hiphop.00099,hiphop,3,1.9542393573779049,0.2447552359311252,1.2626314065007074
jazz.00000,jazz,4,1.9521199954585866,-0.8528511305330956,1.10417961431263
jazz.00001,jazz,4,1.4981270472066568,-1.530050206565362,0.7335231041733984
jazz.00002,jazz,4,1.8108180083043577,-1.8927516313144401,0.6549469957387092
jazz.00003,jazz,4,1.9378136200279792,-2.5007529526550134,0.680770859756735
jazz.00004,jazz,4,1.4230265047746449,-2.1368570091620844,0.38884662206166926
jazz.00005,jazz,4,2.004312816303535,-1.7128751697536737,1.5005980054388612
jazz.00006,jazz,4,1.5795651528080246,-1.7026378076422444,0.7550956845752949
jazz.00007,jazz,4,1.8256599548510482,-1.9703696921935756,0.7371080598826188
jazz.00008,jazz,4,1.2994047491909688,-1.663729635975215,0.02837666781814595
jazz.00009,jazz,4,1.9378283242964682,-2.6423770211297586,-0.20246453398913009
jazz.00010,jazz,4,2.4122182033194863,-2.449537891568427,1.2994666744012422
jazz.00011,jazz,4,1.6088357805350408,-1.2018832834898892,-0.8015797007952818
jazz.00012,jazz,4,1.4937658072132955,-1.4873737702526502,-0.6993259345189196
jazz.00013,jazz,4,1.8271846973103318,-1.490631064396419,-0.9578271706158924
jazz.00014,jazz,4,1.5167531929896538,-1.8572781618830616,0.942316972007128
jazz.00015,jazz,4,1.6357009352660372,-1.2614002583335064,-0.895265694704001
jazz.00016,jazz,4,1.1053032409543193,-1.4887501529382945,0.17368531637995044
jazz.00017,jazz,4,1.3767561205977483,-0.8340810153957314,-0.09314171515423063
jazz.00018,jazz,4,2.207594976926391,-1.0248796522030712,-1.509294738636326
jazz.00019,jazz,4,1.474083746616431,-1.8459976843197994,-0.49726642963321654
jazz.00020,jazz,4,1.599035386824491,-2.191725643398471,0.33626478686151157
jazz.00021,jazz,2,2.340825021659312,1.5854461979032353,-1.0882459085692044
jazz.00022,jazz,4,1.4647650148948366,-1.7434978351353867,0.1795178252725705
jazz.00023,jazz,4,1.7490947056569484,-0.8905399517449263,-0.5035446786869765
jazz.00024,jazz,4,1.6418201623236544,-0.37475355281581435,-0.2191585444578244
jazz.00025,jazz,4,1.2715349630371477,-1.4212633235378722,-0.0622978506779975
jazz.00026,jazz,4,1.9161422103952228,-1.1792488021422363,1.2733901719860972
jazz.00027,jazz,4,1.7498826776407268,-1.3354453879694987,-0.881054673276132
jazz.00028,jazz,4,1.493814161693904,-1.3211243521520377,-0.6737893386101
jazz.00029,jazz,4,1.9600342870824348,-0.5989092639094666,-1.0375142844957612
jazz.00030,jazz,4,1.5081817291389459,-0.7483515820331159,0.10228883313950829
jazz.00031,jazz,4,1.7171553044597998,-1.2549094172853026,-0.9501881065720504
jazz.00032,jazz,4,1.239449006640976,-1.2949310569413393,0.1701987178151008
jazz.00033,jazz,4,1.482803328496531,-2.0690117506481203,0.13114123222199162
jazz.00034,jazz,4,1.555657044473405,-0.7539663207726877,-0.20917467050397548
jazz.00035,jazz,4,1.7951620182638237,-2.5666651915359004,-0.20328681242120814
jazz.00036,jazz,4,1.6609014599028322,-0.7226694145921922,0.04904365548215821
jazz.00037,jazz,4,1.21720272529577,-1.885335030278935,-0.127540966025717
jazz.00038,jazz,4,1.4475883040705422,-1.5297830529688252,-0.6249675548168329
jazz.00039,jazz,4,1.5915464666086214,-1.502307720983083,0.5009682271025043
jazz.00040,jazz,4,1.363888018958805,-1.6662019999624542,0.02944106128378959
jazz.00041,jazz,4,1.6719184180989193,-0.9573927130939034,0.32982460925415885
jazz.00042,jazz,4,1.3563831049195811,-1.6291200544158506,0.17547638304049976
jazz.00043,jazz,4,1.5185346238135684,-1.1148073092942183,-0.2743448278449611
jazz.00044,jazz,4,1.2848970729054112,-2.044701796751446,0.32171403011865574
jazz.00045,jazz,4,1.6748063902878632,-2.407741880942707,-0.3427242596881381
jazz.00046,jazz,4,1.319347495809961,-1.9693483240263117,-0.032044297091641756
jazz.00047,jazz,4,1.9112984809474987,-0.495506293646421,-0.8204186048885596
jazz.00048,jazz,4,1.537435072595043,-1.1855083437972338,-0.8176105359554738
jazz.00049,jazz,4,1.8267779347577313,-0.612573407483366,0.9281824204971781
jazz.00050,jazz,4,2.3963093212509055,-0.29298438302871344,-1.1448597982897428
jazz.00051,jazz,4,1.4535388843198205,-2.0472473993287266,0.11710299520247978
jazz.00052,jazz,4,1.8598835083601213,-0.24652029076607418,-0.22984978933797323
jazz.00053,jazz,4,1.55852463272462,-0.6459495850550131,-0.1568505271341624
jazz.00055,jazz,4,1.7761396344153713,-2.543601510177582,-0.22713889014237143
jazz.00056,jazz,4,2.62649437565167,0.44174559698507576,-0.9617093148156814
jazz.00057,jazz,4,1.1521680928240075,-1.5382357353380087,0.36715230620496414
jazz.00058,jazz,4,1.670916056024773,-0.6530303277772102,0.05688628478051707
jazz.00059,jazz,4,1.35231658886231,-1.5220075158494648,0.5567067266638683
jazz.00060,jazz,4,1.2555769532399128,-1.6727348630265162,-0.02312875909803471
jazz.00061,jazz,4,2.240084749041624,-0.18336167616374294,-1.0440559729723329
jazz.00062,jazz,4,1.4456990205466278,-1.3074340495909127,-0.4552084582263914
jazz.00063,jazz,4,2.479815918563629,-0.23256531739784328,-1.3930544768963424
jazz.00064,jazz,4,2.1464730042582434,-1.5181852048709439,-1.3173861095728034
jazz.00065,jazz,4,1.5179762158604675,-1.476096403102615,0.4834645631345457
jazz.00066,jazz,4,1.5245302021180012,-1.1148473008156639,-0.4054522503217078
jazz.00067,jazz,4,1.3268835145497928,-1.604056933495063,0.04118283621073816
jazz.00068,jazz,4,1.364497989386642,-1.5905561503984875,0.13429813560991383
jazz.00069,jazz,4,1.5230465174439105,-0.7994332130084241,0.010945453479893669
jazz.00070,jazz,4,1.3145515809549577,-1.890502838046116,0.28613646702131806
jazz.00071,jazz,4,1.6841278195627927,-2.367863155060981,-0.3618384402212041
jazz.00072,jazz,4,1.2844633293520837,-1.9412271207899747,-0.055118582825062525
jazz.00073,jazz,4,2.5258115727211985,0.4958278108434148,-0.5958561483420304
jazz.00074,jazz,4,1.8625999698983617,-0.13761962663117164,0.33049468046797964
jazz.00075,jazz,4,2.5030439108444984,0.4314287159362532,-0.6581743767862805
jazz.00076,jazz,4,1.3299453715289022,-1.2486480502745472,-0.09975844468461613
jazz.00077,jazz,4,2.488064518724365,0.3078569466212338,-0.8849417318652488
jazz.00078,jazz,4,1.7708100876387092,-0.26024493489032563,0.17879554954653326
jazz.00079,jazz,4,2.237357165340247,0.09857863361368416,-0.46613551941455456
jazz.00080,jazz,4,2.8433323786271867,0.5174528070666461,-1.2330636441291065
jazz.00081,jazz,4,2.94498041386594,0.9527844793029742,0.33923896275260423
jazz.00082,jazz,0,2.601150381477976,2.989946006131865,0.1260591898132801
jazz.00083,jazz,4,3.262133832106141,1.3958436807371826,-0.613445037677287
jazz.00084,jazz,4,2.5732317814547043,0.5876210882963041,-0.6256082017442764
jazz.00085,jazz,4,2.6283532531106304,0.6819273188059697,-0.7207807082614126
jazz.00086,jazz,0,3.182721815414279,3.04629919100144,-0.6231473126429572
jazz.00087,jazz,4,2.245779632592782,-1.1169520628782645,1.5619680359399066
jazz.00088,jazz,4,1.8813985238149324,-0.496677758089214,0.3631651774967547
jazz.00089,jazz,4,2.056964078024505,-0.7196257308152215,0.9933229776511862
jazz.00090,jazz,4,1.9211811765903926,-1.2329914579542485,-0.5143162314598357
jazz.00091,jazz,0,2.6630003648515856,2.4456057319769973,2.113623482718928
jazz.00092,jazz,4,2.909909112576463,0.3995016942581534,1.4859849891334362
jazz.00093,jazz,4,1.846772251248083,-0.6720976873459007,-0.6061444132214249
jazz.00094,jazz,4,1.4701665017816563,-2.1587683011820507,0.8350326541456357
jazz.00095,jazz,4,1.4426680788606792,-1.172659642400926,-0.31504307191746894
jazz.00096,jazz,4,1.6323830593173634,-0.6513082927113943,0.7200831652980914
jazz.00097,jazz,4,1.8088338099309036,-2.1198383844821325,0.7922629448601824
jazz.00098,jazz,4,1.557167311151113,-0.9621436902133799,-0.3303164707892842
jazz.00099,jazz,4,1.3867343348394745,-1.6486544378708246,0.1538574872571925
metal.00000,metal,1,1.4313461057763786,1.4759997189796574,-1.7780172830483567
metal.00001,metal,1,0.854623283127804,0.8675376002336718,-2.0258952088136906
metal.00002,metal,1,1.0068451381309,0.010144519268214145,-1.9763114700201896
metal.00003,metal,1,0.6316590727253488,0.8634031804510831,-2.170824534077419
metal.00004,metal,1,1.50604763916424,1.6501609558018457,-1.7742024393729525
metal.00005,metal,1,0.7589773567301286,0.2313522513075398,-1.6292312751596005
metal.00006,metal,1,1.5174152545989386,1.7107393013117953,-1.4610930912004836
metal.00007,metal,1,0.9292682262713579,1.0482918649468274,-2.0540745157329203
metal.00008,metal,3,2.3520714559053277,1.5779323647602352,-0.23642465780373179
metal.00009,metal,1,1.4716091529979702,-0.39938014051974824,-2.147065892123746
metal.00010,metal,1,1.1620106063960813,1.2000729368766483,-2.5799670935058145
metal.00011,metal,1,1.1762866512559145,0.4304683684655158,-2.940891855551392
metal.00012,metal,1,0.9154005256177185,0.6353135701698062,-2.6202887045493672
metal.00013,metal,1,1.1137472037554939,1.1357960509074883,-2.585462510365644
metal.00014,metal,1,0.9252686798715788,0.7952954684687504,-2.261783248885275
metal.00015,metal,1,0.8905983156276931,0.8207796035635329,-2.4278280400658865
metal.00016,metal,1,0.8865724127522578,0.9085434819238091,-2.1863927578157636
metal.00017,metal,1,0.5744973935501475,0.7969831110858852,-2.200815786409659
metal.00018,metal,1,1.3787248967752943,0.569308598986006,-2.103819737321369
metal.00019,metal,1,0.7016707571834823,0.79417312202763,-1.7485412456300078
metal.00020,metal,1,0.5178756623228413,0.6467062417036349,-1.9833627202407875
metal.00021,metal,1,0.9816134585225595,1.2157144082662685,-2.1531277718754196
metal.00022,metal,1,1.3434662522397287,-0.34327324086138716,-1.979863020341615
metal.00023,metal,1,0.8024805823310087,0.37209580325920905,-1.8551524144854818
metal.00024,metal,1,0.7059095376052147,0.3708092854332115,-1.8575332818259103
metal.00025,metal,1,1.0869346782447453,0.3163003852094062,-1.235716582362555
metal.00026,metal,1,1.1425740767940202,0.9367771650395615,-2.616494347608324
metal.00027,metal,1,0.8930626718562565,-0.015840482870448303,-2.328118695409392
metal.00028,metal,1,0.9872330224160132,0.8693096487360099,-2.725535086861753
metal.00029,metal,1,0.9752646034157181,1.1164887190286314,-1.534690923731821
metal.00030,metal,3,2.254383955415868,-1.2729740206401066,-1.1869770541289992
metal.00031,metal,1,0.6992634320829954,0.36684739823416546,-1.8529563602453365
metal.00032,metal,1,0.6543807168693231,0.4095068824599285,-1.7328212362959603
metal.00033,metal,1,1.6769816791604193,0.036524552409470785,-1.1015985025619421
metal.00034,metal,3,2.3911510336355284,1.1377889839465123,-1.0203872964980156
metal.00035,metal,1,0.9552896394519618,1.065317421633419,-1.5778503685635907
metal.00036,metal,1,0.42823478432921025,0.7910844192140184,-2.023114239596655
metal.00037,metal,1,0.9910593095451876,0.15667897172028766,-1.9964043384834285
metal.00038,metal,3,2.570525703834933,0.7986918208697157,0.4555257531963604
metal.00039,metal,3,1.6222184882956405,-0.2849340700695359,-0.49381470854924436
metal.00040,metal,1,0.5815128858089816,0.8872446829149913,-2.0511016128671127
metal.00041,metal,1,0.8942072982338714,0.1096890505398399,-1.8907264908992714
metal.00042,metal,1,0.7491303524125102,0.2971617665245019,-2.2907654469201484
metal.00043,metal,3,2.48746451164255,1.1916652752936479,-1.0028093359220605
metal.00044,metal,1,0.6459191524478383,0.8440612583409185,-1.9836530928796718
metal.00045,metal,3,2.015917948163619,0.7037926094939584,-0.5763119143112059
metal.00046,metal,1,0.795087490072676,0.5719601145759915,-2.6429003381824394
metal.00047,metal,1,0.7004540444607027,1.015358648299099,-2.316035381167396
metal.00048,metal,1,0.8862011431772144,0.6843706320686906,-2.663790350049156
metal.00049,metal,1,1.1115275380653682,0.8832893664723931,-2.8503220320882625
metal.00050,metal,1,0.8780693439115027,0.80686214762937,-2.480810322999942
metal.00051,metal,1,1.6325083362804693,1.8329647567096972,-2.4469939883239067
metal.00052,metal,1,0.849488289907918,0.9353857327436947,-1.5645409456299968
metal.00053,metal,1,0.7291959719379153,0.7635760715074459,-2.377288785027335
metal.00054,metal,1,1.0033217057126855,1.2408092189396647,-2.5119515356085462
metal.00055,metal,1,1.0723708402275265,1.0972773466507582,-2.543597195982387
metal.00056,metal,1,0.8263516126832158,0.9244053773253696,-2.4050766228898235
metal.00057,metal,1,0.6900538156538248,0.6457665382208022,-1.5355837915384243
metal.00058,metal,1,0.711076471418871,0.2824293320340923,-2.340548304502424
metal.00059,metal,1,0.9176757125004626,0.25043595588025896,-2.627346878026873
metal.00060,metal,1,0.8643150460740182,0.20729065625162188,-2.341279367000837
metal.00061,metal,1,0.5815128858089816,0.8872446829149913,-2.0511016128671127
metal.00062,metal,1,0.8942072982338714,0.1096890505398399,-1.8907264908992714
metal.00063,metal,1,0.7491303524125102,0.2971617665245019,-2.2907654469201484
metal.00064,metal,3,2.48746451164255,1.1916652752936479,-1.0028093359220605
metal.00065,metal,1,0.6459191524478383,0.8440612583409185,-1.9836530928796718
metal.00066,metal,3,2.015917948163619,0.7037926094939584,-0.5763119143112059
metal.00067,metal,1,0.9966213106049071,-0.005533635130619697,-1.4582898912637725
metal.00068,metal,1,1.0911445938909814,0.19951103799473474,-1.3354358977573138
metal.00069,metal,3,2.0281942704225306,-1.0284191243681624,-1.1460875804943924
metal.00070,metal,3,1.980948354814068,0.8971559810396849,-0.33742426734492914
metal.00071,metal,1,1.0678814016574814,0.8355718339302558,-1.2561897854916022
metal.00072,metal,1,0.9068925973806318,0.024244455669176226,-2.0600431638908225
metal.00073,metal,1,0.9600155123810953,0.5033823144830338,-1.3130672241303059
metal.00074,metal,1,1.130479318580303,0.8640243509803222,-1.1705345677795984
metal.00075,metal,3,1.5093695224054282,-0.1678508290475581,-0.661530935535402
metal.00076,metal,1,1.0891214593917886,0.8486530834765653,-1.590599808806851
metal.00077,metal,1,0.633666963017523,0.5713228555388805,-2.304186763149903
metal.00078,metal,1,0.994832086537364,0.8524959591998625,-1.366173474218527
metal.00079,metal,1,0.6922295197985582,0.6136706389883493,-1.5433112539578475
metal.00080,metal,1,0.998960432671798,0.8143430583663746,-1.2930148841432658
metal.00081,metal,1,1.1931027320428615,-0.22748435128517752,-2.2665437374654096
metal.00082,metal,1,0.7162261641945813,0.07812573701516512,-2.1347913364560234
metal.00083,metal,1,1.049543602859443,0.35327088718697536,-1.6151467401389328
metal.00084,metal,1,0.8065686038651085,0.5876834925577902,-1.4735660691132932
metal.00085,metal,1,0.8071643968528872,0.5481843404574571,-1.6628294048147534
metal.00086,metal,1,0.5989247249103399,0.746144467649381,-1.806909894991657
metal.00087,metal,1,1.2319521757291017,1.3798554860733412,-2.0820566824694704
metal.00088,metal,3,1.3586194878171591,-0.29843435850479555,0.04542716252792626
metal.00089,metal,3,2.216695718194364,-1.3417087030843344,-0.9602483670269621
metal.00090,metal,1,1.5419983459754545,-0.24331453200353784,-1.3772250848538043
metal.00091,metal,1,1.1526777201760308,0.11884906252520085,-1.3394921312774226
metal.00092,metal,1,1.4063309427403556,-0.393763949065032,-1.44258490902019
metal.00093,metal,1,0.810871317492214,0.32753782697393385,-2.2982125209305084
metal.00094,metal,3,2.3911510336355284,1.1377889839465123,-1.0203872964980156
metal.00095,metal,1,0.9117877974352389,0.36340684179992744,-1.4265726897626072
metal.00096,metal,3,1.8240509712551947,0.7385445258968237,-0.6455853721806555
metal.00097,metal,3,1.5963218994188961,-0.32735169224099764,-0.5231528982456143
metal.00098,metal,3,1.6080869986398634,0.2791243025211229,-0.16425168499435444
metal.00099,metal,3,1.6325634943187632,0.32740801952257437,-0.7699757284434686
pop.00000,pop,0,1.1764328929618226,2.0924104775506303,1.2127960830951856
pop.00001,pop,0,1.619253670563561,2.6261100699590925,1.7344260300262633
pop.00002,pop,0,1.3218128769836675,1.6935941216273778,0.3708325787162316
pop.00003,pop,0,2.195155881587329,0.06645445403187447,0.573383301690827
pop.00004,pop,0,1.7182059910940108,1.3395789608132274,-0.2237390731021576
pop.00005,pop,0,2.439851980189923,0.21248063114024027,1.1024812569783111
pop.00006,pop,0,2.148223229946435,0.04600529103983271,0.5588898097544382
pop.00007,pop,0,2.404353978847017,-0.027872701205500016,1.7744136282837852
pop.00008,pop,0,1.3088647696775324,1.7278119087339077,0.41951964768351335
pop.00009,pop,0,1.812995230740301,1.7483519337895161,-0.4326487022719227
pop.00010,pop,0,2.19294806655502,-0.05124973463164144,0.6913434935002288
pop.00011,pop,0,2.1952701430882584,-0.06163922390371483,1.1125633185805743
pop.00012,pop,0,1.6253726673603486,0.9930873563491459,-0.14896254921591864
pop.00013,pop,0,2.3892327073502373,-0.16959000428068458,1.3841185508955565
pop.00014,pop,0,2.6957881475690013,-0.20029083004921058,-0.5546859125203122
pop.00015,pop,0,1.0564262909293565,1.8992576564066233,0.4680439431169254
pop.00016,pop,0,1.0907211989499745,2.066689355818835,0.9468197880492412
pop.00017,pop,0,2.1087488642279872,0.8734048163140415,-0.6291386498530801
pop.00018,pop,0,1.315418222895402,1.79777339836466,0.2617962194421974
pop.00019,pop,0,1.332762246947082,2.4726021331283063,0.9048654390349897
pop.00020,pop,0,1.7829527596043087,2.347823656102667,-0.2562790531797979
pop.00021,pop,0,1.569334008446816,2.4463660632866384,0.28540040459292615
pop.00022,pop,0,1.0473955375312742,1.8892508581450411,0.4748315094017842
pop.00023,pop,0,1.5868810545106582,2.9822298404665,1.028906625021634
pop.00024,pop,0,1.0570782183440341,1.9510836534769969,0.4694957471113259
pop.00025,pop,0,1.2530923894059456,1.7292033871139854,1.5186254029237014
pop.00026,pop,0,1.2763034542980949,0.9104326206534549,0.9510572043389997
pop.00027,pop,0,1.417942438725964,0.7960287175047991,0.5087498660974861
pop.00028,pop,0,1.5019865058084927,1.179032063674979,0.0014660533930051273
pop.00029,pop,0,1.4606087365744218,1.0152857613378792,0.18047413609844296
pop.00030,pop,0,1.5016730800154392,1.5482648447243483,-0.09294392083750475
pop.00031,pop,0,1.487946810297052,1.614237660427988,-0.05809051418591723
pop.00032,pop,0,2.884552808731116,4.152906797608876,1.369790693905609
pop.00033,pop,0,1.7759785190247264,0.899401997399647,0.22772094798542902
pop.00034,pop,0,0.9422520047562973,1.8611330754431683,0.8568861171989667
pop.00035,pop,0,1.8116947396584,1.6822432862181174,-0.4468228824505723
pop.00036,pop,0,1.0642137890234518,1.8115880128422959,1.090637774906558
pop.00037,pop,0,1.555125025050845,1.7237284864271358,-0.08789626529998268
pop.00038,pop,0,1.3213786384052892,1.8100464182734102,0.06594957417493337
pop.00039,pop,0,1.8430225176158688,3.0489387060082693,0.7389074815247616
pop.00040,pop,0,2.5260580974464695,-0.3582943629153885,0.05918176668590219
pop.00041,pop,0,2.005005770658954,-0.0010871536487983462,1.2345806837624376
pop.00042,pop,0,1.0494544380212742,1.6494362770247322,0.3725014478721562
pop.00043,pop,0,1.2647973026571921,1.3470213444258359,0.6464912544439863
pop.00044,pop,0,1.1210690173075375,1.5383465987907572,0.488950400155767
pop.00045,pop,0,1.01879427524803,1.6788102202237116,1.4713178212455376
pop.00046,pop,0,1.025157131023552,1.6375131616408587,1.486860928437673
pop.00047,pop,0,0.9949150874449112,1.5238146892745579,0.7055906087965497
pop.00048,pop,0,2.1204473189831106,3.0786236702149643,0.3283461822117086
pop.00049,pop,0,2.1169176449672484,0.21351081870788247,1.9842814543042386
pop.00050,pop,0,0.9732797989934242,1.8808736533489048,1.4847815824417097
pop.00051,pop,0,2.548045982503569,3.708379982127497,0.24892902567157021
pop.00052,pop,0,1.5540701016278595,2.6300379160134524,1.1044437618662855
pop.00053,pop,0,2.576038063844549,1.2390222340822528,2.307063937869427
pop.00054,pop,0,1.1636299799510508,2.296909664758491,1.3515245294027713
pop.00055,pop,0,2.3818549625004497,3.3954738447623307,1.6767899667443595
pop.00056,pop,0,2.339268990094926,3.258898162873675,2.3415887968395825
pop.00057,pop,0,1.5169989654364258,2.606824183149787,1.078505115536274
pop.00058,pop,0,1.4981501136711874,2.3756706133903656,1.6772590639964025
pop.00059,pop,0,2.2907103881763695,3.2275392463775874,2.277365691711666
pop.00060,pop,0,1.1636299799510508,2.296909664758491,1.3515245294027713
pop.00061,pop,0,1.2052239758127299,1.77331505893591,1.4193891184261125
pop.00062,pop,0,2.4723867868123004,0.06668391108847088,0.13455853477999904
pop.00063,pop,0,2.7512925795169667,-0.6247545176470256,-0.06446014997375092
pop.00064,pop,0,2.4472477150326997,2.909369854133961,1.6576710594228292
pop.00065,pop,0,1.4661394291184666,0.5744346272926771,0.6164642459921196
pop.00066,pop,0,1.3806154239077408,0.8943431872641316,0.8311844532489528
pop.00067,pop,0,1.968151245062889,3.183764153860182,0.6748013852829478
pop.00068,pop,0,1.4333476849064382,2.494661466676412,1.212558485043577
pop.00069,pop,0,2.4035719727053273,0.29954073221821315,-0.5920458402815651
pop.00070,pop,0,1.1043832301407381,1.7387684362945552,1.4426076457204464
pop.00071,pop,0,1.968151245062889,3.183764153860182,0.6748013852829478
pop.00072,pop,0,2.179105977767385,0.8301264469139241,-0.6749174449975603
pop.00073,pop,0,1.4566028667249622,2.3524731181250726,0.16321494329337868
pop.00074,pop,0,1.760076952408897,2.3983702182408835,2.0473033240087815
pop.00075,pop,0,1.347376507412719,2.472328547965663,0.7053431131118321
pop.00076,pop,0,1.1715275685323967,2.0815956542540333,0.7177716748706492
pop.00077,pop,0,2.270495975740128,3.5014737265056337,0.8614808483896313
pop.00078,pop,0,0.8789678056189149,1.980526224990486,1.0757097001415192
pop.00079,pop,0,1.8491342367534258,0.3449725420895324,1.3118630143072119
pop.00080,pop,0,0.9917579447082466,1.5261305726701357,0.7084165781778612
pop.00081,pop,0,2.0674592043812274,0.09482931097401974,0.29089870357225367
pop.00082,pop,0,1.7698741675707967,1.0369870974244053,0.06669603826122758
pop.00083,pop,0,2.0117056235034156,0.25082133251726385,0.20090482750769284
pop.00084,pop,0,2.3210839358082955,2.9218438677345855,2.521148483025398
pop.00085,pop,0,1.1965373414420795,1.284539833753569,1.3729212236169273
pop.00086,pop,0,2.0441520920300937,2.2270983121310493,-0.6113818383134325
pop.00087,pop,0,1.433282029841479,2.3029756991309127,0.2766531430220302
pop.00088,pop,0,1.496502760395788,2.7453234508839275,1.3026895212426706
pop.00089,pop,0,1.3353247606439993,2.533322789727121,1.2751088230774361
pop.00090,pop,0,1.4491212574383632,2.3151361532581447,0.2657256033855509
pop.00091,pop,0,1.5667763967589647,2.5929857824760805,0.3657396897619539
pop.00092,pop,0,1.1138625770473947,1.9385591326307459,0.3783201785838083
pop.00093,pop,0,1.949900488400699,1.2595947288757263,-0.5541044288826142
pop.00094,pop,0,1.3551018505082362,1.223637838673399,0.23693644468989405
pop.00095,pop,0,1.1295668367491063,1.2876752389295254,0.8382846816943235
pop.00096,pop,0,1.2012420474191232,1.436305350647559,1.1031402575663107
pop.00097,pop,0,2.6083527871579077,3.2121230967522747,2.571296204601957
pop.00098,pop,0,1.6008318884677057,2.4286913687579803,0.31441915754372507
pop.00099,pop,0,1.3440723566153205,0.8591811901755334,0.8682320689219866
reggae.00000,reggae,3,1.3240102018526176,-0.3760049047081745,-0.11751454325857592
reggae.00001,reggae,3,1.3962170948825607,-0.8565010181739675,0.16992171165999348
reggae.00002,reggae,3,1.3343562990932347,-0.6218257233699143,0.7590976355404044
reggae.00003,reggae,3,1.6913394890445963,0.0012695697730215158,1.301874036109871
reggae.00004,reggae,3,1.5807381074855302,-0.245483056302191,1.0135843777972187
reggae.00005,reggae,3,1.2121730237972146,-0.6263186477321375,0.5708890839376256
reggae.00006,reggae,3,1.6575465827561877,-0.7538117405015494,1.2639376633035437
reggae.00007,reggae,3,1.599624153333857,-0.6217651705957616,1.038180579072442
reggae.00008,reggae,3,1.5560767402469158,-0.6039879187934107,1.1210785573093107
reggae.00009,reggae,3,2.017998121144512,-0.4039858459717461,1.684949009587345
reggae.00010,reggae,0,2.182650589442616,0.2631442047779693,1.1908491654249587
reggae.00011,reggae,3,1.2592388677578201,-0.6535631483267834,0.34565381884200297
reggae.00012,reggae,0,1.7868818709976206,1.0293225402256099,1.259366773214977
reggae.00013,reggae,3,1.7976367967853415,-0.45153759565189533,1.5035686096087344
reggae.00014,reggae,3,2.1365283063940264,-0.3055016231548338,1.9575005120043623
reggae.00015,reggae,3,1.330936830909776,-0.3455783964628531,0.6894545040724829
reggae.00016,reggae,3,1.4997619228806283,-0.4785423444948054,-0.6220561709976711
reggae.00017,reggae,3,1.669039916557446,-0.1210015997281568,1.2007529686801137
reggae.00018,reggae,3,1.4719809693754127,-0.09172606935071399,1.124257304217375
reggae.00019,reggae,3,2.1440399051856267,-0.10161506867379111,1.8488124064290858
reggae.00020,reggae,3,1.7070506095623323,-0.6714238051955673,1.2487249686683086
reggae.00021,reggae,3,1.352110368198698,-0.3290787948068675,-0.5332107498155458
reggae.00022,reggae,3,1.366173812375711,-0.541259832164675,-0.40036159560320034
reggae.00023,reggae,0,1.807406953069412,1.068026998489727,0.7287360186791807
reggae.00024,reggae,3,1.4828440567018117,-0.3329154921586884,1.0955620301711346
reggae.00025,reggae,3,1.807840777246679,-0.4993698241405881,1.4862116597894073
reggae.00026,reggae,3,1.6514834633560396,-0.39729985076980623,1.2801592646098172
reggae.00027,reggae,3,2.0107241562902525,0.30825163892903423,1.6519642023464713
reggae.00028,reggae,3,2.006757660074838,-0.2856386480539677,1.6644240659677958
reggae.00029,reggae,3,1.6846573748331368,-1.3498402568775891,0.35719665443372023
reggae.00030,reggae,3,2.017735527263542,-0.017354985755056295,1.6441842503405482
reggae.00031,reggae,3,1.8599143392969448,-0.8606565537080648,1.3572666787378156
reggae.00032,reggae,3,1.5354878529809821,-0.9631139552683659,0.663091959204488
reggae.00033,reggae,3,1.7651734624663311,-0.46725134853111466,1.3757314764520006
reggae.00034,reggae,3,1.8021687571959024,-1.3078047705045612,0.9854600562851874
reggae.00035,reggae,3,1.4308405845304573,-0.6739086115678793,0.9709208906734978
reggae.00036,reggae,3,1.8248298557244231,-0.5824594217970165,1.3595268142805659
reggae.00037,reggae,3,1.8952120811156348,-0.599590511760106,1.5174322193140273
reggae.00038,reggae,3,1.987528661196934,-0.6572911190922803,1.5503348310805298
reggae.00039,reggae,3,3.0855858437521904,-1.766180113714922,2.0043122323736267
reggae.00040,reggae,0,2.965254298866226,0.38978980244506733,2.370314209377158
reggae.00041,reggae,3,1.453794623918596,-0.4936057436523395,0.8722083346877825
reggae.00042,reggae,0,1.688862181471764,0.5132437033416044,0.7975116794062824
reggae.00043,reggae,3,1.8404668636280799,-1.196042224721613,-0.1430027774293563
reggae.00044,reggae,3,1.5857798554366662,0.5099040396031496,0.6848339545229573
reggae.00045,reggae,0,2.5120642277136764,3.1991083595172953,0.5716699041571041
reggae.00046,reggae,3,1.4130781385549445,0.22016898456673548,0.5943044757140341
reggae.00047,reggae,0,1.6016108474348878,0.7309490994104296,0.8973830358317739
reggae.00048,reggae,0,1.442213266758311,1.033576776981753,0.6546588768412441
reggae.00049,reggae,3,1.4950046751514634,0.07245400102658532,0.3557392339167121
reggae.00050,reggae,0,1.6796391292852995,2.0796135160677816,1.6445976692678856
reggae.00051,reggae,0,4.450780090750147,5.2079083929272745,1.831105970181454
reggae.00052,reggae,0,1.5126929267113025,2.2358199337746685,1.4374736843566842
reggae.00053,reggae,0,2.0991520107531456,0.724492097829615,2.1148605163128598
reggae.00054,reggae,0,1.7363065852157946,1.289234350495174,1.9379552660819355
reggae.00055,reggae,3,1.899962779095593,0.6112836675796705,0.5881723401802502
reggae.00056,reggae,0,1.8351742650671556,0.2568849509599493,1.2008821105944656
reggae.00057,reggae,0,1.9429840077480187,0.3040242535422301,1.6074254751177528
reggae.00058,reggae,0,1.4224740629678962,1.333273917778801,1.790954388272891
reggae.00059,reggae,0,1.5502768841581704,1.0006290615782913,0.5966313982036059
reggae.00060,reggae,0,1.7585101481281022,0.7701233508349757,1.313266795307049
reggae.00061,reggae,0,1.290393160338114,1.8101925839042468,1.1022345781609784
reggae.00062,reggae,0,2.3390780048303244,0.01967116074227339,1.8071376439495141
reggae.00063,reggae,3,1.301931811447897,-0.29436989130194996,0.6866226274970145
reggae.00064,reggae,0,1.3641410859797083,1.5277398512637985,1.2153637990484103
reggae.00065,reggae,0,2.1228191146545488,0.22421844811045738,1.2942686774291445
reggae.00066,reggae,3,1.3490448711219778,-0.8356321175035487,0.5699463668663093
reggae.00067,reggae,3,1.5609561844166195,-0.8771334286097996,0.09758594992200187
reggae.00068,reggae,0,2.1291313292117566,0.09968912625741276,1.5118720933968617
reggae.00069,reggae,3,1.875666064900163,0.46188173388656306,1.092290050419846
reggae.00070,reggae,3,1.5177769154407128,-0.3223655071058271,0.8472492027578256
reggae.00071,reggae,0,2.036097208910429,2.0972222275674,2.3797764178257754
reggae.00072,reggae,0,1.4195492910152347,1.8184160847599122,1.564581998957789
reggae.00073,reggae,3,1.6362032064780052,-0.3702943792035771,0.281387797296945
reggae.00074,reggae,3,1.6318486928343285,-0.3748973964405218,0.2811483375802798
reggae.00075,reggae,3,1.6810072810195487,0.6071004862038264,0.1595609300794972
reggae.00076,reggae,0,1.7795058066042657,0.9980270682328519,1.9218660229327913
reggae.00077,reggae,3,1.4046177531080262,-0.6871725457032949,0.08442118879133423
reggae.00078,reggae,0,1.9642801470341869,0.4800318665878765,1.3368732500333107
reggae.00079,reggae,0,2.0418142841898907,2.4680804442251376,0.884052481678443
reggae.00080,reggae,0,1.638611028215837,0.7564179903691004,1.3836079479308396
reggae.00081,reggae,0,1.6510806665297577,0.9143873837837235,1.595122908382121
reggae.00082,reggae,0,1.6510806665297577,0.9143873837837235,1.595122908382121
reggae.00083,reggae,3,2.2494560388146807,-0.9307561886609919,1.7448071530249327
reggae.00084,reggae,3,1.2283698908820244,-0.5411091002226406,0.4061248007365621
reggae.00085,reggae,3,1.7485151602235744,-0.3297972576488526,0.8921698335385773
reggae.00086,reggae,0,4.42623895780489,4.838831786658284,1.156413136186944
reggae.00087,reggae,0,2.111310178202457,2.3775771350617383,2.3563385889533306
reggae.00088,reggae,0,2.1518553334299213,2.343290368207134,-0.05781608992206999
reggae.00089,reggae,3,2.2028280880902105,-1.7574738200017057,0.8378119946409869
reggae.00090,reggae,0,1.553780194553211,1.758613759805897,1.6275620859126472
reggae.00091,reggae,3,1.448480164441981,0.2065859187358503,0.01915653785678183
reggae.00092,reggae,3,1.4411548083128054,0.005530864830277859,-0.016370390599052133
reggae.00093,reggae,0,2.1970165165865407,0.03790417718895304,1.098691146275337
reggae.00094,reggae,3,1.4944189089700914,0.16123955477563393,-0.137120981771975
reggae.00095,reggae,3,1.6389519343820438,0.4851553707282147,-0.17167719399129286
reggae.00096,reggae,3,1.7218503539654562,-0.3337258139872086,1.122048510330635
reggae.00097,reggae,3,1.3611774324316777,-0.3988741759881776,0.20112461916688631
reggae.00098,reggae,3,1.3566298462012267,-0.3664577650904615,0.5774514008113035
reggae.00099,reggae,3,1.9934593285195261,0.8342299577706848,-0.5421955157417133
rock.00000,rock,2,1.3696081862784162,-0.4773137218748949,-0.30081618773848234
rock.00001,rock,2,1.8974729448610166,-1.1831135112438633,-0.3548410604559646
rock.00002,rock,2,1.689513814725809,-0.38614854718823016,0.32955699890049833
rock.00003,rock,2,2.2091820184817323,-1.2274001211104553,0.36841134491217814
rock.00004,rock,2,2.105750858359199,-1.0709066761120163,0.08604111712513661
rock.00005,rock,2,2.164454564899848,-1.141099986000279,-1.0966759790825586
rock.00006,rock,2,1.602568970450326,-0.7493686524860247,-0.46227716038234395
rock.00007,rock,2,2.0835604059266433,-1.2947316937256894,-0.1582332663952926
rock.00008,rock,2,2.3375574079692645,-1.0739523429684261,-2.0594959945470985
rock.00009,rock,2,2.5191854112255467,-1.6970035102676955,0.2129015364605145
rock.00010,rock,2,1.4121130014068417,-0.48974642451802547,-0.3724297091910902
rock.00011,rock,2,1.89275688869115,-0.8454672304526863,0.10180872452110104
rock.00012,rock,2,2.051060950412299,-0.1739406016865744,0.9369514193481231
rock.00013,rock,2,2.4833570993418923,-0.8295909950079162,0.8801740147163072
rock.00014,rock,0,2.443823153201912,0.15964964803104487,1.8808260047592917
rock.00015,rock,0,1.882494915835508,0.8464327819024062,1.2121145423860284
rock.00016,rock,2,1.868132246769705,0.25483649233677824,-2.2304721845450635
rock.00017,rock,2,1.6025110204945323,0.13458244069108893,-1.9167149442770082
rock.00018,rock,2,1.1588093881552077,0.21003737137863462,-1.1863154310706132
rock.00019,rock,2,1.4118450095798147,0.14731798884884575,-1.5242415960531297
rock.00020,rock,2,1.1955368224149274,0.19408465394975194,-1.0547275911836327
rock.00021,rock,2,1.2387957882220988,0.17078235575890574,-1.0536377909510968
rock.00022,rock,2,1.4050574682463597,0.3768976636396613,-1.39888549991985
rock.00023,rock,2,1.2721574132861284,0.25590402324384864,-0.6982932334444936
rock.00024,rock,2,1.5477337585749098,0.21796509262758845,-1.6302290479508534
rock.00025,rock,2,1.707276409754055,0.5076004870177363,-1.8604993029291577
rock.00026,rock,2,1.2989884551835715,0.20812730556619935,-1.4577846769172333
rock.00027,rock,2,1.291686158003141,1.015100824060157,-0.50646816429546
rock.00028,rock,2,1.3781650481413912,-0.09542485250267162,-0.669978121645853
rock.00029,rock,2,1.2098163041828192,0.40853434684227063,-0.9750114345105407
rock.00030,rock,2,1.5816654959424865,1.0313043350442281,0.004218665755081816
rock.00031,rock,2,1.4787785235266255,0.7656755441762259,0.1714071326579801
rock.00032,rock,2,1.2287668640131009,0.15596313284366928,-0.8891937391203762
rock.00033,rock,2,1.752943810701878,-0.9327129024083229,-0.45100663260336654
rock.00034,rock,2,1.4474232430866294,0.6316566444184624,-1.2731218764144945
rock.00035,rock,2,2.0093868229344025,-0.6945246410611013,-0.5273392761455753
rock.00036,rock,2,1.5250499363960643,1.0691664542899315,-1.2761734259996131
rock.00037,rock,2,1.3896842701217873,0.8658559012196864,-0.9929788522242268
rock.00038,rock,2,1.4634051194252797,0.9746257223576731,-0.5452921621063225
rock.00039,rock,2,1.7540427424047158,0.3218823305493444,-1.3880287922242582
rock.00040,rock,2,1.4719554284144838,1.1277773737777144,-0.5370666246939833
rock.00041,rock,2,1.6035765490830811,1.118004998314904,-0.9251839091947525
rock.00042,rock,2,1.5073310826311692,1.1745640644423072,-0.22153394043346789
rock.00043,rock,2,1.4442283948539651,0.8615340032859815,-0.5038590439504844
rock.00044,rock,2,2.0163597302589227,-1.0679075142547976,-0.28767625134707653
rock.00045,rock,2,2.2973701767611723,-1.2049373283359432,-0.9558692409917785
rock.00046,rock,2,1.3108163287721295,0.32731254977292185,-0.6217404688596035
rock.00047,rock,2,1.755860630147289,1.542767317767581,-0.4257292861311179
rock.00048,rock,2,1.9192439985276901,-0.88591472069244,-1.1662048674441343
rock.00049,rock,2,2.4694989492544592,0.41443987156827905,0.9499626154615876
rock.00050,rock,2,2.275173287653086,-0.6539582704356702,0.5795611264105217
rock.00051,rock,2,1.7657333384562504,1.4002481168763556,-0.051553113922103905
rock.00052,rock,0,2.163011271469778,0.9140453136553334,2.084108408661575
rock.00053,rock,2,2.210386286732968,1.6955384354640464,-1.4970924608179756
rock.00054,rock,2,2.108951536234237,1.378399357829669,0.4981247452753802
rock.00055,rock,2,2.0215340562732815,-0.9284626816122079,-0.7024883235531842
rock.00056,rock,2,2.0901825773951543,1.805174064130318,-1.1771130904181832
rock.00057,rock,2,2.1106300535901106,1.8171417624247566,-0.9072172444268014
rock.00058,rock,2,1.7602917817252333,0.8146680725072225,0.21341312518409897
rock.00059,rock,2,2.018676859725127,0.5457205291502699,0.468922887139748
rock.00060,rock,2,1.5617123600782836,1.043263299322472,-0.6835617876490067
rock.00061,rock,2,1.991422843393645,-0.10552132431431908,0.6253070413632362
rock.00062,rock,2,2.176891969698062,1.0540242683529546,0.7876483756398363
rock.00063,rock,0,2.867778867123791,-0.15158204720381738,2.295263224671711
rock.00064,rock,2,1.3516311851184122,-0.37556121188848723,-1.0134943352743049
rock.00065,rock,2,1.2192444334507289,0.007962883314831658,-1.1313162539461583
rock.00066,rock,0,2.4629121916176846,-0.0625617645854019,0.5787713257369281
rock.00067,rock,2,1.1066804724343469,0.5213165205436605,-0.3460571159169763
rock.00068,rock,2,1.1728619346993194,0.3239305774023927,-1.1593324521824795
rock.00069,rock,2,1.5900445022998013,0.8234411379054933,-0.15039166021786315
rock.00070,rock,2,1.659775236890241,0.45266023224098556,0.06584511467687122
rock.00071,rock,2,1.2997975076821486,-0.416223941015368,-0.9171696541633271
rock.00072,rock,2,1.2768827008429953,-0.218768003702694,-0.36513573386499887
rock.00073,rock,2,1.1879920149404937,0.1504069039947705,-1.1884660700525587
rock.00074,rock,2,1.3933266730182534,-0.4544593822957418,-1.169979729053963
rock.00075,rock,2,1.1011369613851039,0.30181447165264436,-0.35016090858957494
rock.00076,rock,2,1.5888029190180584,-0.3740204408797999,0.10598847722254624
rock.00077,rock,2,1.0899046409538737,-0.13408771080674603,-0.8937128882355315
rock.00078,rock,2,1.51191813733558,-0.21166199899639296,0.1513912872729758
rock.00079,rock,2,1.2451019781041566,-0.1114696302180093,-1.288843376759214
rock.00080,rock,2,1.3202005381653845,0.5888514093891444,-1.396129021185977
rock.00081,rock,2,1.3193782717394769,0.6386765514975759,-0.471108502481591
rock.00082,rock,2,1.7907473685909605,1.3330673678433211,-1.3617156467087266
rock.00083,rock,2,1.5266374176501056,-0.5070880456641296,-1.4001574119606828
rock.00084,rock,2,1.3050093239921066,0.8739262700650838,-1.0266528624046367
rock.00085,rock,2,1.5891075173544111,0.45027808397597613,0.13900458178629968
rock.00086,rock,0,2.1112985247003926,0.9347371817632136,0.5096256448204135
rock.00087,rock,2,1.7997248952721818,-0.08923112030399419,-2.09006955790548
rock.00088,rock,2,1.4203963438764282,0.8098385080699081,-0.7577836272347729
rock.00089,rock,2,1.531602120334521,-0.6764829643970205,-0.2739555735477603
rock.00090,rock,2,1.4303288263748735,0.12154222513615656,-0.7069447365559915
rock.00091,rock,2,1.784883757747068,0.6221945949264555,-1.9813724564836552
rock.00092,rock,2,2.0846019542069087,0.22424390140864234,-2.4345709550824615
rock.00093,rock,2,1.6738097933705627,-0.5407822245076948,-1.5233466500765804
rock.00094,rock,2,2.0373809526640905,0.23433415733785393,-2.326356414193022
rock.00095,rock,2,1.3712053924782812,-0.38461296040516907,-1.0135621494002631
rock.00096,rock,2,1.5732487306165495,-0.520050824827596,-1.37853859321914
rock.00097,rock,2,1.433086899975902,0.016730324628803073,-1.4726096288700052
rock.00098,rock,2,2.482498505205653,-1.4775006402345712,0.47610761295922976
rock.00099,rock,2,1.916647506742739,-0.6044114943323644,0.271826463629387
