Song,Genre,Cluster,Probability,Distance,PCA1,PCA2
blues.00000,blues,0,0.7979688765870103,1.249171093255557,-1.0141225764317547,-0.7329341775788559
blues.00001,blues,0,0.7655022014969703,2.388952395535119,-1.1310469644732535,0.9574796179237821
blues.00002,blues,0,0.8212944249275727,1.3628383318517021,-1.06646479515264,-0.6101609328030482
blues.00003,blues,-1,0.0,,-2.0410271252635903,0.4360726606484838
blues.00004,blues,-1,0.0,,-0.5253961843661125,0.24787580018015273
blues.00005,blues,-1,0.0,,0.2541466419494339,1.9193330288334356
blues.00006,blues,-1,0.0,,-1.0940915634124062,1.746234645114666
blues.00007,blues,-1,0.0,,-1.071369859295715,1.2581009985571465
blues.00008,blues,0,0.7715444783226129,1.3744452790761459,-1.089545598605432,-0.766219605340407
blues.00009,blues,-1,0.0,,-0.9599258347125139,0.7531793860759481
blues.00010,blues,-1,0.0,,-1.668135375236213,0.7734133107230095
blues.00011,blues,-1,0.0,,-1.2452977198201736,1.4477615467026361
blues.00012,blues,-1,0.0,,-1.1686119700046633,0.7613287472548519
blues.00013,blues,-1,0.0,,-1.608654169548749,0.22362415761351115
blues.00014,blues,-1,0.0,,-1.9439732309551907,1.4844076842963942
blues.00015,blues,-1,0.0,,-1.3800901842865088,0.9051812035013864
blues.00016,blues,-1,0.0,,-1.4775656508670714,0.6717170103189969
blues.00017,blues,-1,0.0,,-1.8664428846752619,0.954100858868427
blues.00018,blues,-1,0.0,,-1.417748669366887,0.6028305450691578
blues.00019,blues,-1,0.0,,-1.5106183062044205,1.0217907369942743
blues.00020,blues,-1,0.0,,-1.782228556866329,-0.09410346255015496
blues.00021,blues,-1,0.0,,-1.581798941511357,1.324618950110291
blues.00022,blues,-1,0.0,,-1.337555706232942,1.4495048966365716
blues.00023,blues,-1,0.0,,-1.8311353529534498,0.5240157687363296
blues.00024,blues,-1,0.0,,-1.9334659486928942,1.0793349944241302
blues.00025,blues,-1,0.0,,-1.902572291383615,0.892523966176213
blues.00026,blues,-1,0.0,,-1.9056786142933824,1.479618771404889
blues.00027,blues,-1,0.0,,-1.1998198824131943,0.6371104662662397
blues.00028,blues,-1,0.0,,-2.060116041873342,0.6653664780047375
blues.00029,blues,-1,0.0,,-0.6888517677619755,1.412990681307141
blues.00030,blues,-1,0.0,,-1.3739827070352981,0.8494541604268838
blues.00031,blues,-1,0.0,,-1.539564724699528,0.7929875724272385
blues.00032,blues,-1,0.0,,-1.0380713439098659,1.9143595305791825
blues.00033,blues,-1,0.0,,-1.1730979003165836,1.271309648475162
blues.00034,blues,-1,0.0,,-1.4768238476735625,0.6949104100473319
blues.00035,blues,-1,0.0,,-1.3900518484078335,0.3175454539307491
blues.00036,blues,-1,0.0,,-1.9134549533749374,0.5442752049149506
blues.00037,blues,-1,0.0,,-1.7136329984970167,1.7148343808075501
blues.00038,blues,-1,0.0,,-1.0126467460157953,0.8855749730680053
blues.00039,blues,-1,0.0,,-1.7736968765570955,1.5640952941285409
blues.00040,blues,0,0.8063554059276037,0.9311412705156857,-0.2580881560740295,-1.1793132931968409
blues.00041,blues,0,0.7703462093523754,0.8396545956938924,-0.0033123699404948538,-0.8654192411160802
blues.00042,blues,-1,0.0,,-0.3076768937660522,-0.5788258792229368
blues.00043,blues,0,0.8374675414519461,1.0160645030363973,-0.46905420281627364,-1.0273347249230942
blues.00044,blues,-1,0.0,,-0.45150867499526226,-1.1989551946599295
blues.00045,blues,-1,0.0,,-1.4255016667245046,-1.1435379812904534
blues.00046,blues,-1,0.0,,-0.863641505340697,-0.3183499975272345
blues.00047,blues,-1,0.0,,-0.8568261658356185,-1.0424690934831136
blues.00048,blues,0,0.9264416109432079,0.743270556490383,-0.3841945153844167,-1.07837325233416
blues.00049,blues,-1,0.0,,-1.4685595747969233,0.39264498504808953
blues.00050,blues,0,0.935703697915296,0.903958089421276,-0.6553774377641061,-0.917520929541887
blues.00051,blues,0,0.758836602655367,1.0083869311943408,-0.4500433969073098,-1.4011409540588697
blues.00052,blues,-1,0.0,,-0.8343320240248178,1.2402633015134708
blues.00053,blues,-1,0.0,,0.09920225861757216,-0.7302017419819472
blues.00054,blues,0,0.9410898948622236,0.6595550791408559,-0.18709578919731504,-0.9632644524544824
blues.00055,blues,0,0.8489265714866153,0.8432018132182716,-0.14899640983009277,-0.554050655220585
blues.00056,blues,-1,0.0,,-0.6790911951643938,0.3294328948980921
blues.00057,blues,0,0.864862205998665,1.1096340203191524,-0.49637313636879504,-0.3060551733801411
blues.00058,blues,0,0.8674007425347159,0.8985667615657178,-0.22493113902112372,-0.36369686262921624
blues.00059,blues,-1,0.0,,0.4410144788443413,-0.6043158824054707
blues.00060,blues,0,0.8680231691024523,0.842190953467066,-0.4767567341768035,-1.157983106250186
blues.00061,blues,-1,0.0,,0.5860880967532234,-1.6981933500828752
blues.00062,blues,-1,0.0,,0.3570922514522829,-0.11520295385379307
blues.00063,blues,-1,0.0,,0.7912085172952074,-0.8250941678048964
blues.00064,blues,0,0.7727002106153469,1.3227037350244197,0.18558929397831214,-2.004944946023844
blues.00065,blues,-1,0.0,,0.7922545958045116,-1.0763014361961012
blues.00066,blues,0,0.8609413172651379,0.951491430132069,0.44357647512307596,-0.5876601286686578
blues.00067,blues,0,0.786521090248465,0.8270918538813344,-0.050836602903954906,-1.0170678185916207
blues.00068,blues,0,0.7827270468137109,0.93311738686008,0.15672036042639653,-1.3581540126244793
blues.00069,blues,-1,0.0,,0.16470806224513754,-0.9113678353619503
blues.00070,blues,0,0.780885848837025,1.0053947193105064,-0.20914895292900554,-0.4123505603664369
blues.00071,blues,0,0.8271368671147072,1.1872707257929485,0.06977648430489837,-1.914101980608718
blues.00072,blues,-1,0.0,,0.5362708730998821,-1.4113249020514982
blues.00073,blues,0,0.8833874874794468,0.8939365740128665,-0.538710820901397,-1.2899601766138415
blues.00074,blues,0,0.7550443773022981,0.8442208272618276,0.08244075171177127,-0.6184617383179487
blues.00075,blues,-1,0.0,,0.20304639172850678,0.15276957456531887
blues.00076,blues,0,0.7696515353315284,0.9422734319984949,0.49019081102660716,-1.095978291148258
blues.00077,blues,0,1.0,0.6238080402677654,-0.19131891946889737,-1.250735094335289
blues.00078,blues,0,0.9043064909539715,1.2400805855434371,-0.2555687526944146,-2.0659333040078938
blues.00079,blues,0,0.9293008901536753,1.0383943876482848,0.042412663051999956,-1.8543874193160772
blues.00080,blues,0,0.8575117571253349,1.0515965693343836,-0.6752816070300702,-0.6715743925108868
blues.00081,blues,-1,0.0,,-0.3771049237726759,-1.3493216312039409
blues.00082,blues,0,0.8202357642802224,0.962258246952275,-0.5016218138572545,-1.2651891542156806
blues.00083,blues,0,0.9007928438894264,0.9291730347210309,-0.11889756825120483,-1.642383045962795
blues.00084,blues,0,0.8452417237428632,0.7556642976920158,-0.2145987067942527,-0.9626771158511516
blues.00085,blues,-1,0.0,,-1.1851145970377022,1.1082877449522064
blues.00086,blues,-1,0.0,,-0.9794797264671232,1.6394254867401812
blues.00087,blues,-1,0.0,,-1.2180769143610086,0.6999617092432879
blues.00088,blues,-1,0.0,,-2.2058153830914717,-0.010100406869613818
blues.00089,blues,-1,0.0,,-2.4796330362403483,1.3549755003120811
blues.00090,blues,-1,0.0,,-0.5741479589562205,1.3154547177924
blues.00091,blues,-1,0.0,,-1.7896627978652502,0.8928959102740796
blues.00092,blues,-1,0.0,,-1.7914715502085117,2.005096551750712
blues.00093,blues,-1,0.0,,-2.8638634703985586,0.4201509114435644
blues.00094,blues,-1,0.0,,-1.139660302047997,1.3911424590456578
blues.00095,blues,-1,0.0,,-1.0158182682870933,0.4267009961659077
blues.00096,blues,-1,0.0,,-1.594949212461071,1.1163761565011472
blues.00097,blues,-1,0.0,,-1.3899155689784415,0.5069156779706853
blues.00098,blues,0,0.8938383112653336,0.6650694863095183,0.18758245585362854,-1.1170803273602272
blues.00099,blues,-1,0.0,,-1.1021527690535904,0.523028508713126
classical.00000,classical,-1,0.0,,-1.4502793549408186,-0.6263130189244825
classical.00001,classical,-1,0.0,,-1.6513009996845862,-0.07453265390899631
classical.00002,classical,-1,0.0,,-1.4291534767988667,-1.2099531931498575
classical.00003,classical,-1,0.0,,-1.2713354439154614,0.27536748060605437
classical.00004,classical,-1,0.0,,-1.1104822894617392,-0.5651043454857536
classical.00005,classical,-1,0.0,,-1.6265286993907129,-0.11713215089974775
classical.00006,classical,-1,0.0,,-1.6895166339446976,-0.12365425358259446
classical.00007,classical,-1,0.0,,-1.5367294592530678,0.4874321074929138
classical.00008,classical,-1,0.0,,-1.5729379444480132,-0.04707002412041091
classical.00009,classical,-1,0.0,,-1.8423163247957903,0.13237932079974982
classical.00010,classical,-1,0.0,,-1.5020250102792063,0.32825685148999134
classical.00011,classical,-1,0.0,,-2.233360962314743,0.036825417572070404
classical.00012,classical,-1,0.0,,-2.011177664833342,0.9544068321412796
classical.00013,classical,-1,0.0,,-1.5041780818732229,1.0770781086975496
classical.00014,classical,-1,0.0,,-1.8964322460934429,0.24659890691854033
classical.00015,classical,-1,0.0,,-1.7933819176711947,0.8856885892952894
classical.00016,classical,-1,0.0,,-2.2229652261707584,0.15965030326628443
classical.00017,classical,-1,0.0,,-1.8659899470678172,0.521800606856758
classical.00018,classical,-1,0.0,,-1.9054153020032791,1.1399736328609709
classical.00019,classical,-1,0.0,,-1.8310723030808933,0.9599051318011141
classical.00020,classical,-1,0.0,,-1.8563959516393786,0.2288787670517016
classical.00021,classical,-1,0.0,,-1.6984636820343877,0.42554722081515495
classical.00022,classical,-1,0.0,,-2.024009607221407,0.13758479008890637
classical.00023,classical,-1,0.0,,-2.3904793183278277,-0.08613155508813972
classical.00024,classical,-1,0.0,,-1.8399444347093619,-0.669060063560902
classical.00025,classical,-1,0.0,,-1.833387890471511,-1.0429496772645634
classical.00026,classical,-1,0.0,,-1.9381628133985604,0.666148452745831
classical.00027,classical,-1,0.0,,-2.410302982558656,-0.30512344840762157
classical.00028,classical,-1,0.0,,-1.564607679555419,0.09607951878026168
classical.00029,classical,-1,0.0,,-1.3354127011385495,1.037191265868433
classical.00030,classical,-1,0.0,,-1.7835373095104874,0.17026892852599035
classical.00031,classical,-1,0.0,,-2.5927841215386116,0.4889287442045452
classical.00032,classical,-1,0.0,,-2.8389092900713258,-0.6050058470924221
classical.00033,classical,-1,0.0,,-2.249103654053496,1.1589590771616147
classical.00034,classical,-1,0.0,,-1.480512961535428,0.6237868904545172
classical.00035,classical,-1,0.0,,-1.5947478374759338,0.9120935366552063
classical.00036,classical,-1,0.0,,-1.6653180994466876,0.9773881754199776
classical.00037,classical,-1,0.0,,-1.1537837460683995,0.6483599770155158
classical.00038,classical,-1,0.0,,-1.754964582658563,0.27124780838256224
classical.00039,classical,-1,0.0,,-1.0360802120106773,1.189902749690014
classical.00040,classical,-1,0.0,,-1.8326183991525988,0.4329799478203159
classical.00041,classical,-1,0.0,,-1.716102769954469,0.7827566930652441
classical.00042,classical,-1,0.0,,-1.632179587446727,-0.9438224047714825
classical.00043,classical,-1,0.0,,-2.2584189272708115,0.1338276788389023
classical.00044,classical,-1,0.0,,-1.8513050819122063,0.6433756110785291
classical.00045,classical,-1,0.0,,-2.0383982896189123,-0.48837602383406115
classical.00046,classical,-1,0.0,,-0.6251825315275397,-1.7313473577327214
classical.00047,classical,-1,0.0,,-2.1224604073592372,-0.3127473489776079
classical.00048,classical,-1,0.0,,-0.5769974953974524,0.6392076682867559
classical.00049,classical,-1,0.0,,-0.14216650615760237,-0.8217073202508869
classical.00050,classical,-1,0.0,,-2.2324480035963505,-0.5543432460322243
classical.00051,classical,-1,0.0,,-1.4139703752769863,1.3921077484038455
classical.00052,classical,-1,0.0,,0.280817073787234,0.35403989650582246
classical.00053,classical,-1,0.0,,-1.2443546796386407,-0.5812210183644453
classical.00054,classical,-1,0.0,,-0.6757811469211702,0.20891116014806915
classical.00055,classical,-1,0.0,,-2.2620589025688678,0.8632095747749137
classical.00056,classical,-1,0.0,,-0.8966285704574136,-0.9917436666465472
classical.00057,classical,-1,0.0,,-0.7907945847473248,1.1502163304452906
classical.00058,classical,-1,0.0,,-1.8980396704592846,-0.16897910697586585
classical.00059,classical,-1,0.0,,-1.2243943554951895,-0.2759005825443968
classical.00060,classical,-1,0.0,,-0.6990700136227904,-0.7703800813514002
classical.00061,classical,-1,0.0,,-1.5135145878144214,0.4915760395035572
classical.00062,classical,-1,0.0,,-1.238860135770786,1.321874369913048
classical.00063,classical,-1,0.0,,-3.13309971720765,-0.09535167112247517
classical.00064,classical,-1,0.0,,-2.523509553303423,0.7567154467893603
classical.00065,classical,-1,0.0,,-2.880827125479766,0.759563863597888
classical.00066,classical,-1,0.0,,-2.9239536873957497,0.6280663316153184
classical.00067,classical,-1,0.0,,-2.186932186372909,1.838024240723442
classical.00068,classical,-1,0.0,,-1.488202485959799,-0.4984846933785133
classical.00069,classical,-1,0.0,,-1.8411158879510408,-0.3088668341388485
classical.00070,classical,-1,0.0,,-1.8643630496657653,0.41776850649735126
classical.00071,classical,-1,0.0,,-1.8021699381442138,0.15343406794008982
classical.00072,classical,-1,0.0,,-1.7700450635296163,0.4520998088504909
classical.00073,classical,-1,0.0,,-1.8871199347452021,0.5223086381746868
classical.00074,classical,-1,0.0,,-1.7451633120892507,-0.06024418369251387
classical.00075,classical,-1,0.0,,-2.1000918610840182,0.5206906290353651
classical.00076,classical,-1,0.0,,-1.7629429110256642,-0.2848694649188765
classical.00077,classical,-1,0.0,,-2.778980123668947,1.1164088857125252
classical.00078,classical,-1,0.0,,-2.8884881640377116,0.04417796363478117
classical.00079,classical,-1,0.0,,-2.6764322509692473,0.730632291829054
classical.00080,classical,-1,0.0,,-2.600001918275947,0.45710099634777496
classical.00081,classical,-1,0.0,,-1.8838796652888874,-0.2049679973196451
classical.00082,classical,-1,0.0,,-1.3085311220391773,-0.08065896746667081
classical.00083,classical,-1,0.0,,-2.69463739053589,-0.16489065865355038
classical.00084,classical,-1,0.0,,-2.4691517402133067,0.009901698407975636
classical.00085,classical,-1,0.0,,-1.0187474443278377,-0.20070395463861207
classical.00086,classical,-1,0.0,,-1.286504758378021,-0.08395204334253697
classical.00087,classical,-1,0.0,,-2.596835619882057,-0.13829058754946144
classical.00088,classical,-1,0.0,,-1.8271074242682768,-0.41783877303073513
classical.00089,classical,-1,0.0,,0.017934408566156117,0.03872754515469124
classical.00090,classical,-1,0.0,,-0.251897813274175,-0.21602118167689383
classical.00091,classical,-1,0.0,,-0.14008678910624978,-0.05811494425007509
classical.00092,classical,-1,0.0,,-0.48410879566167114,1.0928330828781925
classical.00093,classical,-1,0.0,,-1.254695109585586,-0.13994115205567442
classical.00094,classical,-1,0.0,,-1.5344494914519593,0.4286918949642203
classical.00095,classical,-1,0.0,,-0.5086349222210438,1.3902599199652736
classical.00096,classical,-1,0.0,,-0.353636131827144,-0.2471331313740894
classical.00097,classical,-1,0.0,,-1.5139909852768594,-0.059402595992256495
classical.00098,classical,-1,0.0,,-0.43851297370408215,-0.24759407987734816
classical.00099,classical,-1,0.0,,-1.4581614439368475,-1.268637621804819
country.00000,country,1,0.9800994214344594,1.094771727799159,0.4924232596572974,-0.7558306094856149
country.00001,country,-1,0.0,,0.3217772924249542,-1.6937922278412587
country.00002,country,-1,0.0,,0.21705270856131095,0.10659195744891342
country.00003,country,-1,0.0,,0.26692531338053527,-0.018520986442087325
country.00004,country,-1,0.0,,0.5071050556463333,-1.3885602109845798
country.00005,country,1,1.0,1.053056697080547,0.7976537706303913,-1.015386987249498
country.00006,country,1,0.9935204584694707,0.812733439560456,0.8373858721240334,-0.6734914387311158
country.00007,country,1,0.9818268695043789,1.097705017354179,0.5987434381759625,-0.8626943726941297
country.00008,country,-1,0.0,,0.13553648101514199,-0.8963202319659127
country.00009,country,1,0.9075476324679437,1.6132080246618468,0.9823737693323227,-1.6928352929130899
country.00010,country,-1,0.0,,-0.36645954047105866,0.8331733686141564
country.00011,country,-1,0.0,,1.5094770797297403,1.7669067757866497
country.00012,country,-1,0.0,,-0.7585045193751868,0.10287643081490175
country.00013,country,1,0.930991103389353,0.7980036827479562,0.7244362454419008,-0.2344678739885559
country.00014,country,1,0.896450672225057,1.071291451144306,1.4818279035580064,0.4031499068829375
country.00015,country,-1,0.0,,-0.14895603706793462,-0.580930222171569
country.00016,country,-1,0.0,,-1.419456056809002,-0.06219284706705559
country.00017,country,-1,0.0,,-1.0926273727308342,-0.3202968538209313
country.00018,country,1,0.8788663777847644,1.5493524375079788,-0.1931713797392989,-0.3086086703058864
country.00019,country,-1,0.0,,-1.7886866350414143,0.6552373186970232
country.00020,country,-1,0.0,,0.7882909080881016,1.1037290569510763
country.00021,country,-1,0.0,,-2.0207082836640424,0.03188908558010977
country.00022,country,-1,0.0,,-1.1697681002644522,0.15397687690070513
country.00023,country,-1,0.0,,-1.1593485830178938,1.5082737305909588
country.00024,country,-1,0.0,,-0.5113397516485799,1.0138872337240363
country.00025,country,-1,0.0,,-0.8639363922825871,0.43909400776894436
country.00026,country,-1,0.0,,-1.3893667894936146,0.4610420077446143
country.00027,country,-1,0.0,,-0.4850304403508715,-0.7282608472409153
country.00028,country,-1,0.0,,-1.42186154345162,-0.4092305752237015
country.00029,country,-1,0.0,,-1.6845171543316648,-0.21872873719517621
country.00030,country,-1,0.0,,-1.9273262385756151,0.8224675741164797
country.00031,country,-1,0.0,,0.07022765000825772,-0.05157006323262068
country.00032,country,-1,0.0,,-0.5070043978855946,0.6749929637977936
country.00033,country,-1,0.0,,0.514264685686958,0.19636864064745144
country.00034,country,-1,0.0,,0.7972972199208103,0.4689709380387264
country.00035,country,-1,0.0,,0.3616494090939257,0.013214485757752614
country.00036,country,-1,0.0,,-0.27387997839615,1.2755356498312036
country.00037,country,-1,0.0,,0.09567501345036221,0.32846376182661613
country.00038,country,1,0.9683323838111892,0.8178751401756909,0.6590811734297418,-0.2059436982888753
country.00039,country,-1,0.0,,2.3085423253815534,-0.7716190167040954
country.00040,country,1,0.9302786532432799,1.346648823837771,0.07451496040797013,-0.5087431652740317
country.00041,country,-1,0.0,,0.6738919740143352,0.276680608877265
country.00042,country,1,0.9050253447682065,1.5479874236467208,-0.06543765688232309,-0.6776906873614071
country.00043,country,1,0.9935204584694707,0.923304364317027,0.5881792037346489,-0.5266463981029214
country.00044,country,-1,0.0,,-0.5641712218870059,0.8730272012552389
country.00045,country,1,0.8646098709024536,0.8287152795078271,1.0121602339887954,-0.026831179066736207
country.00046,country,-1,0.0,,0.07072434688081211,-0.2772097467299915
country.00047,country,-1,0.0,,-0.6732116539222271,-0.34096454967184664
country.00048,country,-1,0.0,,-0.7025223328120934,0.521959328377623
country.00049,country,-1,0.0,,-0.9486334773761617,-0.3720490295204734
country.00050,country,0,0.8107076132724372,1.274817824693452,-0.38541538729984126,-0.1605377939714445
country.00051,country,-1,0.0,,-0.8916257290378786,0.33838242909646327
country.00052,country,-1,0.0,,-1.7748215601462751,0.4580564756402869
country.00053,country,0,0.9785210553326208,0.6411153195173972,-0.10116664549253317,-1.2581709278619013
country.00054,country,-1,0.0,,-1.0637979451597699,-0.376012411544223
country.00055,country,0,0.8064191186526642,1.193933549675242,-0.8386760053690671,-1.2912753213092643
country.00056,country,-1,0.0,,-1.1938418741037202,0.15990210329162932
country.00057,country,-1,0.0,,-0.7280964441903357,-0.06246807919950101
country.00058,country,0,0.8635098668103914,1.2300437440406533,-0.7848607382787314,-0.4174493226739593
country.00059,country,-1,0.0,,-1.0624059845646774,1.1509181911860478
country.00060,country,-1,0.0,,-1.1487715889685106,0.6061162052983752
country.00061,country,-1,0.0,,-1.2605470335074869,0.1521101185763702
country.00062,country,0,0.9699632451362704,0.5979269448066606,-0.14080557220978038,-0.9284062620929053
country.00063,country,-1,0.0,,-0.9097876742536701,1.1668407588677718
country.00064,country,-1,0.0,,-1.3889659246740547,0.22567024119130197
country.00065,country,-1,0.0,,-2.2461705348554357,0.9325065706042674
country.00066,country,-1,0.0,,-0.8811060117466127,-0.9648944207405551
country.00067,country,-1,0.0,,-2.1459626908979637,1.3955547374529937
country.00068,country,-1,0.0,,-1.7388963535594035,0.08745503308312501
country.00069,country,-1,0.0,,-1.5080352822168148,0.3169019965981371
country.00070,country,0,0.893202236480518,0.9531165991000865,-0.5046185002856385,-0.4386362522836242
country.00071,country,-1,0.0,,-1.508575230236532,0.9449750621054003
country.00072,country,0,0.7710920455399196,1.3459932437198403,-0.9523686464710318,-0.7678204595143919
country.00073,country,0,0.7882263193436735,1.5995362449925614,-1.1020358050032741,-0.14243338363332095
country.00074,country,-1,0.0,,-0.935399678903382,1.2612978321844044
country.00075,country,0,0.9531260355089932,0.6850678922297253,-0.2422985860998675,-1.2357795480262461
country.00076,country,-1,0.0,,-1.0448266116256397,0.9771548565252152
country.00077,country,-1,0.0,,-1.170193445963821,-1.0096854011500838
country.00078,country,-1,0.0,,-1.5831063126652487,1.275498532296146
country.00079,country,-1,0.0,,-1.8835135644103016,0.9931168780865364
country.00080,country,-1,0.0,,-0.015321212901080069,-0.11331950241729835
country.00081,country,0,0.9218847425906356,0.8305558526681669,0.004522476896020505,-0.38745627282230466
country.00082,country,0,0.8716764218942786,0.7361757313365135,0.0987417491088807,-0.7510237906413745
country.00083,country,0,0.8048158545803337,1.8442095698393088,-1.2260525700751086,0.12313843180395884
country.00084,country,0,0.9000450633996119,1.0405140913830335,-0.43527027971855525,-0.3628126517296492
country.00085,country,0,0.7756505897163145,1.6731852145816521,-0.9509933900217411,0.13016315057589056
country.00086,country,0,0.8385207035759875,1.3850676594370128,-0.7283619338139554,-0.12693674119477596
country.00087,country,-1,0.0,,-0.9511838084924135,0.49652086217801
country.00088,country,0,0.814252533701947,1.585489658543822,-1.1324069208932062,-0.1573425230642043
country.00089,country,0,0.753562271544221,2.4240026518405386,-1.1628105662023198,0.948700586783759
country.00090,country,0,0.958154774161183,0.7736812304187072,-0.3177711827058575,-0.6133984280860365
country.00091,country,-1,0.0,,-0.9966602588990227,0.7644063618036144
country.00092,country,0,0.9040564725863779,0.8598446622391243,0.031291517853254375,-1.604363921032532
country.00093,country,-1,0.0,,-1.0186675683430872,0.7499646392325963
country.00094,country,0,0.8232752693373867,1.5999629669852868,-1.039591241327772,-0.12343437594809327
country.00095,country,-1,0.0,,-0.5955091615431101,0.5291665758923789
country.00096,country,0,0.8587343948121187,0.9862777290782219,-0.34307403240825485,-0.4517885085858477
country.00097,country,-1,0.0,,-0.5425382346954982,0.6141982895544905
country.00098,country,-1,0.0,,-1.2696671294810364,0.10174815780484425
country.00099,country,0,0.9889792656867207,0.6129914738893223,0.1398326003538052,-0.7087429785780051
disco.00000,disco,-1,0.0,,0.8685219495451153,0.862458687461234
disco.00001,disco,1,0.9049760482461061,1.1511787818991028,1.9233754131900154,-0.8466023157074393
disco.00002,disco,1,0.8967939964266166,0.9959411113898103,1.6675328132300382,-0.49677442541951167
disco.00003,disco,-1,0.0,,1.6233101073415737,-0.2327908842760519
disco.00004,disco,1,1.0,0.9194199761713685,1.8053052242230858,-0.30912888426453555
disco.00005,disco,1,1.0,0.7173957768055944,1.1130727850156354,-0.6525907153758915
disco.00006,disco,-1,0.0,,0.7374372193762979,-1.4842486522231562
disco.00007,disco,1,0.930991103389353,0.6462893668163765,1.1889087386333281,-0.41229109434307115
disco.00008,disco,-1,0.0,,1.0529421399910692,-0.7023292576247538
disco.00009,disco,-1,0.0,,1.6375315285453318,-0.5285215403618171
disco.00010,disco,1,1.0,0.888442696155729,1.152530146191131,-0.921336549673757
disco.00011,disco,1,0.9318579196366453,0.7206601407947513,1.52979422049027,-0.33481250082002545
disco.00012,disco,1,1.0,0.5900110849535039,0.9999907951962134,-0.24921100720933945
disco.00013,disco,1,1.0,0.8373341985167739,1.7662651454171954,-0.42399886410218074
disco.00014,disco,1,0.9580659088628203,1.1539003159608536,1.1731155297991362,-1.3064726183244804
disco.00015,disco,-1,0.0,,0.16468695335591946,0.09419135964752548
disco.00016,disco,1,0.9935204584694707,0.9493395538823799,0.5872151065499255,-0.520738454235966
disco.00017,disco,-1,0.0,,0.9695451750079974,0.31869553847574195
disco.00018,disco,-1,0.0,,1.0182218570249253,0.042928185958218894
disco.00019,disco,-1,0.0,,0.4092977436515753,0.6962198035316199
disco.00020,disco,-1,0.0,,0.14479610431391726,-0.08914914605384529
disco.00021,disco,-1,0.0,,1.0017150657615226,-0.062248275685363175
disco.00022,disco,-1,0.0,,2.3981441373437127,-0.09796885726351873
disco.00023,disco,1,0.9343916394373643,1.0018942696654534,1.8414851596741546,0.036774351797134286
disco.00024,disco,1,0.9089262777694191,1.1737390158442513,0.31762775706933666,-0.5504597462293331
disco.00025,disco,-1,0.0,,0.29996964456243996,0.35989052848745795
disco.00026,disco,1,1.0,0.6476119751563573,1.4945287561157734,0.14153382929185104
disco.00027,disco,-1,0.0,,1.3353550778388634,1.5938583680028187
disco.00028,disco,-1,0.0,,3.1900485902337357,-0.11836195976962467
disco.00029,disco,1,0.9602320880625813,0.7688388243308644,0.9848311030683635,-0.5920469092526487
disco.00030,disco,1,0.9410350058703892,0.7825943776968978,1.7282923608338991,-0.2620399914759265
disco.00031,disco,1,0.9064815898057873,0.9930257098474417,1.375386814106224,-0.7421790089650682
disco.00032,disco,-1,0.0,,0.4582145072393914,0.34906953373402255
disco.00033,disco,-1,0.0,,0.44505023721917536,-0.6606348423471707
disco.00034,disco,-1,0.0,,1.633007666591906,-0.9186533030740153
disco.00035,disco,-1,0.0,,2.3889742108542946,-0.1448004503705642
disco.00036,disco,1,0.9369154110859454,1.1414383432456916,1.3009727574228036,-1.1805779803059009
disco.00037,disco,-1,0.0,,2.0907331693102797,-0.7927282871382482
disco.00038,disco,1,0.8910875760834417,1.0663529710792123,1.9030884869256548,-0.23986997689526562
disco.00039,disco,-1,0.0,,-0.1274756590734555,-0.3042767304458919
disco.00040,disco,1,0.9196662951114483,0.9248250063206129,0.5364312422087694,-0.19606690421753417
disco.00041,disco,-1,0.0,,-0.710645075328386,0.7204103766766234
disco.00042,disco,1,0.9434049826206493,1.3105941071165148,0.25844986861275343,-0.7972294738584143
disco.00043,disco,-1,0.0,,1.6598310090724124,0.6571485211290687
disco.00044,disco,1,0.8842195389099631,1.300386981169182,0.23288624520115092,-0.10010468050453418
disco.00045,disco,-1,0.0,,0.7592869865462689,0.3002515938693405
disco.00046,disco,0,0.815340343023926,0.9580904993592168,0.05237336254250583,-0.36821495746101834
disco.00047,disco,-1,0.0,,-0.6709158472910768,0.8309761278737975
disco.00048,disco,0,0.8550332142305036,1.0708535525936982,0.80546092794746,-0.6898499715891219
disco.00049,disco,-1,0.0,,0.9393245459894528,-0.21370963051399522
disco.00050,disco,0,0.9714952124828283,0.7617260061253571,0.15524961678021476,-1.5618501866709573
disco.00051,disco,0,1.0,1.0400195816019615,0.6332045473352715,-1.6639902476264952
disco.00052,disco,0,0.7753444551161253,1.2575676044757989,0.8458325614842956,-1.3150063296628778
disco.00053,disco,-1,0.0,,1.9317225662733588,1.2468690400766465
disco.00054,disco,-1,0.0,,0.8808927967311818,0.6844995730086515
disco.00055,disco,0,0.9457789173680307,0.6078254608078565,-0.14299601191510636,-0.8197554519253409
disco.00056,disco,0,0.8904906300642469,1.179434827013631,-0.7132287550750195,-0.29203329257902494
disco.00057,disco,0,0.810336544614178,1.0778204874919823,-0.7574073182469353,-1.287236791716047
disco.00058,disco,0,0.9265641718819996,0.8981298288248794,0.2870442837984415,-0.3185904503296764
disco.00059,disco,-1,0.0,,0.591368988068098,0.08250417688821429
disco.00060,disco,0,0.8999554686247173,0.9035322589481722,-0.2739553067296241,-0.5486914764941357
disco.00061,disco,-1,0.0,,0.31520719058173435,0.37583536566642833
disco.00062,disco,-1,0.0,,0.4682898198587019,0.29657941541048755
disco.00063,disco,-1,0.0,,0.45847020594462057,-0.26615126949867834
disco.00064,disco,-1,0.0,,-0.5553302957781674,0.6630848844877576
disco.00065,disco,-1,0.0,,-0.6113806269998703,0.1914644021901428
disco.00066,disco,0,0.8832658616674111,1.1590802212057023,0.8224729151794807,-0.40918319336205816
disco.00067,disco,0,0.9183976085343828,0.8224820934380109,0.5723673733757039,-1.2192948120384297
disco.00068,disco,-1,0.0,,1.475559639577758,-0.811458658152946
disco.00069,disco,0,0.770440589427217,1.1085241239565256,-0.6065677182617737,-1.058823987693077
disco.00070,disco,0,1.0,0.666501231015741,0.2482711907785639,-1.4456512430508992
disco.00071,disco,0,0.8597410450360858,1.2943121204309675,1.128169706376705,-0.9150075555696349
disco.00072,disco,-1,0.0,,1.6158821342454408,-0.18483357626210145
disco.00073,disco,0,0.7595020308510391,1.4964960557748013,1.2299139669894386,-1.131579832530399
disco.00074,disco,0,0.916991206990878,0.9611384546633689,0.7398384780060335,-1.1880211263587381
disco.00075,disco,0,0.9926026908109222,0.7092076931349536,0.40477838251423853,-1.4009875178981128
disco.00076,disco,-1,0.0,,-0.011326263335365492,-0.8113374837770063
disco.00077,disco,0,0.9119849668431382,0.7716895236721816,0.26350827646622854,-0.5332287640517781
disco.00078,disco,0,0.828929477620612,1.0865927445550871,-0.135278001081097,-0.16780865563686148
disco.00079,disco,0,0.822046179531588,1.075637496915991,0.0985206869749255,-0.13598869908030242
disco.00080,disco,-1,0.0,,-0.13622632271476381,0.31835636233358927
disco.00081,disco,-1,0.0,,0.3784468404832927,1.2068223115068386
disco.00082,disco,-1,0.0,,1.3078868110250406,0.3647983343210857
disco.00083,disco,0,0.7700254674035517,1.3573409970317478,-0.08675923334312415,0.15307987522963967
disco.00084,disco,-1,0.0,,1.011606134046911,0.5839560198705709
disco.00085,disco,-1,0.0,,1.7709169060798202,0.7267510563910334
disco.00086,disco,0,0.7736231685222479,1.2719630332568257,-0.2615517013498706,-0.06741407220983406
disco.00087,disco,0,0.9889792656867207,0.6438040977706865,0.03573130949664519,-0.8377119745079517
disco.00088,disco,0,0.850097770635604,0.7490031603700646,-0.0727812870849936,-1.2896081813406142
disco.00089,disco,0,0.953843940771703,0.7217322931489406,-0.002316581858803662,-0.919656400824923
disco.00090,disco,0,0.8757028239416255,1.1036862351490782,0.8720689642572469,-0.6665474165406029
disco.00091,disco,-1,0.0,,-0.04239315784247858,0.9202288899512672
disco.00092,disco,0,0.833648453099364,0.902321490780485,0.3346345215501772,-0.42803502854260395
disco.00093,disco,-1,0.0,,0.7161661619291863,-0.17256251590786675
disco.00094,disco,0,0.778969750659838,0.9693022241123577,-0.2855597603322071,-0.9685143939525898
disco.00095,disco,-1,0.0,,0.6352085157973406,0.4926671867990135
disco.00096,disco,0,0.8363213744220873,0.9888595906172287,0.5347344853402065,-0.4612992186983475
disco.00097,disco,0,0.7539493721442545,0.9726534468649864,0.4786658956782858,-0.8222901332544592
disco.00098,disco,0,0.9061573079017816,0.7226406146739877,0.33262793239350935,-0.8396435049571712
disco.00099,disco,0,0.9061573079017816,0.7226406146739877,0.33262793239350935,-0.8396435049571712
hiphop.00000,hiphop,0,0.7523837084315042,1.2684242646145556,0.8369807707758323,-0.5460130336668372
hiphop.00001,hiphop,-1,0.0,,1.0104783063672422,1.0274298558715076
hiphop.00002,hiphop,0,0.7799962675146753,2.242113976818378,-0.6966552333304427,0.9624478253446995
hiphop.00003,hiphop,-1,0.0,,0.3532852426946932,0.36185633293812475
hiphop.00004,hiphop,-1,0.0,,0.7562925091159339,2.146296010449791
hiphop.00005,hiphop,0,0.8791906445299482,0.7980809292644061,0.5319352543582901,-1.0615003965328311
hiphop.00006,hiphop,-1,0.0,,1.6632799488621672,1.1929714368634992
hiphop.00007,hiphop,-1,0.0,,-0.06775443876072344,0.30630191186181294
hiphop.00008,hiphop,-1,0.0,,2.1026499165621306,1.157086743826722
hiphop.00009,hiphop,-1,0.0,,0.9178518766695986,0.9721656796059576
hiphop.00010,hiphop,0,0.8695623604224069,0.6793610060024258,0.18607259049449032,-0.913237367647342
hiphop.00011,hiphop,0,0.8585280815190524,1.0381204312293608,0.08827760280573907,-0.1643162376238919
hiphop.00012,hiphop,0,0.8757905946234531,0.8934057607278552,-0.5307838155323765,-0.8203003554217996
hiphop.00013,hiphop,-1,0.0,,-0.29583876382589774,0.6441958742452756
hiphop.00014,hiphop,0,0.7630425758652453,0.7921346951139888,0.3743362895312648,-0.8816923674248789
hiphop.00015,hiphop,0,0.9220483240320627,0.679250419056066,0.17174405243093055,-0.6946529769563338
hiphop.00016,hiphop,-1,0.0,,0.7128551145571203,0.6050750706685731
hiphop.00017,hiphop,0,0.8632236048641007,0.8921296231250804,-0.3873060709834189,-0.6691745327613778
hiphop.00018,hiphop,-1,0.0,,1.7780263638697233,1.11322866262462
hiphop.00019,hiphop,-1,0.0,,0.5967878323515319,0.7105671975491599
hiphop.00020,hiphop,-1,0.0,,0.6981981599044554,0.831007163211204
hiphop.00021,hiphop,0,0.8493398955274537,1.0464819886818892,0.7518200452701055,-0.5414873119436542
hiphop.00022,hiphop,0,0.7810282690159084,1.5671859558403525,-0.25262542765922796,0.40413334311728943
hiphop.00023,hiphop,0,0.9665663004290544,0.6587335927466236,-0.12544796789353505,-1.2484721201628652
hiphop.00024,hiphop,-1,0.0,,0.63641983826486,-0.07864466009417352
hiphop.00025,hiphop,0,0.8295468664942459,1.1936124221871052,0.5768301393697546,-0.19246376356328967
hiphop.00026,hiphop,-1,0.0,,2.5402548320924105,1.2680126547681305
hiphop.00027,hiphop,-1,0.0,,1.2888998684765702,1.093378017750767
hiphop.00028,hiphop,-1,0.0,,1.1773960519857252,0.5613546616179325
hiphop.00029,hiphop,1,0.9406553927680805,1.0808070959101157,1.5289940110822433,0.45651779706124623
hiphop.00030,hiphop,-1,0.0,,1.5975076832908752,-1.5488333909870522
hiphop.00031,hiphop,1,0.8896455274736216,0.8854367896884445,1.5992868848887614,-0.0784688842210305
hiphop.00032,hiphop,-1,0.0,,0.348672788145703,1.1661838799189863
hiphop.00033,hiphop,-1,0.0,,1.9468127232890864,0.30718376712744966
hiphop.00034,hiphop,1,0.895613983799721,1.2712015426006964,1.4081864680210552,-1.3044464695549025
hiphop.00035,hiphop,-1,0.0,,1.5046894508062651,1.0753481890588656
hiphop.00036,hiphop,-1,0.0,,1.6136434884555846,2.78255060394457
hiphop.00037,hiphop,-1,0.0,,3.4495673378933063,1.9638445012247376
hiphop.00038,hiphop,-1,0.0,,0.12017381467999469,1.686079914141869
hiphop.00039,hiphop,-1,0.0,,1.7045902241482873,2.461330909471324
hiphop.00040,hiphop,-1,0.0,,1.6935387643125444,3.0428459108244916
hiphop.00041,hiphop,-1,0.0,,0.8869637255360248,0.9367995768127503
hiphop.00042,hiphop,-1,0.0,,1.1807137762718567,1.2394204832328704
hiphop.00043,hiphop,-1,0.0,,-0.36155085019227395,1.1627083361465302
hiphop.00044,hiphop,-1,0.0,,1.3356373417685043,2.1643349334912396
hiphop.00045,hiphop,-1,0.0,,1.7045902241482873,2.461330909471324
hiphop.00046,hiphop,1,0.8902248005243902,1.5538326287519024,0.4932764871911586,0.9483068740568064
hiphop.00047,hiphop,-1,0.0,,1.8660166550777615,1.3215282691028847
hiphop.00048,hiphop,-1,0.0,,0.17222296247964247,0.7293796522512433
hiphop.00049,hiphop,-1,0.0,,0.963706875102678,0.3130500634076967
hiphop.00050,hiphop,-1,0.0,,-0.9319329809589115,1.2281636283698676
hiphop.00051,hiphop,-1,0.0,,1.2186774649272565,1.217173958553941
hiphop.00052,hiphop,-1,0.0,,0.8705934785040849,1.1166182015061485
hiphop.00053,hiphop,-1,0.0,,1.3885725991429307,1.246859020371467
hiphop.00054,hiphop,1,0.9350746381378054,1.0721922494714236,1.5892645607173452,0.42170514301554607
hiphop.00055,hiphop,-1,0.0,,-0.3609205616396611,0.5283928768184295
hiphop.00056,hiphop,-1,0.0,,-0.3074121398953121,-0.21489646955134917
hiphop.00057,hiphop,-1,0.0,,-0.7454687630093649,0.2392975887960499
hiphop.00058,hiphop,-1,0.0,,1.6226415864135468,0.9479707702170578
hiphop.00059,hiphop,-1,0.0,,-0.2762108913460866,0.5164313838791317
hiphop.00060,hiphop,-1,0.0,,-0.7548631484155951,0.6093479906023557
hiphop.00061,hiphop,-1,0.0,,-0.6667004422207826,0.3062343783811444
hiphop.00062,hiphop,-1,0.0,,1.4572510666502665,2.7330725273382646
hiphop.00063,hiphop,-1,0.0,,1.4171282991097625,1.6761739692682474
hiphop.00064,hiphop,-1,0.0,,0.28422838926274235,0.8977140964913434
hiphop.00065,hiphop,-1,0.0,,1.3051697865752094,2.475255505368139
hiphop.00066,hiphop,-1,0.0,,0.1789113229848705,1.15605176707765
hiphop.00067,hiphop,-1,0.0,,1.8866812862934206,1.2723499294827834
hiphop.00068,hiphop,1,0.9198104409920225,1.2823525822285695,0.5036355886886751,0.492762616805644
hiphop.00069,hiphop,-1,0.0,,1.7603265453913801,0.8793945172455577
hiphop.00070,hiphop,-1,0.0,,0.5241549863821696,1.0068586862168314
hiphop.00071,hiphop,-1,0.0,,1.9244718152978206,1.2020433060015923
hiphop.00072,hiphop,-1,0.0,,-0.5365933749434177,1.227341508016594
hiphop.00073,hiphop,-1,0.0,,1.3293850659313895,1.7078844996584737
hiphop.00074,hiphop,-1,0.0,,0.942169706199937,0.4513584191559373
hiphop.00075,hiphop,-1,0.0,,2.7514600120414285,2.2642299535669137
hiphop.00076,hiphop,-1,0.0,,1.006207527178402,2.1599409443761446
hiphop.00077,hiphop,1,0.8703715625492914,1.3747312458084762,1.6323480611470345,0.7859831034291818
hiphop.00078,hiphop,-1,0.0,,1.006207527178402,2.1599409443761446
hiphop.00079,hiphop,-1,0.0,,2.515871249140542,1.587910093560947
hiphop.00080,hiphop,1,0.9294831868501681,1.1599339707664555,2.1262873727774956,0.026337719545479293
hiphop.00081,hiphop,-1,0.0,,-1.2303393820418582,0.626633132431366
hiphop.00082,hiphop,0,0.7789328737285514,1.1537590974533416,0.5212208905548517,-0.560839382370401
hiphop.00083,hiphop,0,0.881737677136677,0.9464511612997198,0.29815229297697105,-0.3695925302250153
hiphop.00084,hiphop,-1,0.0,,0.3160947266833501,0.9790454791223575
hiphop.00085,hiphop,0,0.8435724300832415,1.114170636696561,0.6868480991673123,-0.7013917536255964
hiphop.00086,hiphop,-1,0.0,,-0.17584785465432812,0.4183833768747505
hiphop.00087,hiphop,-1,0.0,,0.5527996089693904,0.04234385121582747
hiphop.00088,hiphop,0,0.8435724300832415,1.0195021452830448,0.7887221138458496,-0.8906559873145794
hiphop.00089,hiphop,0,0.8358657117038645,1.0451324368796917,0.5693906146624221,-0.7239725153976352
hiphop.00090,hiphop,0,0.8376338195833768,0.7957025829461125,-0.036351848988784116,-0.9374536474785524
hiphop.00091,hiphop,0,0.8507555166398195,1.1335487956510177,0.6928746397503293,-0.5710392365388858
hiphop.00092,hiphop,-1,0.0,,-0.39029052504811734,-0.307619120407669
hiphop.00093,hiphop,-1,0.0,,1.2377095045933955,0.045231424123364464
hiphop.00094,hiphop,-1,0.0,,-0.9275660030230043,0.3277412167283405
hiphop.00095,hiphop,0,0.8466312158058005,1.133438702791952,0.833675257843023,-1.2590806089331443
hiphop.00096,hiphop,0,0.814252533701947,1.2454484739904317,-0.8691978371405076,-0.6011359924439311
hiphop.00097,hiphop,0,0.899586214624771,1.016979618160064,0.5957696534632215,-0.655716306349485
hiphop.00098,hiphop,0,0.7937605185960885,1.1132179591198947,0.3371582249836876,-0.42370916769066225
hiphop.00099,hiphop,-1,0.0,,0.19230426027330208,1.233097821869111
jazz.00000,jazz,-1,0.0,,-0.8052681531933489,1.1301379901020276
jazz.00001,jazz,-1,0.0,,-1.4941688842129242,0.7464579660275048
jazz.00002,jazz,-1,0.0,,-1.8624599671978457,0.6654062759184084
jazz.00003,jazz,-1,0.0,,-2.4827770272489036,0.6868636113546968
jazz.00004,jazz,-1,0.0,,-2.110235880168821,0.3904970986461975
jazz.00005,jazz,-1,0.0,,-1.6819460626579557,1.531168047818227
jazz.00006,jazz,-1,0.0,,-1.672510696153374,0.7700333831504518
jazz.00007,jazz,-1,0.0,,-1.9387912967930356,0.7465606947188853
jazz.00008,jazz,-1,0.0,,-1.631227527475384,0.025080724523481604
jazz.00009,jazz,-1,0.0,,-2.6246816449897863,-0.2194228457876442
jazz.00010,jazz,-1,0.0,,-2.433261466570629,1.3210338359297515
jazz.00011,jazz,0,0.7675206932032409,1.5889585945803184,-1.1548085870580882,-0.8215250908560521
jazz.00012,jazz,0,0.7979688765870103,1.7592929264396244,-1.4469782776193798,-0.718422122437558
jazz.00013,jazz,-1,0.0,,-1.4495169236337515,-0.9842398531946756
jazz.00014,jazz,-1,0.0,,-1.824981701837376,0.9589075190705026
jazz.00015,jazz,0,0.7587330061205632,1.542140315075336,-1.2158176679457882,-0.917738815014285
jazz.00016,jazz,-1,0.0,,-1.448897834519273,0.1750969240234394
jazz.00017,jazz,-1,0.0,,-0.7819535005861183,-0.09432319697849673
jazz.00018,jazz,-1,0.0,,-0.9721066101669016,-1.5452396805228377
jazz.00019,jazz,-1,0.0,,-1.811792659426987,-0.514914928302397
jazz.00020,jazz,-1,0.0,,-2.1669334396059656,0.3343365104611013
jazz.00021,jazz,-1,0.0,,1.6862202710368674,-1.0936127741822832
jazz.00022,jazz,-1,0.0,,-1.7088353549334259,0.17736632295721647
jazz.00023,jazz,-1,0.0,,-0.83876974886753,-0.5152692764271719
jazz.00024,jazz,-1,0.0,,-0.31507242240172056,-0.2195356339654172
jazz.00025,jazz,-1,0.0,,-1.3807236012547384,-0.0665750539040157
jazz.00026,jazz,-1,0.0,,-1.1379354601636984,1.3017570910252385
jazz.00027,jazz,-1,0.0,,-1.2919876389086364,-0.9032181439428862
jazz.00028,jazz,-1,0.0,,-1.2760522048918834,-0.6908825776884604
jazz.00029,jazz,-1,0.0,,-0.5399931395375224,-1.0582497823199688
jazz.00030,jazz,-1,0.0,,-0.6953888273273545,0.10820918447739236
jazz.00031,jazz,-1,0.0,,-1.2083857540849665,-0.9736497413857288
jazz.00032,jazz,-1,0.0,,-1.2534288102771542,0.17230399304315108
jazz.00033,jazz,-1,0.0,,-2.041466981826047,0.12612542597897997
jazz.00034,jazz,-1,0.0,,-0.7013682669092188,-0.210631832446215
jazz.00035,jazz,-1,0.0,,-2.5467343273721,-0.21963307999599913
jazz.00036,jazz,-1,0.0,,-0.6687618260707441,0.05312904168470232
jazz.00037,jazz,-1,0.0,,-1.8538614259494466,-0.1376822337969141
jazz.00038,jazz,-1,0.0,,-1.4899236852931954,-0.6419818424795226
jazz.00039,jazz,-1,0.0,,-1.4644805785938098,0.5079688716371795
jazz.00040,jazz,-1,0.0,,-1.6322797612975508,0.025313726783787665
jazz.00041,jazz,-1,0.0,,-0.9070267152271476,0.3395056516465674
jazz.00042,jazz,-1,0.0,,-1.5933933725491929,0.17606597117291112
jazz.00043,jazz,-1,0.0,,-1.06775461178888,-0.27967520720033023
jazz.00044,jazz,-1,0.0,,-2.017586976457107,0.3215623493003772
jazz.00045,jazz,-1,0.0,,-2.3840164864974067,-0.360831413126279
jazz.00046,jazz,-1,0.0,,-1.9376741797946435,-0.04067676540396193
jazz.00047,jazz,-1,0.0,,-0.4361542723503343,-0.8354070716480743
jazz.00048,jazz,-1,0.0,,-1.1383304157590333,-0.8372967934853662
jazz.00049,jazz,-1,0.0,,-0.5621132629404373,0.9501313026522529
jazz.00050,jazz,-1,0.0,,-0.23182484356656202,-1.173062437464376
jazz.00051,jazz,-1,0.0,,-2.0192707114357313,0.1118913420138474
jazz.00052,jazz,-1,0.0,,-0.1864349842144815,-0.23499870538696344
jazz.00053,jazz,-1,0.0,,-0.5916865958955014,-0.15777292625956552
jazz.00055,jazz,-1,0.0,,-2.523168702790028,-0.24396009053236362
jazz.00056,jazz,1,0.8918260914582746,1.2665218880738527,0.5190215649143444,-0.9818161738573797
jazz.00057,jazz,-1,0.0,,-1.499492857322836,0.3691212497310024
jazz.00058,jazz,-1,0.0,,-0.5973612422245436,0.05982209670151041
jazz.00059,jazz,-1,0.0,,-1.488586913673344,0.5632375260144616
jazz.00060,jazz,-1,0.0,,-1.6377557020838511,-0.03181604028112201
jazz.00061,jazz,1,0.9264412296505117,1.6734740004005129,-0.1186404433731462,-1.0687926183303216
jazz.00062,jazz,-1,0.0,,-1.263712492559948,-0.47106329114308765
jazz.00063,jazz,-1,0.0,,-0.1665944441168395,-1.4270604619717344
jazz.00064,jazz,-1,0.0,,-1.4776960261812697,-1.3548130735117603
jazz.00065,jazz,-1,0.0,,-1.4376536645944715,0.49007217338257664
jazz.00066,jazz,-1,0.0,,-1.0654226559276712,-0.41819338523170924
jazz.00067,jazz,-1,0.0,,-1.5691447102237919,0.037481725060959856
jazz.00068,jazz,-1,0.0,,-1.553754635570486,0.13386253415900798
jazz.00069,jazz,-1,0.0,,-0.7473035405237389,0.008692042222204491
jazz.00070,jazz,-1,0.0,,-1.8600692252184885,0.28405448179805126
jazz.00071,jazz,-1,0.0,,-2.3431972237468655,-0.3806688972614995
jazz.00072,jazz,-1,0.0,,-1.9088758393985217,-0.06424375338041925
jazz.00073,jazz,-1,0.0,,0.5744641317342438,-0.6062565812562116
jazz.00074,jazz,-1,0.0,,-0.07503934582127603,0.3398852273619851
jazz.00075,jazz,-1,0.0,,0.5094711730670605,-0.6705073312645015
jazz.00076,jazz,-1,0.0,,-1.2046648416931967,-0.10730465131676133
jazz.00077,jazz,-1,0.0,,0.3844524254781033,-0.902059035036791
jazz.00078,jazz,-1,0.0,,-0.1987335879146534,0.18340674022694492
jazz.00079,jazz,-1,0.0,,0.16803908069262258,-0.4759556277291812
jazz.00080,jazz,-1,0.0,,0.5988453061591136,-1.258073284974073
jazz.00081,jazz,-1,0.0,,1.032628640832528,0.35238491235455655
jazz.00082,jazz,-1,0.0,,3.11314503017279,0.14935297083716695
jazz.00083,jazz,-1,0.0,,1.4902288421842538,-0.6187499055727218
jazz.00084,jazz,-1,0.0,,0.6668443439207389,-0.6358716619421921
jazz.00085,jazz,-1,0.0,,0.7649495147050155,-0.7310552616348123
jazz.00086,jazz,-1,0.0,,3.1779823860786043,-0.6165549004118659
jazz.00087,jazz,-1,0.0,,-1.0789893219634148,1.5918538453985107
jazz.00088,jazz,-1,0.0,,-0.44098919285642946,0.3670067224585183
jazz.00089,jazz,-1,0.0,,-0.6697908543972562,1.013423828532258
jazz.00090,jazz,-1,0.0,,-1.1892326126204802,-0.5335734312326796
jazz.00091,jazz,-1,0.0,,2.5508815689339523,2.1821447274224917
jazz.00092,jazz,-1,0.0,,0.46604477209393264,1.5244365906979678
jazz.00093,jazz,-1,0.0,,-0.6169891012658426,-0.6247277394604471
jazz.00094,jazz,-1,0.0,,-2.1345342618709076,0.8461893051706307
jazz.00095,jazz,-1,0.0,,-1.128229543756796,-0.3237423186461905
jazz.00096,jazz,-1,0.0,,-0.6009464202318232,0.7403884795734684
jazz.00097,jazz,-1,0.0,,-2.0948559702056793,0.8020546170637749
jazz.00098,jazz,-1,0.0,,-0.9151346221580936,-0.3378598531039924
jazz.00099,jazz,-1,0.0,,-1.614485346617221,0.1523276667986254
metal.00000,metal,-1,0.0,,1.4734746957682532,-1.647096962119788
metal.00001,metal,0,0.7501820590616068,1.527801400574501,0.8536152422656839,-1.9025394712701245
metal.00002,metal,0,0.8125234598000206,1.111799431457042,-0.021130996595592793,-1.852865576290981
metal.00003,metal,0,0.9041593749130685,1.4628339115759927,0.8503424884092307,-2.046583340916636
metal.00004,metal,-1,0.0,,1.651097952656025,-1.6415357670649204
metal.00005,metal,0,0.9191624053683733,0.8135659639957742,0.20376332831815797,-1.4962408165336216
metal.00006,metal,-1,0.0,,1.7125269307357105,-1.317570664303997
metal.00007,metal,-1,0.0,,1.0384021097326124,-1.9293032150342235
metal.00008,metal,-1,0.0,,1.5686599561902712,-0.06862167943541729
metal.00009,metal,-1,0.0,,-0.4393596973073059,-2.0325375136709565
metal.00010,metal,-1,0.0,,1.1954043188964338,-2.4615722982420936
metal.00011,metal,-1,0.0,,0.4134535276745171,-2.8372290779927507
metal.00012,metal,0,0.8983684249648031,1.8151547939228172,0.6197799065720744,-2.5075226160083495
metal.00013,metal,0,0.8765666421775155,2.06318090088785,1.1310045161664848,-2.4682204870471685
metal.00014,metal,0,0.7887632631785012,1.7104668475391003,0.7832056501520469,-2.1383460869404907
metal.00015,metal,0,0.8239985377377601,1.739023771523256,0.8077056801381749,-2.3090720501868174
metal.00016,metal,0,0.8007254943902853,1.6305607372642772,0.8961549379189265,-2.0621223683615724
metal.00017,metal,0,0.9198474253295006,1.408929616290997,0.7818237647438439,-2.0772716391876855
metal.00018,metal,-1,0.0,,0.5514789975967113,-1.978574254615681
metal.00019,metal,0,0.9213792449830723,1.1495379556303598,0.7782699440559351,-1.613256081207294
metal.00020,metal,0,0.9165447895241432,1.1759258122828031,0.6287611318214089,-1.855623686221809
metal.00021,metal,0,0.8166882910018909,1.805913231236307,1.210758994547762,-2.025486629786346
metal.00022,metal,-1,0.0,,-0.38041416348835433,-1.8590746595566983
metal.00023,metal,0,0.7879602248266407,1.1687463646729934,0.34700391105682415,-1.727693594748058
metal.00024,metal,0,0.922157635735955,0.9720070510247265,0.34514739226723873,-1.7298765405246277
metal.00025,metal,0,0.8248976814788641,0.7806620535326422,0.28752406044761447,-1.0922995923661314
metal.00026,metal,-1,0.0,,0.9297900386753126,-2.5009445497575107
metal.00027,metal,0,1.0,1.314904100483261,-0.04592832825380193,-2.213959250334412
metal.00028,metal,0,0.8502039145723603,1.9027861042582312,0.8589268764547435,-2.6136779953607054
metal.00029,metal,0,0.844255055598593,1.3028073115525693,1.1057642833197918,-1.393711578593888
metal.00030,metal,-1,0.0,,-1.3334751348704057,-1.0555447015201602
metal.00031,metal,0,0.9743088306864938,0.9313166036900643,0.34135803419490324,-1.7252926252300693
metal.00032,metal,0,0.9713565941358089,0.9002413309794358,0.3866448222071562,-1.600350190149196
metal.00033,metal,-1,0.0,,-6.24581669790611e-06,-0.9575580506943037
metal.00034,metal,-1,0.0,,1.1253672998979427,-0.866614101598552
metal.00035,metal,0,0.7637108622772947,1.3263767477791635,1.053129566274121,-1.4378793856090717
metal.00036,metal,0,1.0,1.23338015794834,0.7762627361461972,-1.8957839225913347
metal.00037,metal,0,0.8631896357162344,1.169842337287471,0.12907613796387435,-1.8742366661833623
metal.00038,metal,-1,0.0,,0.7755867035136204,0.6435475108312254
metal.00039,metal,-1,0.0,,-0.3281529911449625,-0.33878596191042687
metal.00040,metal,0,0.9713565941358089,1.3554517492817828,0.8737615160998271,-1.9231987047033643
metal.00041,metal,0,0.8639731450129682,1.0607653453928163,0.08041487841114801,-1.7636317408296303
metal.00042,metal,0,0.9617266894167928,1.3584014905160156,0.27399604980792724,-2.1720780041260883
metal.00043,metal,-1,0.0,,1.1812413342757022,-0.8464032304438049
metal.00044,metal,0,0.8843363897626837,1.3636099902280436,0.8298136666273094,-1.8537651285328565
metal.00045,metal,-1,0.0,,0.6822292876584439,-0.4132412848435807
metal.00046,metal,0,0.9959267555934921,1.7131647735659306,0.555337246657125,-2.531887007838811
metal.00047,metal,0,0.9959267555934921,1.658432179782911,1.005880019718482,-2.1942014707232036
metal.00048,metal,0,0.9959267555934921,1.8188306324456924,0.6703389987315795,-2.5524380062100684
metal.00049,metal,0,0.9946164363736064,2.103570683627006,0.874199363124893,-2.741575283260603
metal.00050,metal,0,0.9520700981919862,1.7965805238319428,0.7942177340398572,-2.365295772658272
metal.00051,metal,-1,0.0,,1.8409704098668997,-2.322911986394725
metal.00052,metal,0,0.7772905925467273,1.221673274989096,0.9200783565774047,-1.425956628775383
metal.00053,metal,0,0.9521906308125809,1.6490893571575436,0.7500325675720332,-2.2596653710309957
metal.00054,metal,0,0.9297303562167081,1.9877950547518872,1.2369172550926637,-2.3934572275565444
metal.00055,metal,0,0.8983684249648031,2.0162555135848015,1.0912459020732066,-2.4269022131434173
metal.00056,metal,0,0.9116421013260628,1.7563903817346858,0.9141099653702749,-2.2868775405457287
metal.00057,metal,0,0.8958988441118052,0.9374900894627615,0.6249649895776144,-1.3983428334358547
metal.00058,metal,0,1.0,1.305697915267169,0.258502459240545,-2.224049052035673
metal.00059,metal,0,0.9496042759692508,1.6185184506560621,0.22776335160561198,-2.5173327214555816
metal.00060,metal,0,0.9515187398838766,1.3874067628527156,0.18223890346267793,-2.224742398222406
metal.00061,metal,0,0.9713565941358089,1.3554517492817828,0.8737615160998271,-1.9231987047033643
metal.00062,metal,0,0.8639731450129682,1.0607653453928163,0.08041487841114801,-1.7636317408296303
metal.00063,metal,0,0.9617266894167928,1.3584014905160156,0.27399604980792724,-2.1720780041260883
metal.00064,metal,-1,0.0,,1.1812413342757022,-0.8464032304438049
metal.00065,metal,0,0.8843363897626837,1.3636099902280436,0.8298136666273094,-1.8537651285328565
metal.00066,metal,-1,0.0,,0.6822292876584439,-0.4132412848435807
metal.00067,metal,0,0.8861269447210544,0.7002942404952622,-0.03831240995095755,-1.3227167500045536
metal.00068,metal,0,0.9042042447585925,0.6955488429414735,0.17037429329961867,-1.1951047811982185
metal.00069,metal,-1,0.0,,-1.0842044386416556,-1.0115714583738322
metal.00070,metal,-1,0.0,,0.8788197288304767,-0.16997031173916044
metal.00071,metal,0,0.9086788753313316,1.0390390629744746,0.8199152668967475,-1.1108623507417665
metal.00072,metal,0,0.9482197874208506,1.1521055830866878,-0.005857507402558478,-1.9397220427863118
metal.00073,metal,0,0.8581764057697806,0.8270818036583342,0.4775314032902574,-1.1730440699606435
metal.00074,metal,0,0.8112573792467663,1.0585635529084279,0.8451046813180904,-1.0226340439648474
metal.00075,metal,0,0.8125305930842521,0.9775965920014038,-0.2090885025101262,-0.509975288828389
metal.00076,metal,-1,0.0,,0.833531518166688,-1.4513011845125967
metal.00077,metal,0,0.9685465989683887,1.4151507062410325,0.5533503273393455,-2.1847590017939176
metal.00078,metal,0,0.7806998466237798,1.0940213514320283,0.8324341717536331,-1.2247818382992661
metal.00079,metal,0,0.9544908568283653,0.8711293841077528,0.5931897345109987,-1.4056540619661455
metal.00080,metal,0,0.8848234887643381,1.0184066830847165,0.7970518523098141,-1.1491517119605033
metal.00081,metal,0,0.87727033393416,1.386705053593821,-0.26134623950609165,-2.1522909909366237
metal.00082,metal,0,0.9387732392410938,1.1479269133373058,0.050538258333056675,-2.0149724794886006
metal.00083,metal,0,0.778000556719981,1.0473252823866392,0.32650253494632187,-1.4809196967725415
metal.00084,metal,0,0.9130771931944843,0.8414579169979968,0.5652558526526779,-1.3361733159932332
metal.00085,metal,0,0.8444710665746545,1.0594850366916948,0.5283561117475819,-1.5281964738605693
metal.00086,metal,0,0.9771314115759845,1.0708047848576672,0.7293772223352658,-1.674395899192213
metal.00087,metal,-1,0.0,,1.3758220979138747,-1.9539681779565925
metal.00088,metal,-1,0.0,,-0.34239436489106934,0.21323621270112073
metal.00089,metal,-1,0.0,,-1.4033459218746267,-0.8248844231916151
metal.00090,metal,-1,0.0,,-0.2826773581465981,-1.242779816277043
metal.00091,metal,0,0.9367675587012412,0.6893338828404368,0.08884113783908157,-1.2004831730457801
metal.00092,metal,0,0.8709535226638225,0.8915473920950567,-0.4347900719204534,-1.3104706411848261
metal.00093,metal,0,0.8540742155032582,1.4470539531813662,0.305268353884783,-2.1809155988002527
metal.00094,metal,-1,0.0,,1.1253672998979427,-0.866614101598552
metal.00095,metal,0,0.9278609484451709,0.7466243835296079,0.3367071682938217,-1.2897777828250263
metal.00096,metal,0,0.8047973388451877,1.0673051057059417,0.7150239579407732,-0.4865851895883522
metal.00097,metal,-1,0.0,,-0.3704854282350806,-0.36849924359999725
metal.00098,metal,-1,0.0,,0.24764012210265973,0.003023326386847699
metal.00099,metal,0,0.9201905637608865,0.7529949833883148,0.2970800300031714,-0.6180669142502824
pop.00000,pop,-1,0.0,,2.0167977917183637,1.1770296046263398
pop.00001,pop,-1,0.0,,2.558277447091927,1.7149386504110669
pop.00002,pop,1,0.881240983430627,1.092066840056448,1.6127680769429893,0.3120045494637129
pop.00003,pop,-1,0.0,,-0.04774959120979337,0.5140497276316295
pop.00004,pop,1,0.8960369958963723,0.7910229239734232,1.25413716547597,-0.29735857342772776
pop.00005,pop,-1,0.0,,0.10531080921023371,1.0573479247539186
pop.00006,pop,-1,0.0,,-0.06700404210060293,0.4968964304263868
pop.00007,pop,-1,0.0,,-0.1440621601746767,1.7408252014089647
pop.00008,pop,1,0.8897666569570866,1.1867678669714592,1.6468958770065636,0.36357604083477835
pop.00009,pop,1,0.9619435613585487,0.9203711883217612,1.6749642904766544,-0.5074108480696027
pop.00010,pop,-1,0.0,,-0.16767478744645334,0.632329498109916
pop.00011,pop,-1,0.0,,-0.17330094808159208,1.0633248494810572
pop.00012,pop,1,0.9832280633181785,0.6373093521187414,0.902399079143403,-0.2214085282582258
pop.00013,pop,-1,0.0,,-0.2908288174787084,1.3394966590904407
pop.00014,pop,-1,0.0,,-0.3135341067185939,-0.6441260165263296
pop.00015,pop,1,1.0,1.0214420321885156,1.8231727257466075,0.4136396069624298
pop.00016,pop,-1,0.0,,1.9938219174648268,0.9058833731579434
pop.00017,pop,1,0.919814691366893,0.9130442416965655,0.7813874522691847,-0.7142121216054788
pop.00018,pop,1,0.944900603634007,0.9672048790196571,1.7192399158447147,0.2009403811476806
pop.00019,pop,-1,0.0,,2.4056458520505766,0.865891620852624
pop.00020,pop,1,0.8875700574161927,1.2481809148707297,2.2844687783278324,-0.3245467388107278
pop.00021,pop,-1,0.0,,2.384057015344006,0.23227526386198225
pop.00022,pop,1,1.0,1.0184578402059739,1.8130045472199958,0.42053754822971573
pop.00023,pop,-1,0.0,,2.9242683132326093,0.9957686561245347
pop.00024,pop,1,1.0,1.0611633031129595,1.8760211129169035,0.41540948958633656
pop.00025,pop,-1,0.0,,1.6434839017731238,1.4890436748872686
pop.00026,pop,-1,0.0,,0.8125652983816504,0.9023766349969363
pop.00027,pop,1,0.9747417162117219,1.0796934153879925,0.6978781965020247,0.4491979836637447
pop.00028,pop,1,0.9857720713974416,0.6018985765405794,1.090576334896963,-0.0680535149922815
pop.00029,pop,1,0.9374761778100562,0.7698673321333738,0.9227931236088609,0.11417338341441534
pop.00030,pop,1,0.9507434877342332,0.6810910681526353,1.469017781961344,-0.1622468761563814
pop.00031,pop,1,0.932798106191591,0.7646386375926133,1.5362910412012227,-0.12611127349186546
pop.00032,pop,-1,0.0,,4.118620819739309,1.3524007378364924
pop.00033,pop,-1,0.0,,0.8070958943721184,0.16390810404877332
pop.00034,pop,1,0.920278249928561,1.3602125373874154,1.782166511041289,0.8116535592981635
pop.00035,pop,1,0.9734008408671215,0.748876161928481,1.606541102880504,-0.5239346647013288
pop.00036,pop,-1,0.0,,1.7294578302387567,1.049961383414668
pop.00037,pop,1,0.8922512208309278,0.8756630697773291,1.6475262469940024,-0.155396611207731
pop.00038,pop,1,1.0,0.7451474030469476,1.734742641357385,0.002049763999221761
pop.00039,pop,-1,0.0,,2.994072955105407,0.6985083636030623
pop.00040,pop,-1,0.0,,-0.47280009772156,-0.016673927944411134
pop.00041,pop,-1,0.0,,-0.1152102638001968,1.1880902310140622
pop.00042,pop,1,0.9807736024401476,0.837973397412977,1.569087018826036,0.31586549566904115
pop.00043,pop,-1,0.0,,1.2560984425658062,0.5944629097334617
pop.00044,pop,1,0.9177832428455668,1.0168335109010467,1.4558769026350993,0.43297550789159517
pop.00045,pop,-1,0.0,,1.5933994360214896,1.4403680754907684
pop.00046,pop,-1,0.0,,1.55115753648565,1.4558965532093486
pop.00047,pop,1,0.9468628251615706,1.0832860444639547,1.4393015859057743,0.6536264696168668
pop.00048,pop,-1,0.0,,3.028422188811218,0.2777272571964681
pop.00049,pop,-1,0.0,,0.09741055398138151,1.9569698130767856
pop.00050,pop,1,0.9368239933433503,1.9041884655822494,1.7981778987626782,1.45478393223733
pop.00051,pop,-1,0.0,,3.6697623727926936,0.2007129831901433
pop.00052,pop,-1,0.0,,2.564611088347268,1.0695787329214708
pop.00053,pop,-1,0.0,,1.1474774789494264,2.294784449131329
pop.00054,pop,-1,0.0,,2.2238736692994023,1.320358372192889
pop.00055,pop,-1,0.0,,3.34378488891433,1.659512217999935
pop.00056,pop,-1,0.0,,3.200279880015869,2.3401029146049708
pop.00057,pop,-1,0.0,,2.5411332854795545,1.0427295119334719
pop.00058,pop,-1,0.0,,2.3043638829843047,1.6573701123409657
pop.00059,pop,-1,0.0,,3.1687915854158906,2.2740865180452206
pop.00060,pop,-1,0.0,,2.2238736692994023,1.320358372192889
pop.00061,pop,-1,0.0,,1.6883609360123228,1.3874376036581966
pop.00062,pop,-1,0.0,,-0.041370027881777745,0.06318157846185803
pop.00063,pop,-1,0.0,,-0.7466488340592563,-0.14538698636939068
pop.00064,pop,-1,0.0,,2.853933549375048,1.6420335974201572
pop.00065,pop,-1,0.0,,0.4733647407664258,0.5593462362540129
pop.00066,pop,-1,0.0,,0.796498747704043,0.7789664017721063
pop.00067,pop,-1,0.0,,3.1332013327024653,0.6345346665007039
pop.00068,pop,-1,0.0,,2.4270773288234606,1.1810766668353518
pop.00069,pop,1,0.9027640408379386,1.342017553100049,0.19663124819311426,-0.6798015951754386
pop.00070,pop,-1,0.0,,1.6575987722650376,1.4120044472427662
pop.00071,pop,-1,0.0,,3.1332013327024653,0.6345346665007039
pop.00072,pop,1,0.9611887833771785,0.9870603385841813,0.7385517593101446,-0.760839752147754
pop.00073,pop,1,0.927822664088417,1.2823380532282713,2.28659345174448,0.1051336030296875
pop.00074,pop,-1,0.0,,2.3250954925848313,2.0334330569243435
pop.00075,pop,1,0.8689822087502442,1.7435200917446652,2.4070792391031,0.6614483371233545
pop.00076,pop,1,0.8802096397891641,1.4335070998801025,2.0074983453734143,0.6703629679405173
pop.00077,pop,-1,0.0,,3.457459040140493,0.8276642933471773
pop.00078,pop,1,0.9368239933433503,1.6342138279064875,1.903634682397258,1.0381844117041596
pop.00079,pop,-1,0.0,,0.23598067317928537,1.2715592560371216
pop.00080,pop,1,0.9466392631269105,1.084979571526263,1.441656576566683,0.6565411995079535
pop.00081,pop,-1,0.0,,-0.015279348742665098,0.22218271578323578
pop.00082,pop,-1,0.0,,0.9451779360395722,-0.0035162219412139747
pop.00083,pop,-1,0.0,,0.1430007864096522,0.12982458300315847
pop.00084,pop,-1,0.0,,2.855037743604844,2.5226863989473
pop.00085,pop,-1,0.0,,1.1929932642167602,1.3393352533788068
pop.00086,pop,1,0.8918934791097265,1.2685645343076,2.1637992317586963,-0.688035739323507
pop.00087,pop,1,0.8674439870654892,1.328947819643462,2.2345432282040507,0.22040497380209254
pop.00088,pop,-1,0.0,,2.683164937582645,1.275339826280497
pop.00089,pop,-1,0.0,,2.4668755158191518,1.2467251027825277
pop.00090,pop,1,0.8716970647181946,1.338916050789342,2.247069272651246,0.20929665249510238
pop.00091,pop,-1,0.0,,2.531182125488927,0.3134377947074705
pop.00092,pop,1,0.9513092892950532,1.058010856822712,1.862914799172936,0.3231772860449296
pop.00093,pop,1,0.9194807198753335,0.7610517906112849,1.1759144204952454,-0.6362118579010044
pop.00094,pop,1,0.9328622113334543,0.8078158302289902,1.1351031734425403,0.17414748471921193
pop.00095,pop,-1,0.0,,1.196788799192823,0.788733608026023
pop.00096,pop,-1,0.0,,1.3467824678113998,1.0607959736338572
pop.00097,pop,-1,0.0,,3.1508539113993947,2.5751952430795617
pop.00098,pop,-1,0.0,,2.365917111868623,0.2609943919267226
pop.00099,pop,-1,0.0,,0.7609429389879339,0.8168539373009457
reggae.00000,reggae,0,0.7973009311737234,1.174102046261337,-0.3979031743492878,-0.21616376404039395
reggae.00001,reggae,-1,0.0,,-0.8899655240182364,0.0740207062078049
reggae.00002,reggae,0,0.8219155762929743,1.9305148146970712,-0.6526959268510404,0.6798060600480372
reggae.00003,reggae,-1,0.0,,-0.02068511256993186,1.2386378600930672
reggae.00004,reggae,0,0.7580984068293158,2.1768193648839325,-0.27021015000491366,0.9418064401026862
reggae.00005,reggae,0,0.8219155762929743,1.7461941171343556,-0.6566863042637476,0.486237994945561
reggae.00006,reggae,0,0.7972460698493081,2.4709329507155933,-0.7901859192715268,1.1947344986423518
reggae.00007,reggae,0,0.7879816397470567,2.274857818765377,-0.6534238141258422,0.9639085196277669
reggae.00008,reggae,0,0.8219155762929743,2.297539795995916,-0.6364525433593042,1.0497660407181255
reggae.00009,reggae,-1,0.0,,-0.4368621646485102,1.627438580665367
reggae.00010,reggae,-1,0.0,,0.24967503204282251,1.1278951447190846
reggae.00011,reggae,-1,0.0,,-0.683442773898175,0.2546886799998888
reggae.00012,reggae,-1,0.0,,1.0262037803762591,1.2017460315653377
reggae.00013,reggae,0,0.7879816397470567,2.598698698255758,-0.4820238811689964,1.442147713140316
reggae.00014,reggae,-1,0.0,,-0.3361763250907807,1.906510375486083
reggae.00015,reggae,0,0.7731554258305198,1.851898695347494,-0.3737074466252877,0.6099792109227956
reggae.00016,reggae,0,0.9082649382729514,0.9509334059107055,-0.5019692099165987,-0.7336992091097422
reggae.00017,reggae,0,0.7979692964889367,2.3270951335661754,-0.1454552992697832,1.1342216337407023
reggae.00018,reggae,0,0.8022255055994558,2.150719147831125,-0.11521246566954631,1.0562204280087617
reggae.00019,reggae,-1,0.0,,-0.12833817413761006,1.7975920691114113
reggae.00020,reggae,0,0.8219155762929743,2.4677548048727447,-0.7061426546033596,1.1795071332144367
reggae.00021,reggae,0,0.9276691283222649,0.7695240801867829,-0.350274954508553,-0.6419980706064438
reggae.00022,reggae,0,0.8635098668103914,1.0589239599382279,-0.5672108455786703,-0.507776719190901
reggae.00023,reggae,-1,0.0,,1.0690019080946929,0.6600029921261985
reggae.00024,reggae,0,0.8219155762929743,2.1719339685163948,-0.3603238217315878,1.0257823510388653
reggae.00025,reggae,0,0.7723113428029148,2.614768072922516,-0.5303478201940885,1.4240732470315574
reggae.00026,reggae,0,0.8108189904333051,2.4076578697182334,-0.4264901059686988,1.2139933058480563
reggae.00027,reggae,-1,0.0,,0.29152016513310763,1.5985226936913066
reggae.00028,reggae,-1,0.0,,-0.31473318017968577,1.6078885359049306
reggae.00029,reggae,-1,0.0,,-1.3941142884279545,0.2622219663734581
reggae.00030,reggae,-1,0.0,,-0.04181519849505813,1.5883424408339792
reggae.00031,reggae,-1,0.0,,-0.8998489663346904,1.2890010398893936
reggae.00032,reggae,-1,0.0,,-1.0011109494245267,0.577781365779896
reggae.00033,reggae,-1,0.0,,-0.49928374848380985,1.310490929731886
reggae.00034,reggae,-1,0.0,,-1.3544925552961682,0.9046521337658024
reggae.00035,reggae,0,0.7739780441196759,2.180190336584118,-0.7084356076261665,0.8944364573793724
reggae.00036,reggae,-1,0.0,,-0.6160470636194786,1.2919462693026436
reggae.00037,reggae,-1,0.0,,-0.6333365792707959,1.4540632884340563
reggae.00038,reggae,-1,0.0,,-0.6904112473657047,1.487624014559691
reggae.00039,reggae,-1,0.0,,-1.8241484891849606,1.9449893270307352
reggae.00040,reggae,-1,0.0,,0.37662978918997475,2.33643064382831
reggae.00041,reggae,-1,0.0,,-0.524221535034842,0.7921132255554836
reggae.00042,reggae,-1,0.0,,0.5038656268748964,0.7201712767232982
reggae.00043,reggae,-1,0.0,,-1.2311320297787998,-0.25179788377468204
reggae.00044,reggae,1,0.8703213604836443,1.4033098497842158,0.4977268737765606,0.6033891893821514
reggae.00045,reggae,-1,0.0,,3.244658193358744,0.5064423982430027
reggae.00046,reggae,-1,0.0,,0.2047909100981351,0.5105859601741355
reggae.00047,reggae,-1,0.0,,0.7267586543945237,0.8261563304377181
reggae.00048,reggae,-1,0.0,,1.0327613402086633,0.5800169141835598
reggae.00049,reggae,-1,0.0,,0.05604661530287449,0.2645536038903107
reggae.00050,reggae,-1,0.0,,2.0934487761353675,1.5975535968115118
reggae.00051,reggae,-1,0.0,,5.286622033369323,1.8102320680382271
reggae.00052,reggae,-1,0.0,,2.2547143564047922,1.3836918881667295
reggae.00053,reggae,-1,0.0,,0.7126909687454637,2.0725816388363225
reggae.00054,reggae,-1,0.0,,1.2874351874755932,1.892733568556531
reggae.00055,reggae,-1,0.0,,0.6016641891630918,0.5048994698718683
reggae.00056,reggae,-1,0.0,,0.23949634373798645,1.1317444611974286
reggae.00057,reggae,-1,0.0,,0.28582322760769985,1.5480838202322258
reggae.00058,reggae,-1,0.0,,1.3352606999954828,1.7424087072169931
reggae.00059,reggae,-1,0.0,,1.0002230412296014,0.5169733519163545
reggae.00060,reggae,-1,0.0,,0.7663444496264283,1.2533134333566986
reggae.00061,reggae,-1,0.0,,1.82333565662132,1.0394773804721678
reggae.00062,reggae,-1,0.0,,-0.005020251256206243,1.7503921770405328
reggae.00063,reggae,-1,0.0,,-0.31793783914442847,0.6025980199446592
reggae.00064,reggae,-1,0.0,,1.5341502669448484,1.1516617021093294
reggae.00065,reggae,-1,0.0,,0.2051138565183742,1.228090234359167
reggae.00066,reggae,-1,0.0,,-0.8700144844005335,0.48092278589867854
reggae.00067,reggae,-1,0.0,,-0.9104874290277201,-0.006515842014720442
reggae.00068,reggae,-1,0.0,,0.0790509901871257,1.4501657386850717
reggae.00069,reggae,-1,0.0,,0.4488520906414875,1.0198295519047833
reggae.00070,reggae,-1,0.0,,-0.34856177316806625,0.7646279156576813
reggae.00071,reggae,-1,0.0,,2.1106179358076482,2.350739506190758
reggae.00072,reggae,-1,0.0,,1.8309582712831,1.5130977105680141
reggae.00073,reggae,-1,0.0,,-0.3984963196113775,0.18455122249455508
reggae.00074,reggae,-1,0.0,,-0.40317464353633553,0.18427415267978095
reggae.00075,reggae,-1,0.0,,0.6038657624778978,0.06819987452562747
reggae.00076,reggae,-1,0.0,,0.9912405999932553,1.8753766420991747
reggae.00077,reggae,-1,0.0,,-0.718304070787979,-0.016710353262868762
reggae.00078,reggae,-1,0.0,,0.4657464538094077,1.274948799950387
reggae.00079,reggae,-1,0.0,,2.496905878021278,0.8249973522754149
reggae.00080,reggae,-1,0.0,,0.7481442902144458,1.3211450915965324
reggae.00081,reggae,-1,0.0,,0.9080931046946414,1.5392327417669527
reggae.00082,reggae,-1,0.0,,0.9080931046946414,1.5392327417669527
reggae.00083,reggae,-1,0.0,,-0.9678227097720223,1.6839585236212582
reggae.00084,reggae,-1,0.0,,-0.568848670003466,0.31474609181324015
reggae.00085,reggae,-1,0.0,,-0.351671838652659,0.8154372298120259
reggae.00086,reggae,-1,0.0,,4.907704154268025,1.1179966591121056
reggae.00087,reggae,-1,0.0,,2.396774588811736,2.326097970471755
reggae.00088,reggae,-1,0.0,,2.375726900458779,-0.1459144367622274
reggae.00089,reggae,-1,0.0,,-1.8089142729418135,0.7500679838900244
reggae.00090,reggae,-1,0.0,,1.769638358953336,1.5783472367893792
reggae.00091,reggae,-1,0.0,,0.1963838327793081,-0.07700047264687104
reggae.00092,reggae,-1,0.0,,-0.008123267403677173,-0.11405544567408404
reggae.00093,reggae,-1,0.0,,0.01724001717776759,1.0247858604044033
reggae.00094,reggae,1,0.883406063653226,1.4143925102166095,0.14754998097599348,-0.23772385886068642
reggae.00095,reggae,-1,0.0,,0.47873959058493926,-0.273009159743793
reggae.00096,reggae,-1,0.0,,-0.35946969615584307,1.0505469501451647
reggae.00097,reggae,-1,0.0,,-0.42077205496853964,0.10619699799941806
reggae.00098,reggae,-1,0.0,,-0.3926135792667946,0.48964477909996507
reggae.00099,reggae,-1,0.0,,0.837237563625889,-0.643320520055498
rock.00000,rock,0,0.8012949912100567,1.13416191549308,-0.4940373500470162,-0.2545029946252697
rock.00001,rock,0,0.7624990978743644,1.6387235004509468,-1.2144539883145267,-0.31598166528534727
rock.00002,rock,-1,0.0,,-0.4048914542317719,0.390678168528042
rock.00003,rock,-1,0.0,,-1.2634031173327225,0.4239216343340135
rock.00004,rock,-1,0.0,,-1.1044998413636449,0.1369472246422521
rock.00005,rock,-1,0.0,,-1.1694391475459893,-1.0740774167726472
rock.00006,rock,0,0.783722121662865,1.303955847612928,-0.7706117484792451,-0.4213788832650421
rock.00007,rock,0,0.7686060963031665,1.8821949431719682,-1.3296701752925317,-0.11508502321976623
rock.00008,rock,-1,0.0,,-1.096158922441035,-2.0600247994361585
rock.00009,rock,-1,0.0,,-1.7400297109034883,0.26105129224626944
rock.00010,rock,0,0.8521684853830642,1.1459578532565249,-0.5094470224569336,-0.32838968914451183
rock.00011,rock,-1,0.0,,-0.8740627700131688,0.1547771639401145
rock.00012,rock,-1,0.0,,-0.19258931578536834,1.0132460017742078
rock.00013,rock,-1,0.0,,-0.8614701045126695,0.9514697816621113
rock.00014,rock,-1,0.0,,0.1463604809821939,1.982566446841449
rock.00015,rock,-1,0.0,,0.848594063274166,1.3020895902669454
rock.00016,rock,0,1.0,1.305697915267169,0.258502459240545,-2.224049052035673
rock.00017,rock,0,1.0,1.0015072288123321,0.13518286391967718,-1.9029086621824864
rock.00018,rock,0,0.9873331631069293,0.5716207410013101,0.20737662670004786,-1.1561672587171374
rock.00019,rock,0,0.9055568136451225,0.843205540708274,0.1464272442884954,-1.5011976305948176
rock.00020,rock,0,0.9389256671998127,0.7614210521997099,0.19168412528622916,-1.0210264447125164
rock.00021,rock,0,0.8446842398666782,0.775766785022068,0.1686741054128829,-1.0203310105572156
rock.00022,rock,0,0.8757384459417348,0.9417149011831826,0.3802975821319811,-1.3715182373864687
rock.00023,rock,0,0.7544225048013364,0.9847886327755754,0.25326139623769944,-0.6551471386072243
rock.00024,rock,0,0.8136979036228109,1.0315186400219156,0.2202339213612251,-1.609379006504261
rock.00025,rock,0,0.8210150668856375,1.2027065308189642,0.5158194552787646,-1.8430208846623515
rock.00026,rock,0,1.0,0.6854811815627337,0.2072136336553048,-1.4337337876490344
rock.00027,rock,1,0.8766456977712112,0.819758989876582,1.0271186492927957,-0.45984186739541855
rock.00028,rock,-1,0.0,,-0.10562796218160794,-0.6332110346666643
rock.00029,rock,1,0.9468480483993075,1.2533381665080736,0.4094735936657246,-0.9439971631144929
rock.00030,rock,-1,0.0,,1.0394370097200851,0.06215008838283288
rock.00031,rock,-1,0.0,,0.7718116442257279,0.2320550406662669
rock.00032,rock,1,0.9924067270804035,1.3281348771026926,0.15343767845484874,-0.8585669499159424
rock.00033,rock,-1,0.0,,-0.957836779569929,-0.4151951790416448
rock.00034,rock,1,0.944272035588329,1.2929397944276106,0.6390603751307332,-1.2487122685133134
rock.00035,rock,-1,0.0,,-0.7183082274417439,-0.49512311388165675
rock.00036,rock,1,0.9644472259119107,1.1237846633527038,1.0840650160609544,-1.248510836179119
rock.00037,rock,1,0.9808648641543648,1.0037874611237907,0.8769412840529635,-0.9596764374639674
rock.00038,rock,1,0.8853817535651582,0.8914412868284344,0.9860193972426362,-0.5020651813695994
rock.00039,rock,-1,0.0,,0.32441794990507566,-1.3704525301450978
rock.00040,rock,1,1.0,0.6160362840554509,1.1425868001369057,-0.4924843013324808
rock.00041,rock,1,0.9255832128065504,0.9020227623448426,1.1338444273437838,-0.890879757558235
rock.00042,rock,1,0.9841774319641478,0.5992433215785306,1.1881252729536294,-0.16900882863495725
rock.00043,rock,1,0.920872349657622,0.8771398808147279,0.8717956430668831,-0.45999197052258906
rock.00044,rock,-1,0.0,,-1.0959619915505063,-0.2505276762653153
rock.00045,rock,-1,0.0,,-1.2308101618615257,-0.9324393108885908
rock.00046,rock,1,0.877999578243164,1.2223387096130909,0.3269163998039212,-0.5836596049694698
rock.00047,rock,1,0.9645011424841942,0.7521536965024307,1.5645384939206668,-0.37598181031754085
rock.00048,rock,-1,0.0,,-0.9071493092889049,-1.1466779587700666
rock.00049,rock,-1,0.0,,0.40675631301644916,1.0275303527773734
rock.00050,rock,-1,0.0,,-0.6797800144529417,0.639405669282797
rock.00051,rock,1,0.9581121319480762,0.7982167228139623,1.4164419059996802,0.004679008470253792
rock.00052,rock,-1,0.0,,0.9119331685938081,2.190689091926072
rock.00053,rock,-1,0.0,,1.7261506267711124,-1.4724473151352733
rock.00054,rock,-1,0.0,,1.394355972359268,0.5694178254692698
rock.00055,rock,-1,0.0,,-0.9544911224199727,-0.6754563330886532
rock.00056,rock,1,0.8710289272796186,1.2799128089778113,1.8354188573842094,-1.1435176253610564
rock.00057,rock,1,0.9472534170757017,1.1474719292156632,1.8471437396808568,-0.8688038472738527
rock.00058,rock,-1,0.0,,0.8180997772848451,0.27291470642185994
rock.00059,rock,-1,0.0,,0.5419303893423857,0.5322411016548758
rock.00060,rock,1,0.961104958000394,0.820424396441196,1.0552535151569478,-0.6444901045475322
rock.00061,rock,-1,0.0,,-0.12029529278307172,0.6889867033765374
rock.00062,rock,-1,0.0,,1.0613492856397557,0.8613432484783554
rock.00063,rock,-1,0.0,,-0.1749383116278987,2.399698882211974
rock.00064,rock,0,0.8034078467878429,0.8648342331320854,-0.38637011405529054,-0.982949832752224
rock.00065,rock,0,0.8682798204152298,0.6033681939969995,0.0038598048355765824,-1.1005027224578765
rock.00066,rock,-1,0.0,,-0.07292329872327159,0.6497719926955464
rock.00067,rock,0,0.9279935847019205,0.9764305860048077,0.522530014042076,-0.29360971575897943
rock.00068,rock,0,0.9272034702377727,0.6782367548988818,0.324854951094796,-1.1275742645173132
rock.00069,rock,-1,0.0,,0.831688878120702,-0.09090321444099651
rock.00070,rock,-1,0.0,,0.45514012545513055,0.12822183646150637
rock.00071,rock,0,0.9977165382163572,0.7707291394474872,-0.43142486999255525,-0.8852044843134056
rock.00072,rock,0,0.8588797519247114,1.0719352745331645,-0.2326481598278145,-0.3192085209491075
rock.00073,rock,0,0.9650772159942607,0.653599023235162,0.14711651121360636,-1.1591053852698452
rock.00074,rock,0,0.9229581380795273,0.8640429612688152,-0.46853295984830334,-1.1447068454161295
rock.00075,rock,0,0.9109290723113811,0.9210717955056287,0.2988695198512854,-0.29955522450103156
rock.00076,rock,-1,0.0,,-0.39314401118801107,0.16164698651309842
rock.00077,rock,0,1.0,0.5381004708305756,-0.1431725173258061,-0.8591684389583196
rock.00078,rock,0,0.7598439867741543,1.456424331131564,-0.22793676475811347,0.20867718903404375
rock.00079,rock,0,1.0,0.6373551809161296,-0.1187476691291347,-1.262858629017263
rock.00080,rock,0,0.9640388139918069,0.8728214632221449,0.5968849352349317,-1.3674975632050934
rock.00081,rock,0,0.7609290994861362,1.1916295695594048,0.6446187023823502,-0.4207174976125173
rock.00082,rock,-1,0.0,,1.35635855096293,-1.3268542933157623
rock.00083,rock,0,0.908894974494488,0.9656007411990858,-0.5213950190037833,-1.379778704206283
rock.00084,rock,0,0.8215818175676823,1.0680988306394015,0.8845774749422255,-0.9876136953605004
rock.00085,rock,-1,0.0,,0.44952265482400855,0.20287696575827968
rock.00086,rock,-1,0.0,,0.943773770962315,0.5863380563429726
rock.00087,rock,0,0.9485495316132373,1.2105651789823317,-0.0924398842193068,-2.0827617961807396
rock.00088,rock,0,0.8014676480479807,1.2699922885910522,0.8219665993769358,-0.7121536579977932
rock.00089,rock,0,0.8134715524958145,1.3201909486959718,-0.698803814746177,-0.22901829230191903
rock.00090,rock,-1,0.0,,0.11966291311872158,-0.6662205757798195
rock.00091,rock,0,0.8119423278064731,1.337509201962009,0.6311018716057997,-1.9655829291797298
rock.00092,rock,0,0.9320327607109921,1.5901029922043042,0.22975010188236042,-2.4326881140120697
rock.00093,rock,0,0.7795524807045181,1.1262153851548702,-0.5555577947140938,-1.5059453240943337
rock.00094,rock,0,0.84975062840526,1.54736420148227,0.23964283482435508,-2.3219154636594626
rock.00095,rock,0,0.8823403439123899,0.8897834327744736,-0.39837297637622743,-0.9828890013234336
rock.00096,rock,0,0.8136837857437814,1.0540855800421818,-0.5341337765191582,-1.3565440300333806
rock.00097,rock,0,0.8892029520815969,0.9047137288914018,0.012834875965431303,-1.4489746414341171
rock.00098,rock,-1,0.0,,-1.5160038471565211,0.5343504045542486
rock.00099,rock,-1,0.0,,-0.6271892309597247,0.3322980926768262
