Song,Genre,Cluster,Confidence,PCA1,PCA2,z1,z2,z3
blues.00000,blues,6,0.9997012,-1.055376,-0.70532006,-0.0022275,-0.26034513,0.11185355
blues.00001,blues,6,0.9999999,-1.1626308,0.9465938,-0.12618357,-0.29098907,0.10742021
blues.00002,blues,6,0.9999999,-1.105532,-0.5859858,-0.017642852,-0.27822828,0.12913133
blues.00003,blues,6,0.99999964,-2.0581872,0.44475085,-0.29811853,-0.28270516,0.11602754
blues.00004,blues,6,0.99999976,-0.5741364,0.24872966,0.106520936,-0.31323844,0.11923859
blues.00005,blues,6,1.0,0.19915853,1.8758739,0.53877676,-0.35614148,0.05052557
blues.00006,blues,6,0.99932706,-1.1267035,1.7162589,-0.072603,-0.31679243,0.10512099
blues.00007,blues,6,0.9999994,-1.1044546,1.2395878,-0.097869694,-0.3308248,0.12130962
blues.00008,blues,6,1.0,-1.1271267,-0.7383015,0.00018834323,-0.27655149,0.11899953
blues.00009,blues,6,0.9999887,-0.9985188,0.7461278,-0.06556685,-0.2958057,0.10717942
blues.00010,blues,6,0.999928,-1.6940924,0.77082956,-0.23838097,-0.27415013,0.120072655
blues.00011,blues,6,0.99999976,-1.2730889,1.427956,-0.14218158,-0.32100055,0.0883724
blues.00012,blues,6,0.9999999,-1.2035317,0.7556204,-0.08531364,-0.3052333,0.11044181
blues.00013,blues,6,0.9998305,-1.6369319,0.23421125,-0.16236298,-0.29348114,0.09783383
blues.00014,blues,6,0.9999949,-1.9639254,1.4689332,-0.31590617,-0.30713594,0.115823604
blues.00015,blues,6,1.0,-1.4110656,0.89871156,-0.16213366,-0.29934463,0.0919618
blues.00016,blues,6,1.0,-1.5070755,0.67082995,-0.15157698,-0.2959587,0.08563889
blues.00017,blues,6,0.9999926,-1.8873832,0.94907695,-0.2829834,-0.29792237,0.1028534
blues.00018,blues,6,1.0,-1.4492973,0.6038138,-0.135653,-0.29926044,0.07143441
blues.00019,blues,6,0.99999976,-1.5382452,1.0129123,-0.18232547,-0.30339885,0.097422555
blues.00020,blues,6,0.99999774,-1.8085368,-0.075371005,-0.23217303,-0.26865363,0.11759701
blues.00021,blues,6,0.99999774,-1.6064675,1.3089759,-0.20982045,-0.3090141,0.099791765
blues.00022,blues,6,0.99999976,-1.3667656,1.4297055,-0.12875456,-0.31886563,0.08413057
blues.00023,blues,6,1.0,-1.8561391,0.528686,-0.25763997,-0.28777698,0.11379416
blues.00024,blues,6,0.9999981,-1.9542637,1.0726942,-0.25913942,-0.2932308,0.087235965
blues.00025,blues,6,0.9999348,-1.9247354,0.8904776,-0.24871004,-0.2989686,0.090572946
blues.00026,blues,6,0.9999962,-1.9273499,1.4645072,-0.2959525,-0.30840376,0.09218125
blues.00027,blues,6,0.99905175,-1.2360139,0.635678,-0.07051043,-0.29782557,0.092240565
blues.00028,blues,6,1.0,-2.080166,0.66895646,-0.27895603,-0.28110158,0.09759435
blues.00029,blues,6,0.99999905,-0.72770905,1.3890258,0.005379539,-0.3112288,0.09624803
blues.00030,blues,6,0.99999344,-1.4008358,0.8416615,-0.17166844,-0.3006638,0.09822047
blues.00031,blues,6,0.9999994,-1.5662712,0.78788966,-0.24886645,-0.28981742,0.12566298
blues.00032,blues,6,0.9999975,-1.068449,1.8810378,-0.12091025,-0.31525463,0.10752434
blues.00033,blues,6,0.99994934,-1.2023842,1.2523865,-0.14932266,-0.31740594,0.10265573
blues.00034,blues,6,0.9999999,-1.5044101,0.69159585,-0.24476509,-0.28995872,0.11926085
blues.00035,blues,6,0.99999845,-1.4190466,0.32226583,-0.1625322,-0.29467916,0.10751149
blues.00036,blues,6,0.99859935,-1.9338636,0.5471194,-0.31534943,-0.2788041,0.12554431
blues.00037,blues,6,0.9999949,-1.7358376,1.6899874,-0.29951167,-0.28807014,0.12111633
blues.00038,blues,6,0.99999416,-1.0460569,0.8745842,-0.058399785,-0.3156785,0.09298019
blues.00039,blues,6,0.99999905,-1.7935711,1.5438437,-0.30880648,-0.29837978,0.11068845
blues.00040,blues,6,1.0,-0.31311035,-1.1477628,0.22056451,-0.26909497,0.11837307
blues.00041,blues,6,0.99999976,-0.061572164,-0.84199697,0.24464226,-0.25437698,0.1093513
blues.00042,blues,6,1.0,-0.36172947,-0.56070673,0.13439986,-0.24990705,0.12753525
blues.00043,blues,6,1.0,-0.51931095,-0.99762005,0.11482638,-0.26699346,0.13775368
blues.00044,blues,6,0.99999475,-0.5038725,-1.1650972,0.14519158,-0.24307168,0.118515894
blues.00045,blues,6,1.0,-1.4583372,-1.1042224,-0.08688021,-0.261658,0.13818741
blues.00046,blues,6,1.0,-0.90301377,-0.3015818,0.0059116557,-0.27133778,0.11656091
blues.00047,blues,6,1.0,-0.90088284,-1.0097592,0.035524268,-0.2607268,0.12189714
blues.00048,blues,6,0.9999999,-0.43699616,-1.0482883,0.16810533,-0.26171118,0.12651455
blues.00049,blues,6,0.9999995,-1.4947153,0.39601603,-0.17525716,-0.2975665,0.1109164
blues.00050,blues,6,0.9999995,-0.70209366,-0.8892374,0.09146639,-0.25900072,0.12428442
blues.00051,blues,6,0.99994993,-0.5027601,-1.3636136,0.14763601,-0.24619326,0.12593247
blues.00052,blues,6,0.99989164,-0.8708871,1.2205396,-0.027166884,-0.29661304,0.09654692
blues.00053,blues,6,1.0,0.03779262,-0.7121503,0.2979643,-0.2579901,0.11338392
blues.00054,blues,6,0.9999949,-0.24217153,-0.9372515,0.23277861,-0.25646612,0.11666501
blues.00055,blues,6,0.9999994,-0.20528674,-0.5377325,0.20110303,-0.27130827,0.12006305
blues.00056,blues,6,0.9999982,-0.72080946,0.32932544,0.007812925,-0.2805494,0.11201023
blues.00057,blues,6,0.9998888,-0.54321307,-0.2930016,0.106717795,-0.2801466,0.11652296
blues.00058,blues,6,0.9999993,-0.27873543,-0.3515656,0.17582111,-0.26954132,0.11910455
blues.00059,blues,6,0.9999913,0.37262407,-0.5911656,0.41108507,-0.24661365,0.12044492
blues.00060,blues,6,0.9999968,-0.5271137,-1.1256435,0.14402741,-0.26186484,0.1271155
blues.00061,blues,6,1.0,0.509694,-1.66215,0.47595054,-0.23119777,0.11601582
blues.00062,blues,6,0.9999851,0.29316244,-0.1126683,0.3829972,-0.27555794,0.12030817
blues.00063,blues,6,0.9999882,0.71436274,-0.8089278,0.5369662,-0.2344735,0.1050187
blues.00064,blues,6,0.99999523,0.1164178,-1.9575933,0.3488797,-0.23002273,0.10526625
blues.00065,blues,6,0.9999082,0.71609354,-1.0546538,0.49092042,-0.2470194,0.09369021
blues.00066,blues,6,0.99999976,0.37625524,-0.57446545,0.44832015,-0.26367298,0.105678126
blues.00067,blues,6,0.999998,-0.11010609,-0.9905182,0.25670028,-0.25703603,0.11772429
blues.00068,blues,6,1.0,0.09043136,-1.3249607,0.32583708,-0.24476725,0.09587696
blues.00069,blues,6,0.9998054,0.09999276,-0.88979375,0.34279487,-0.2734785,0.1208556
blues.00070,blues,6,0.99999976,-0.2635881,-0.39867458,0.20066452,-0.27563113,0.12207825
blues.00071,blues,6,0.99999964,0.0033219631,-1.8677671,0.31366792,-0.23799841,0.1094961
blues.00072,blues,6,1.0,0.46430424,-1.3794119,0.40593427,-0.2536273,0.110210724
blues.00073,blues,6,1.0,-0.5903796,-1.2530402,0.14505966,-0.25299367,0.12162492
blues.00074,blues,6,0.9999999,0.020924443,-0.6010401,0.30108905,-0.24498504,0.10523406
blues.00075,blues,6,0.9999987,0.14317022,0.15049852,0.33631662,-0.2722728,0.10318931
blues.00076,blues,6,1.0,0.41964036,-1.0702457,0.3846534,-0.2451306,0.11556297
blues.00077,blues,6,0.9999999,-0.24822287,-1.2175386,0.20747045,-0.253605,0.122411415
blues.00078,blues,6,0.99994004,-0.31500295,-2.0136726,0.22920251,-0.23926574,0.1281965
blues.00079,blues,6,0.999972,-0.021386515,-1.8088335,0.28561133,-0.23382968,0.117798716
blues.00080,blues,6,1.0,-0.7219952,-0.64817655,0.07733814,-0.2711564,0.1275441
blues.00081,blues,6,1.0,-0.43374145,-1.314417,0.09159008,-0.26526842,0.13720645
blues.00082,blues,6,0.9999999,-0.55378634,-1.2290823,0.08148807,-0.2614359,0.15051655
blues.00083,blues,6,0.9999815,-0.1795729,-1.6001631,0.2722082,-0.24717495,0.11205891
blues.00084,blues,6,0.99999976,-0.2713522,-0.93644553,0.18857571,-0.25657743,0.11802258
blues.00085,blues,6,1.0,-1.215767,1.0943335,-0.12798454,-0.30129343,0.103820145
blues.00086,blues,6,0.99999857,-1.0106124,1.6123059,-0.04999929,-0.3182617,0.09264622
blues.00087,blues,6,0.999972,-1.2481515,0.6957798,-0.082299195,-0.30817264,0.08887672
blues.00088,blues,6,1.0,-2.221432,0.009392834,-0.30844098,-0.28291345,0.12645978
blues.00089,blues,6,0.9999995,-2.4877853,1.3469366,-0.45605922,-0.28466696,0.12731592
blues.00090,blues,6,1.0,-0.61298764,1.2921977,0.06604674,-0.31872338,0.09949955
blues.00091,blues,6,1.0,-1.8087553,0.88794386,-0.2910758,-0.28761542,0.13023056
blues.00092,blues,6,0.9999995,-1.8083347,1.9758749,-0.2912879,-0.30907547,0.0920682
blues.00093,blues,6,0.9999844,-2.8680937,0.436079,-0.45946312,-0.2796964,0.12224097
blues.00094,blues,6,0.99999475,-1.1695235,1.3708135,-0.10634496,-0.3130391,0.094877824
blues.00095,blues,6,0.98583406,-1.0501055,0.42727762,-0.011558998,-0.31233972,0.09773627
blues.00096,blues,6,1.0,-1.6186929,1.1045414,-0.23384875,-0.30298027,0.099029414
blues.00097,blues,6,0.99999964,-1.4165077,0.5078353,-0.17251001,-0.31237474,0.12647453
blues.00098,blues,6,0.9997522,0.122945,-1.0903213,0.3501324,-0.2458831,0.10995036
blues.00099,blues,6,0.9999993,-1.1384898,0.521243,-0.09138189,-0.28236976,0.12229646
classical.00000,classical,1,0.99997663,-1.5419011,-0.58471274,-1.4389646,0.13441154,1.7985098
classical.00001,classical,1,1.0,-1.738605,-0.043204,-1.4415832,0.13007113,1.7584679
classical.00002,classical,1,1.0,-1.5212288,-1.1555051,-1.357352,0.13742363,1.7569511
classical.00003,classical,5,0.6279431,-1.3658077,0.29574925,-1.3791885,0.11827816,1.6864368
classical.00004,classical,1,1.0,-1.2101191,-0.527686,-1.4046352,0.120514974,1.7540667
classical.00005,classical,1,1.0,-1.712631,-0.08677817,-1.4462075,0.13604443,1.761431
classical.00006,classical,1,0.99999964,-1.7751688,-0.09193683,-1.4176515,0.13605566,1.7454585
classical.00007,classical,1,1.0,-1.6225129,0.50371295,-1.4132226,0.12688924,1.73173
classical.00008,classical,1,0.99999976,-1.6612225,-0.017924577,-1.441508,0.13229114,1.7626901
classical.00009,classical,1,1.0,-1.9231514,0.15880685,-1.449775,0.13560426,1.7550416
classical.00010,classical,1,0.967671,-1.5903916,0.34845755,-1.4362947,0.12940209,1.761342
classical.00011,classical,1,1.0,-2.308878,0.07036251,-1.4597969,0.12155013,1.7352405
classical.00012,classical,1,0.99999917,-2.0909197,0.96416616,-1.5246997,0.14204898,1.8209628
classical.00013,classical,1,0.9965432,-1.5906116,1.0789734,-1.4971277,0.13310482,1.8346218
classical.00014,classical,1,0.9995857,-1.9781781,0.27181938,-1.53824,0.14162731,1.8414781
classical.00015,classical,1,1.0,-1.8764935,0.8959981,-1.5127461,0.13022944,1.7942868
classical.00016,classical,1,0.9999999,-2.2970204,0.18859911,-1.5346229,0.13275811,1.8237286
classical.00017,classical,1,1.0,-1.9482062,0.5398813,-1.5000398,0.13931137,1.7859967
classical.00018,classical,1,0.99999857,-1.9851236,1.146048,-1.4504428,0.13248757,1.7371867
classical.00019,classical,1,0.9999722,-1.9109033,0.96843255,-1.4767386,0.12985414,1.7918961
classical.00020,classical,1,0.99999845,-1.9377728,0.25332335,-1.4734721,0.13408948,1.7939944
classical.00021,classical,1,1.0,-1.7829099,0.44432887,-1.509434,0.14223953,1.8376758
classical.00022,classical,1,0.99999297,-2.1030645,0.16484061,-1.4503746,0.13796003,1.7633357
classical.00023,classical,1,0.9999994,-2.4621751,-0.050369866,-1.5517024,0.15444577,1.8686562
classical.00024,classical,1,0.9999974,-1.9235283,-0.623759,-1.4638579,0.12465471,1.7787703
classical.00025,classical,1,1.0,-1.9178305,-0.98860025,-1.4223354,0.12694313,1.7809517
classical.00026,classical,1,0.99990046,-2.018972,0.68185765,-1.5504874,0.15354204,1.847992
classical.00027,classical,1,0.99999535,-2.4827962,-0.26472038,-1.5068228,0.13298969,1.8050798
classical.00028,classical,1,0.99999917,-1.6511569,0.12211126,-1.42742,0.1176299,1.7341045
classical.00029,classical,1,1.0,-1.4267972,1.0391345,-1.473338,0.14462502,1.8476012
classical.00030,classical,1,1.0,-1.8660802,0.19615813,-1.4888682,0.1282554,1.8066312
classical.00031,classical,1,0.999938,-2.658657,0.5135682,-1.4928234,0.11953756,1.72135
classical.00032,classical,1,1.0,-2.9042945,-0.5535911,-1.5518315,0.14240251,1.8462142
classical.00033,classical,1,1.0,-2.323447,1.1664938,-1.5645492,0.15576634,1.8390112
classical.00034,classical,1,1.0,-1.568365,0.63636124,-1.4546537,0.11901434,1.7641246
classical.00035,classical,1,1.0,-1.676698,0.91941196,-1.3976986,0.111489,1.7151325
classical.00036,classical,1,0.9999988,-1.747073,0.984162,-1.4244831,0.11362706,1.6979393
classical.00037,classical,1,0.9999993,-1.2478703,0.6586543,-1.5131717,0.14289771,1.8794751
classical.00038,classical,1,0.9987324,-1.8386565,0.29437047,-1.5391202,0.14943174,1.8696268
classical.00039,classical,1,1.0,-1.1326158,1.1883253,-1.3940771,0.11884712,1.737839
classical.00040,classical,1,0.99999976,-1.9151059,0.45278457,-1.4772723,0.1393172,1.768455
classical.00041,classical,1,1.0,-1.8008473,0.79510784,-1.4946215,0.12649365,1.7808533
classical.00042,classical,1,1.0,-1.7220981,-0.8922766,-1.4751983,0.15310739,1.8393303
classical.00043,classical,1,1.0,-2.332538,0.16580798,-1.5013666,0.14624557,1.8025765
classical.00044,classical,1,0.9999825,-1.9322039,0.66025126,-1.4751825,0.14196697,1.812892
classical.00045,classical,1,0.9999989,-2.1183355,-0.44313303,-1.4843507,0.13586307,1.798628
classical.00046,classical,1,1.0,-0.7332135,-1.6666148,-1.1619542,0.120920904,1.6021178
classical.00047,classical,1,0.9999999,-2.2020504,-0.27227765,-1.4526894,0.14158168,1.7520692
classical.00048,classical,1,0.99999976,-0.6755571,0.6462234,-1.3435237,0.12998477,1.7215558
classical.00049,classical,1,1.0,-0.25614184,-0.77973175,-1.3067204,0.12973629,1.7019708
classical.00050,classical,1,0.99999344,-2.30932,-0.50747645,-1.4757657,0.1652746,1.8193104
classical.00051,classical,1,0.9999993,-1.4995608,1.3873537,-1.4374692,0.1573156,1.7879922
classical.00052,classical,1,0.99999976,0.16189739,0.36448246,-1.2441894,0.14688414,1.7443713
classical.00053,classical,1,1.0,-1.3363137,-0.541618,-1.3676474,0.14687273,1.7113452
classical.00054,classical,1,0.99999976,-0.7785035,0.22717077,-1.2773254,0.097487986,1.7216594
classical.00055,classical,1,0.9999794,-2.3374345,0.8778691,-1.4627655,0.12546563,1.7054322
classical.00056,classical,1,1.0,-0.99627984,-0.943962,-1.3640554,0.13664512,1.752058
classical.00057,classical,1,0.9999975,-0.889341,1.1482527,-1.3846469,0.13807891,1.7773345
classical.00058,classical,1,0.99999917,-1.9822268,-0.13198394,-1.5086204,0.11999364,1.8115747
classical.00059,classical,1,0.9999999,-1.319377,-0.24262208,-1.4633063,0.1499762,1.8370421
classical.00060,classical,1,0.99999845,-0.80362093,-0.7281911,-1.3535964,0.1478741,1.7426143
classical.00061,classical,1,0.9999938,-1.5994393,0.50923,-1.422442,0.13014716,1.7442167
classical.00062,classical,1,1.0,-1.3275473,1.3181025,-1.4470772,0.14038102,1.7908072
classical.00063,classical,1,1.0,-3.1935208,-0.051561065,-1.5401696,0.13802661,1.7773426
classical.00064,classical,1,1.0,-2.5913677,0.77704054,-1.4808583,0.13566992,1.7253516
classical.00065,classical,1,1.0,-2.945068,0.78158975,-1.5855534,0.13944139,1.833195
classical.00066,classical,1,1.0,-2.9875448,0.65315306,-1.5835586,0.15483662,1.847701
classical.00067,classical,1,0.99999833,-2.2572496,1.8296422,-1.5155709,0.14348102,1.7821864
classical.00068,classical,1,1.0,-1.5804042,-0.45753443,-1.4387255,0.1428504,1.7719326
classical.00069,classical,1,0.9990388,-1.9261978,-0.2698082,-1.4573997,0.14431018,1.7635095
classical.00070,classical,1,0.99999857,-1.9469066,0.44011372,-1.4928694,0.14509808,1.7764318
classical.00071,classical,1,1.0,-1.886808,0.18155435,-1.4691315,0.13787721,1.7488229
classical.00072,classical,1,1.0,-1.8533132,0.4733519,-1.4787347,0.14336452,1.787452
classical.00073,classical,1,1.0,-1.9683354,0.54296243,-1.4754391,0.1383315,1.7784245
classical.00074,classical,1,0.99999297,-1.8301432,-0.027679428,-1.4913187,0.15251088,1.8132877
classical.00075,classical,1,1.0,-2.178855,0.54284513,-1.487186,0.14697696,1.7627699
classical.00076,classical,1,1.0,-1.8485454,-0.24689725,-1.4746499,0.15670805,1.8243384
classical.00077,classical,1,1.0,-2.844189,1.1278217,-1.5941873,0.14831522,1.830713
classical.00078,classical,1,0.999995,-2.9535,0.0825939,-1.5842245,0.14768198,1.8598936
classical.00079,classical,1,0.99999964,-2.7439206,0.7514592,-1.5449581,0.12695377,1.8000226
classical.00080,classical,1,0.9999999,-2.6660893,0.4839196,-1.5265843,0.15865642,1.8028117
classical.00081,classical,1,1.0,-1.964827,-0.16791178,-1.4862907,0.1566235,1.8379695
classical.00082,classical,1,1.0,-1.4018056,-0.05098518,-1.4970717,0.13340269,1.850476
classical.00083,classical,1,0.9999994,-2.7633998,-0.12360681,-1.5575142,0.14947625,1.8343346
classical.00084,classical,1,1.0,-2.5409193,0.04529421,-1.4996344,0.139453,1.7724051
classical.00085,classical,1,0.9999999,-1.1154699,-0.17015094,-1.4310913,0.14055507,1.80009
classical.00086,classical,1,0.99994636,-1.3774478,-0.054787457,-1.4253027,0.1355077,1.7840362
classical.00087,classical,1,0.99998844,-2.6673055,-0.09817337,-1.5615134,0.1636119,1.8800559
classical.00088,classical,1,0.99973077,-1.9109756,-0.37657544,-1.4621837,0.14299138,1.7820492
classical.00089,classical,1,1.0,-0.10071731,0.053861488,-1.2183774,0.116711125,1.637749
classical.00090,classical,1,0.9999999,-0.36839992,-0.19224685,-1.2863102,0.12506941,1.701022
classical.00091,classical,1,0.99999964,-0.2563579,-0.04008959,-1.225088,0.1252562,1.6709601
classical.00092,classical,1,1.0,-0.5917797,1.088207,-1.3456391,0.11856453,1.7796309
classical.00093,classical,1,0.9999881,-1.3497533,-0.11030308,-1.3765996,0.12264183,1.7107722
classical.00094,classical,1,0.99996364,-1.6207471,0.44634682,-1.447841,0.1360054,1.7855628
classical.00095,classical,1,1.0,-0.6149856,1.3798883,-1.3281043,0.10230647,1.7034672
classical.00096,classical,1,1.0,-0.46346653,-0.2223376,-1.320048,0.122458056,1.7351971
classical.00097,classical,1,1.0,-1.6040212,-0.029016612,-1.4449532,0.12210977,1.7501539
classical.00098,classical,1,1.0,-0.5480014,-0.22334784,-1.2963272,0.123607606,1.7207465
classical.00099,classical,1,1.0,-1.5496051,-1.2134573,-1.3912262,0.14094366,1.7513602
country.00000,country,6,0.99999607,0.4483154,-0.7356575,0.4910398,-0.2333677,0.12173329
country.00001,country,6,0.99998164,0.27566078,-1.6507182,0.49114454,-0.21696837,0.12676951
country.00002,country,6,0.99999905,0.18148117,0.10714869,0.40682948,-0.26037884,0.12779462
country.00003,country,6,0.99999917,0.23024525,-0.01658294,0.39476573,-0.25351244,0.123108685
country.00004,country,6,0.99998724,0.45951512,-1.3539059,0.52138364,-0.21192409,0.11933154
country.00005,country,6,0.99999964,0.7450985,-0.9918452,0.5855085,-0.2193716,0.11915134
country.00006,country,6,1.0,0.78641415,-0.6580575,0.65896785,-0.22571068,0.12782969
country.00007,country,6,0.9999999,0.5520761,-0.84055126,0.5587115,-0.22868092,0.11159174
country.00008,country,6,0.99999714,0.09754886,-0.87208116,0.3676857,-0.2290323,0.114632584
country.00009,country,6,1.0,0.9235767,-1.6541088,0.643957,-0.20671073,0.12556471
country.00010,country,6,0.9999974,-0.39057297,0.81903857,0.24480554,-0.3043704,0.095318876
country.00011,country,6,0.99999964,1.4542762,1.7209241,1.1991479,-0.22954287,0.11471881
country.00012,country,6,0.99977463,-0.7763688,0.108235374,0.06923818,-0.29636174,0.13028686
country.00013,country,6,0.9998541,0.67588264,-0.22873291,0.65352213,-0.2190481,0.13104995
country.00014,country,6,1.0,1.4225763,0.3904212,1.0067892,-0.2342354,0.12305322
country.00015,country,6,1.0,-0.18158135,-0.5649442,0.25935712,-0.26412642,0.14051463
country.00016,country,6,1.0,-1.4281168,-0.051179428,-0.058621265,-0.29391846,0.11627932
country.00017,country,6,0.99999964,-1.1069993,-0.30350798,-0.039727304,-0.27783862,0.1462317
country.00018,country,6,0.9999999,-0.22378048,-0.29666904,0.26228938,-0.26446804,0.14000714
country.00019,country,6,0.99998343,-1.7886492,0.65271467,-0.21747693,-0.28038633,0.10779454
country.00020,country,6,1.0,0.7470245,1.0753206,0.74755347,-0.26863652,0.098128736
country.00021,country,6,0.9996222,-2.017556,0.045252156,-0.19021681,-0.29517537,0.1073417
country.00022,country,6,1.0,-1.1818637,0.16042838,-0.010232699,-0.282681,0.116711706
country.00023,country,6,1.0,-1.1662047,1.4840646,-0.0882109,-0.2963162,0.09028187
country.00024,country,6,0.99151576,-0.53277314,0.9931003,0.21444537,-0.29707116,0.0723286
country.00025,country,6,0.9999956,-0.8786462,0.43667534,0.019409984,-0.29176512,0.11102097
country.00026,country,6,0.9999995,-1.3949437,0.4615095,-0.108926,-0.3040875,0.111636125
country.00027,country,6,1.0,-0.5124806,-0.70508575,0.22180617,-0.23999786,0.14466058
country.00028,country,6,0.99996424,-1.4317588,-0.3872598,-0.07938847,-0.2883659,0.12951127
country.00029,country,6,0.9999521,-1.6885662,-0.20062749,-0.12683895,-0.28346723,0.12690574
country.00030,country,6,0.9999988,-1.9245868,0.8173345,-0.24814007,-0.2891603,0.100093745
country.00031,country,6,0.99999,0.03593955,-0.047559798,0.38030416,-0.26244533,0.11714656
country.00032,country,6,0.99994993,-0.5282602,0.6648662,0.10553307,-0.2719972,0.12357912
country.00033,country,6,1.0,0.47078538,0.19077602,0.60405076,-0.22929922,0.1080572
country.00034,country,6,0.9999895,0.7510114,0.4580331,0.68380195,-0.24322638,0.13216342
country.00035,country,6,0.99632394,0.32284746,0.015248514,0.44296485,-0.26242214,0.14107259
country.00036,country,6,0.9999981,-0.29878902,1.2478566,0.2753369,-0.2714877,0.09895085
country.00037,country,6,0.9999974,0.06355946,0.32468152,0.36599737,-0.2785864,0.14606775
country.00038,country,6,1.0,0.6124791,-0.1994138,0.60036945,-0.22441337,0.12271805
country.00039,country,6,0.9999994,2.2269382,-0.7640405,1.2108787,-0.18773334,0.1009662
country.00040,country,6,0.9998392,0.037955433,-0.49345294,0.34417886,-0.24146199,0.13942981
country.00041,country,6,1.0,0.6317851,0.2715233,0.58076346,-0.24375007,0.131022
country.00042,country,6,0.99999964,-0.0990225,-0.6562639,0.31958508,-0.24851081,0.13912313
country.00043,country,6,0.9999999,0.5412648,-0.5142847,0.52953625,-0.21610692,0.13058336
country.00044,country,6,0.9999993,-0.582231,0.86079526,0.10564489,-0.2931224,0.1542834
country.00045,country,6,0.9997236,0.96008486,-0.027863579,0.6955444,-0.22696099,0.11590135
country.00046,country,6,1.0,0.03365821,-0.26873484,0.40821004,-0.26263806,0.12671012
country.00047,country,6,0.9999858,-0.6976425,-0.32796496,0.13925903,-0.2688443,0.09066918
country.00048,country,6,0.999998,-0.72057635,0.51825815,0.09669022,-0.2771777,0.10893365
country.00049,country,6,0.99998045,-0.96631116,-0.35421726,0.03687012,-0.283723,0.12971605
country.00050,country,6,0.99995077,-0.4097501,-0.15587272,0.120924346,-0.28498003,0.1165541
country.00051,country,6,0.9999696,-0.90644747,0.33465505,-0.009478252,-0.29842615,0.11891909
country.00052,country,6,0.9999958,-1.7726421,0.4588836,-0.17897037,-0.3049444,0.09655622
country.00053,country,6,0.99999964,-0.1363344,-1.2306963,0.23961198,-0.26027563,0.10089128
country.00054,country,6,0.99995744,-1.0770293,-0.36204278,-0.0178253,-0.29004467,0.10734416
country.00055,country,6,1.0,-0.8602399,-1.2575835,0.059546858,-0.26437664,0.118211605
country.00056,country,6,0.9999999,-1.2032691,0.16241868,-0.058674872,-0.28656638,0.09661642
country.00057,country,6,0.99999857,-0.74736047,-0.058421828,0.08248959,-0.2723789,0.09801009
country.00058,country,6,0.9999937,-0.8037115,-0.40415645,0.0744743,-0.2807669,0.09787169
country.00059,country,6,0.9999981,-1.0696295,1.1290804,-0.057120237,-0.3031965,0.10034655
country.00060,country,6,0.99999964,-1.1558006,0.59839,-0.05845602,-0.3052531,0.10022009
country.00061,country,6,1.0,-1.2678214,0.15492138,-0.09673031,-0.29093197,0.11395679
country.00062,country,6,0.999997,-0.17394635,-0.90732497,0.24638629,-0.26481077,0.08941474
country.00063,country,6,1.0,-0.9207887,1.1445678,0.0076943636,-0.30584165,0.09240849
country.00064,country,6,0.99999976,-1.3965932,0.22798458,-0.16071805,-0.28116485,0.116392724
country.00065,country,6,0.9999975,-2.2364252,0.9252787,-0.32567108,-0.2876264,0.11864923
country.00066,country,6,1.0,-0.90201956,-0.9385125,0.06067852,-0.26396227,0.10814905
country.00067,country,6,0.99999726,-2.1355374,1.3768561,-0.32728946,-0.30258495,0.11332277
country.00068,country,6,1.0,-1.7396389,0.09669465,-0.12672506,-0.28829908,0.09303272
country.00069,country,6,1.0,-1.514258,0.3192914,-0.11755769,-0.29337624,0.09652277
country.00070,country,6,0.99999976,-0.5299926,-0.42669788,0.17677113,-0.26607677,0.09102854
country.00071,country,6,0.9999995,-1.5126064,0.9312675,-0.20596886,-0.30489352,0.13291952
country.00072,country,6,0.9999634,-0.9702019,-0.7458168,0.032355346,-0.2844663,0.10546945
country.00073,country,6,0.99990344,-1.1147447,-0.1342568,-0.0054685334,-0.27895734,0.10561265
country.00074,country,6,0.99999917,-0.947877,1.2356974,-0.03047429,-0.30750665,0.1149119
country.00075,country,6,0.99999845,-0.27649873,-1.2074358,0.27036202,-0.24703774,0.08246191
country.00076,country,6,0.99999976,-1.0543323,0.9586512,-0.037957195,-0.31820142,0.117334135
country.00077,country,6,0.99999976,-1.185961,-0.9805393,-0.0087658,-0.26742175,0.117749654
country.00078,country,6,0.9999994,-1.5839045,1.2569761,-0.16343531,-0.29461813,0.09209135
country.00079,country,6,0.9998882,-1.878687,0.98065025,-0.29619223,-0.31003827,0.14107123
country.00080,country,6,1.0,-0.045270752,-0.113187306,0.22913823,-0.28556728,0.098462
country.00081,country,6,0.9996916,-0.028882556,-0.38015512,0.2834717,-0.2696932,0.092091754
country.00082,country,6,0.99780124,0.06240184,-0.73606986,0.30019763,-0.26641342,0.09822792
country.00083,country,6,0.99999917,-1.2351551,0.12684703,-0.02905637,-0.290842,0.09226427
country.00084,country,6,0.99999595,-0.46189225,-0.35311198,0.14678615,-0.27063215,0.09939025
country.00085,country,6,0.99999964,-0.96542555,0.13209559,0.03803515,-0.28283057,0.094987795
country.00086,country,6,0.9999999,-0.7476064,-0.12104857,0.0565678,-0.2701835,0.09823866
country.00087,country,6,0.9998828,-0.9658605,0.48942944,-0.0004342459,-0.3043209,0.09847466
country.00088,country,6,1.0,-1.1444867,-0.1475149,0.016062357,-0.2810148,0.08285187
country.00089,country,6,0.9999993,-1.1698488,0.9335283,-0.06851398,-0.2952338,0.101595834
country.00090,country,6,0.9997801,-0.34659216,-0.5989529,0.19722123,-0.26405537,0.11018631
country.00091,country,6,0.99999976,-1.0084221,0.7524994,0.0027928278,-0.3001067,0.09557095
country.00092,country,6,0.9999943,-0.008237917,-1.5692583,0.30478004,-0.23009945,0.11257135
country.00093,country,6,0.9999336,-1.0326555,0.7376939,0.003876049,-0.29973695,0.10620162
country.00094,country,6,1.0,-1.0523742,-0.11540537,0.017477566,-0.29496434,0.10547149
country.00095,country,6,0.9999999,-0.61539555,0.5202072,0.16935942,-0.3044892,0.10950121
country.00096,country,6,0.99999917,-0.3709002,-0.44133845,0.17955604,-0.27675605,0.1104943
country.00097,country,6,0.9998363,-0.5619215,0.60217947,0.13171966,-0.2925049,0.10631548
country.00098,country,6,0.9998913,-1.2798105,0.10653614,-0.06801991,-0.2925434,0.105700366
country.00099,country,6,0.99999976,0.10180065,-0.6950218,0.3396864,-0.26332235,0.092755355
disco.00000,disco,6,1.0,0.9061389,0.8083591,0.8449011,-0.24582222,0.111142926
disco.00001,disco,6,0.99999976,1.9327099,-0.8683776,0.9812844,-0.19617617,0.120307304
disco.00002,disco,6,0.99999905,1.6827564,-0.521382,0.96888816,-0.21515578,0.12943457
disco.00003,disco,6,0.9999999,1.6434383,-0.2679026,0.9119698,-0.2035008,0.11566784
disco.00004,disco,6,0.9996829,1.8181158,-0.33987397,1.0674639,-0.21086372,0.1268277
disco.00005,disco,6,0.9999968,1.1395652,-0.6735364,0.70630646,-0.21283165,0.12373367
disco.00006,disco,6,0.9999993,0.7661077,-1.4847164,0.54040265,-0.19511023,0.11858549
disco.00007,disco,6,0.99999154,1.2152083,-0.43875986,0.7890811,-0.2142081,0.11125896
disco.00008,disco,6,0.9999999,1.0783076,-0.7230317,0.75429654,-0.20384827,0.112421095
disco.00009,disco,6,0.9999999,1.6531177,-0.55680674,0.9232973,-0.21066575,0.116358
disco.00010,disco,6,0.9999999,1.176832,-0.93610233,0.7361511,-0.21488167,0.124304354
disco.00011,disco,6,0.9999341,1.550761,-0.36360168,0.8546473,-0.23592234,0.12715186
disco.00012,disco,6,0.9999951,1.0303774,-0.27879018,0.6983998,-0.22491664,0.12651913
disco.00013,disco,6,1.0,1.7808933,-0.4529913,1.0123353,-0.20052756,0.12394356
disco.00014,disco,6,0.9999901,1.1949607,-1.3123138,0.7212812,-0.20229709,0.117396355
disco.00015,disco,6,0.9989911,0.21320668,0.06356688,0.4300787,-0.23774084,0.12497191
disco.00016,disco,6,0.9998288,0.6252759,-0.5411643,0.528529,-0.2218179,0.118965745
disco.00017,disco,6,1.0,1.0031167,0.2761186,0.7858304,-0.22080003,0.12952
disco.00018,disco,6,0.99998987,1.0480982,0.007477939,0.8124614,-0.18911584,0.12112736
disco.00019,disco,6,0.9999994,0.45568836,0.6467451,0.5954544,-0.2195888,0.12707742
disco.00020,disco,6,0.9999926,0.19217105,-0.120366774,0.42106044,-0.24695225,0.10533488
disco.00021,disco,6,0.96129787,1.0332464,-0.09381382,0.677594,-0.20195909,0.13159165
disco.00022,disco,6,0.99961025,2.401479,-0.13785449,1.3505971,-0.21518542,0.100936905
disco.00023,disco,6,0.99999905,1.8576412,-0.0036324854,1.0565556,-0.21247715,0.12513383
disco.00024,disco,6,0.9999999,0.3580608,-0.56763846,0.49708074,-0.22424574,0.1172362
disco.00025,disco,6,0.9999999,0.3448905,0.3210819,0.5388174,-0.2307649,0.113391005
disco.00026,disco,6,0.99959904,1.5177286,0.10146035,0.94217956,-0.21808499,0.12319816
disco.00027,disco,6,0.9999995,1.3683841,1.5217761,1.0198233,-0.21867716,0.1377334
disco.00028,disco,6,1.0,3.1789618,-0.16250655,1.5945847,-0.23025201,0.115193985
disco.00029,disco,6,0.999997,1.0128794,-0.6111129,0.68575585,-0.21114342,0.12697783
disco.00030,disco,6,0.9999554,1.7450628,-0.2939302,0.9976815,-0.22025546,0.12288527
disco.00031,disco,6,1.0,1.3939548,-0.7618586,0.84510565,-0.20444636,0.123638615
disco.00032,disco,6,1.0,0.4991471,0.30820253,0.6371275,-0.21237667,0.105967104
disco.00033,disco,6,0.9997942,0.48411238,-0.67841834,0.49452126,-0.21443269,0.10691308
disco.00034,disco,6,1.0,1.6456356,-0.9354038,0.9363227,-0.19483167,0.13221066
disco.00035,disco,6,0.99974304,2.3924158,-0.18345058,1.2941104,-0.21061243,0.11050731
disco.00036,disco,6,0.9999982,1.3206224,-1.1889389,0.78701127,-0.20642482,0.121657066
disco.00037,disco,6,0.99999964,2.096061,-0.81452936,1.1203946,-0.20229255,0.12502943
disco.00038,disco,6,1.0,1.9152681,-0.2736656,1.09449,-0.20615794,0.13064614
disco.00039,disco,6,0.9999255,-0.07601288,-0.32560793,0.33164454,-0.22279675,0.12390791
disco.00040,disco,6,1.0,0.57469267,-0.22413157,0.63057804,-0.21665731,0.105004996
disco.00041,disco,6,0.99996257,-0.64384156,0.67972815,0.1681883,-0.2678685,0.10616231
disco.00042,disco,6,1.0,0.29936033,-0.81001335,0.43315685,-0.22738102,0.12295486
disco.00043,disco,6,1.0,1.6834787,0.6034604,0.9979447,-0.20439823,0.11567453
disco.00044,disco,6,1.0,0.27819216,-0.12840031,0.4563815,-0.23119202,0.124238886
disco.00045,disco,6,0.9999995,0.7978772,0.25879255,0.6702262,-0.23298995,0.12604064
disco.00046,disco,6,0.9999908,0.09996578,-0.39543244,0.36794394,-0.24515583,0.10324363
disco.00047,disco,6,0.9999999,-0.6100652,0.7823315,0.08877271,-0.28953943,0.14704935
disco.00048,disco,6,1.0,0.83638686,-0.7149085,0.6459863,-0.23393825,0.11493248
disco.00049,disco,6,0.9999999,0.97102046,-0.25033462,0.7195438,-0.24908563,0.09886572
disco.00050,disco,6,0.9999999,0.19699252,-1.5616784,0.38393447,-0.23622775,0.11251407
disco.00051,disco,6,1.0,0.6643558,-1.6652598,0.5205038,-0.22968969,0.1087448
disco.00052,disco,6,1.0,0.8731131,-1.326537,0.5952796,-0.24442235,0.12113791
disco.00053,disco,6,1.0,1.9492538,1.1691372,1.3254571,-0.22346112,0.0843143
disco.00054,disco,6,0.9999987,0.91749734,0.62848824,0.75060564,-0.22922237,0.10021462
disco.00055,disco,6,1.0,-0.09343637,-0.8352444,0.34052223,-0.24603947,0.11102977
disco.00056,disco,6,1.0,-0.65087616,-0.3153726,0.10773604,-0.26397604,0.12234751
disco.00057,disco,6,0.9999999,-0.6981197,-1.2874842,0.11784908,-0.2506388,0.14434858
disco.00058,disco,6,0.9996325,0.33054018,-0.3481137,0.47796482,-0.25558296,0.0997667
disco.00059,disco,6,1.0,0.63135606,0.04269348,0.6111152,-0.26126793,0.09174185
disco.00060,disco,6,1.0,-0.21967654,-0.56982124,0.25588545,-0.26323467,0.10040588
disco.00061,disco,6,0.99999857,0.35960326,0.33055192,0.5486095,-0.24759406,0.08269038
disco.00062,disco,6,0.99996114,0.50917614,0.25217122,0.62777555,-0.23467375,0.113972954
disco.00063,disco,6,0.99996924,0.50050783,-0.2953622,0.50656086,-0.22523092,0.10821734
disco.00064,disco,6,0.99962616,-0.49223197,0.61771405,0.14219913,-0.2602572,0.108728915
disco.00065,disco,6,0.9999566,-0.5490516,0.15719509,0.19931129,-0.26050782,0.11038167
disco.00066,disco,6,0.9999999,0.8554732,-0.4408569,0.6368203,-0.24673878,0.101551265
disco.00067,disco,6,1.0,0.6055178,-1.2301557,0.54416364,-0.23669635,0.11119705
disco.00068,disco,6,0.9999999,1.4945488,-0.8376821,0.8138716,-0.2286883,0.09884916
disco.00069,disco,6,0.99999905,-0.5488993,-1.0632797,0.2180439,-0.25294006,0.1133378
disco.00070,disco,6,0.9999982,0.28798458,-1.4489254,0.41967434,-0.23088944,0.1065878
disco.00071,disco,6,1.0,1.1528215,-0.9360178,0.73005456,-0.23319638,0.10516923
disco.00072,disco,6,0.9999999,1.6332841,-0.22706419,0.9869341,-0.23143655,0.088780165
disco.00073,disco,6,0.99999976,1.2498629,-1.1492728,0.7562379,-0.23457444,0.10603943
disco.00074,disco,6,1.0,0.7704579,-1.2007709,0.5981461,-0.24039777,0.10579818
disco.00075,disco,6,1.0,0.44169572,-1.4059297,0.46625367,-0.23748197,0.109019086
disco.00076,disco,6,0.99999547,0.03461884,-0.8282373,0.3439802,-0.25455868,0.11132105
disco.00077,disco,6,0.99991846,0.30587083,-0.5576103,0.48492715,-0.24192233,0.104709335
disco.00078,disco,6,1.0,-0.083447754,-0.19780746,0.3009912,-0.25984004,0.10189719
disco.00079,disco,6,0.9999654,0.14600535,-0.16779388,0.42345494,-0.2540185,0.097047955
disco.00080,disco,6,0.9999436,-0.0815314,0.27697986,0.32239455,-0.2704566,0.107360125
disco.00081,disco,6,1.0,0.42230916,1.1404685,0.54400545,-0.24692145,0.1057947
disco.00082,disco,6,0.9999988,1.3362728,0.31365642,0.8818842,-0.2380114,0.09373623
disco.00083,disco,6,1.0,-0.03317396,0.115171626,0.32009125,-0.25859803,0.102268174
disco.00084,disco,6,0.99996483,1.0410725,0.5282573,0.9300811,-0.22141668,0.105049714
disco.00085,disco,6,0.99996746,1.7883638,0.66455454,1.2147498,-0.22759038,0.09229315
disco.00086,disco,6,0.99999964,-0.20601629,-0.09998582,0.28505155,-0.27547434,0.095501795
disco.00087,disco,6,0.99999976,0.08325603,-0.8537277,0.35745898,-0.25345606,0.109001674
disco.00088,disco,6,1.0,-0.028494056,-1.2942348,0.37742192,-0.24222672,0.11004093
disco.00089,disco,6,1.0,0.045080215,-0.93439573,0.31948358,-0.25145078,0.11155995
disco.00090,disco,6,0.99999905,0.90235835,-0.69129413,0.6747471,-0.24029756,0.10158871
disco.00091,disco,6,1.0,0.0115383,0.86467344,0.4048297,-0.26226574,0.090882964
disco.00092,disco,6,0.9999968,0.3771097,-0.4553601,0.494412,-0.24118543,0.10246483
disco.00093,disco,6,1.0,0.75133383,-0.20928359,0.63424623,-0.2426098,0.09579658
disco.00094,disco,6,0.99999774,-0.23319212,-0.9790685,0.28599805,-0.25535884,0.09294945
disco.00095,disco,6,0.9999856,0.6752692,0.44170576,0.6652696,-0.24001369,0.09908838
disco.00096,disco,6,1.0,0.5716501,-0.4896078,0.59150636,-0.24720517,0.1032287
disco.00097,disco,6,1.0,0.51624334,-0.8398597,0.48924822,-0.23582667,0.09626692
disco.00098,disco,6,1.0,0.37430203,-0.85759866,0.45936447,-0.25198272,0.09995563
disco.00099,disco,6,0.99999774,0.37430203,-0.85759866,0.45936447,-0.25198272,0.09995563
hiphop.00000,hiphop,6,1.0,0.8703509,-0.4814488,0.60610783,-0.24108315,0.12361452
hiphop.00001,hiphop,6,0.99999857,1.0499531,1.0582569,0.83256394,-0.24305741,0.116433516
hiphop.00002,hiphop,6,1.0,-0.6269168,1.0034705,0.11858379,-0.31907758,0.13074063
hiphop.00003,hiphop,6,0.9999964,0.40185204,0.41137475,0.47335687,-0.25320515,0.11167505
hiphop.00004,hiphop,6,1.0,0.802507,2.1518517,0.83387136,-0.25992492,0.09081344
hiphop.00005,hiphop,6,0.9999999,0.5702361,-0.9808735,0.52528393,-0.2388527,0.10748252
hiphop.00006,hiphop,6,0.99998856,1.6897953,1.2149183,1.1671865,-0.22179973,0.1026876
hiphop.00007,hiphop,6,1.0,-0.010992251,0.3601683,0.3653003,-0.27573997,0.11097246
hiphop.00008,hiphop,6,0.9999958,2.117768,1.1742772,1.4359839,-0.23996602,0.109507635
hiphop.00009,hiphop,6,1.0,0.958862,1.003301,0.7756535,-0.26108682,0.10077368
hiphop.00010,hiphop,6,0.99999964,0.23018128,-0.83424914,0.41041988,-0.25917995,0.121636
hiphop.00011,hiphop,6,0.99999857,0.13900937,-0.10277916,0.39766604,-0.2774251,0.118737824
hiphop.00012,hiphop,6,0.9999999,-0.47170004,-0.7389698,0.18743694,-0.26507187,0.12797865
hiphop.00013,hiphop,6,0.99999523,-0.23359752,0.6881909,0.19069654,-0.3061655,0.13727333
hiphop.00014,hiphop,6,0.9999931,0.41607934,-0.8073108,0.4455977,-0.23518595,0.11533017
hiphop.00015,hiphop,6,1.0,0.21682094,-0.6205993,0.42637432,-0.25619414,0.10987069
hiphop.00016,hiphop,6,0.9999473,0.7538839,0.64611477,0.71554327,-0.25357434,0.11370665
hiphop.00017,hiphop,6,1.0,-0.3295936,-0.59184897,0.25100687,-0.2673631,0.1148823
hiphop.00018,hiphop,6,0.9999999,1.8011079,1.1337273,1.1956227,-0.24817309,0.11632085
hiphop.00019,hiphop,6,0.9999945,0.64289457,0.750847,0.5694958,-0.24112102,0.11772482
hiphop.00020,hiphop,6,1.0,0.73867095,0.86661386,0.7526012,-0.2543981,0.114221066
hiphop.00021,hiphop,6,1.0,0.7897335,-0.4752223,0.60093206,-0.27154195,0.1076379
hiphop.00022,hiphop,6,1.0,-0.19373304,0.45562944,0.28925034,-0.28914788,0.09219304
hiphop.00023,hiphop,6,0.9999882,-0.07531131,-1.1606607,0.3085282,-0.25733948,0.11522219
hiphop.00024,hiphop,6,1.0,0.6752005,-0.021898724,0.61109596,-0.23448934,0.11496062
hiphop.00025,hiphop,6,1.0,0.61921656,-0.13311514,0.56324244,-0.27149302,0.108159445
hiphop.00026,hiphop,6,0.9999857,2.5478919,1.2860253,1.6537366,-0.2006458,0.112450935
hiphop.00027,hiphop,6,0.99999,1.3218354,1.1248671,1.0495174,-0.25423697,0.1124239
hiphop.00028,hiphop,6,0.999998,1.211647,0.60568076,0.8599895,-0.22626127,0.13968834
hiphop.00029,hiphop,6,0.99998677,1.5558589,0.50144583,0.9954493,-0.22552013,0.112054706
hiphop.00030,hiphop,6,1.0,1.6126418,-1.4575511,0.8487512,-0.19829872,0.11947023
hiphop.00031,hiphop,6,0.9999865,1.6214275,-0.0197564,0.9427628,-0.231172,0.12650713
hiphop.00032,hiphop,6,0.9999949,0.3999506,1.2011102,0.5890577,-0.25986785,0.13321954
hiphop.00033,hiphop,6,1.0,1.964609,0.3520199,1.168835,-0.22167903,0.13333169
hiphop.00034,hiphop,6,0.9999963,1.4273391,-1.2180899,0.78997725,-0.20839009,0.11944239
hiphop.00035,hiphop,6,1.0,1.5344453,1.1062884,1.1062572,-0.2556812,0.12803012
hiphop.00036,hiphop,6,0.999954,1.6415112,2.7709625,1.3682795,-0.23480484,0.1049787
hiphop.00037,hiphop,6,1.0,3.4413474,1.9597999,2.1474712,-0.2194925,0.09418876
hiphop.00038,hiphop,6,0.9990976,0.17327183,1.7090058,0.51018405,-0.26152796,0.09837103
hiphop.00039,hiphop,6,1.0,1.734282,2.459587,1.4373746,-0.24504693,0.11142616
hiphop.00040,hiphop,6,1.0,1.7248763,3.0267155,1.5185325,-0.27294275,0.09626254
hiphop.00041,hiphop,6,1.0,0.924896,0.97438675,0.8751488,-0.23764601,0.12819302
hiphop.00042,hiphop,6,1.0,1.2163076,1.268727,1.0332847,-0.2397142,0.123072006
hiphop.00043,hiphop,6,0.9999993,-0.29595158,1.202376,0.2732968,-0.2760248,0.1291651
hiphop.00044,hiphop,6,0.99999964,1.3663808,2.1683939,1.2499206,-0.23849007,0.1299679
hiphop.00045,hiphop,6,1.0,1.734282,2.459587,1.4373746,-0.24504693,0.11142616
hiphop.00046,hiphop,6,0.9999994,0.5402523,0.98766965,0.64749384,-0.2501863,0.12987709
hiphop.00047,hiphop,6,0.99728024,1.8897899,1.3468314,1.3092339,-0.23979019,0.122119434
hiphop.00048,hiphop,6,0.9999759,0.22514276,0.77444386,0.45096868,-0.23524538,0.13953304
hiphop.00049,hiphop,6,1.0,0.99942535,0.36643952,0.7954509,-0.2384209,0.13722512
hiphop.00050,hiphop,6,1.0,-0.85647607,1.2714233,0.08648724,-0.29376975,0.12706651
hiphop.00051,hiphop,6,1.0,1.2544897,1.2442348,0.995228,-0.24557416,0.12680797
hiphop.00052,hiphop,6,1.0,0.91331154,1.1513478,0.75276977,-0.2514058,0.13707301
hiphop.00053,hiphop,6,0.99999976,1.4206122,1.2761947,1.0442394,-0.22382362,0.1317238
hiphop.00054,hiphop,6,1.0,1.6130054,0.47006783,0.9977861,-0.22186312,0.14417167
hiphop.00055,hiphop,6,0.9999995,-0.30023667,0.58147436,0.3067551,-0.27623633,0.14610912
hiphop.00056,hiphop,6,0.999987,-0.24889562,-0.14389628,0.2473978,-0.26547083,0.12619285
hiphop.00057,hiphop,6,0.99991465,-0.67758435,0.30271748,0.15311219,-0.27450272,0.14529993
hiphop.00058,hiphop,6,1.0,1.6477879,0.9782646,1.1863481,-0.24022022,0.13424541
hiphop.00059,hiphop,6,0.99999964,-0.21420622,0.5698348,0.28228799,-0.27564156,0.13317883
hiphop.00060,hiphop,6,0.9999999,-0.6858566,0.66300815,0.11895637,-0.28158963,0.15308192
hiphop.00061,hiphop,6,1.0,-0.6007328,0.36795473,0.18698803,-0.28640005,0.14321576
hiphop.00062,hiphop,6,0.9999988,1.4929788,2.7237067,1.3219508,-0.25021544,0.107167974
hiphop.00063,hiphop,6,0.9999994,1.4490557,1.691997,1.2274125,-0.2455737,0.10744113
hiphop.00064,hiphop,6,0.99999976,0.33496258,0.93911064,0.58390987,-0.25661474,0.122017995
hiphop.00065,hiphop,6,0.99999285,1.3434505,2.4740317,1.1798499,-0.25509602,0.1184496
hiphop.00066,hiphop,6,0.9999995,0.23220013,1.1911191,0.5347625,-0.25132272,0.12107258
hiphop.00067,hiphop,6,0.9999981,1.9086527,1.2976941,1.3672934,-0.2387518,0.11888858
hiphop.00068,hiphop,6,1.0,0.5490558,0.54210424,0.5945301,-0.23800705,0.12977277
hiphop.00069,hiphop,6,0.98121095,1.7836807,0.9144707,1.2008448,-0.22541505,0.12174161
hiphop.00070,hiphop,6,1.0,0.57386583,1.0462381,0.5975712,-0.25438875,0.14324012
hiphop.00071,hiphop,6,1.0,1.946599,1.2295499,1.3108778,-0.24385317,0.115242735
hiphop.00072,hiphop,6,0.9999999,-0.4685648,1.2677588,0.22932756,-0.2783147,0.12110128
hiphop.00073,hiphop,6,0.9999751,1.365092,1.7256746,1.0993241,-0.2594533,0.13539593
hiphop.00074,hiphop,6,0.99999714,0.9787686,0.49860707,0.8135086,-0.24158521,0.12039791
hiphop.00075,hiphop,6,1.0,2.761,2.2598686,1.8692573,-0.24755554,0.11062454
hiphop.00076,hiphop,6,0.99999976,1.047103,2.168578,1.0908805,-0.26534814,0.11973929
hiphop.00077,hiphop,6,0.9999982,1.6568866,0.8230289,1.175156,-0.22261435,0.119540535
hiphop.00078,hiphop,6,0.99999964,1.047103,2.168578,1.0908805,-0.26534814,0.11973929
hiphop.00079,hiphop,6,1.0,2.5262294,1.5995085,1.660958,-0.20042491,0.1159936
hiphop.00080,hiphop,6,0.9999999,2.138004,0.07918377,1.1851671,-0.22075267,0.13380352
hiphop.00081,hiphop,6,0.99999785,-1.1522992,0.6798138,-0.051195353,-0.29844475,0.12121758
hiphop.00082,hiphop,6,1.0,0.56153125,-0.49162647,0.57428426,-0.27166688,0.11680806
hiphop.00083,hiphop,6,0.9999994,0.34303346,-0.30381504,0.46827376,-0.2717025,0.11383979
hiphop.00084,hiphop,6,0.99999523,0.36520916,1.0134555,0.6117279,-0.27709627,0.10847645
hiphop.00085,hiphop,6,0.9999999,0.7221259,-0.6303564,0.6335332,-0.26622075,0.120253414
hiphop.00086,hiphop,6,1.0,-0.11834812,0.470239,0.34572244,-0.28830984,0.115823135
hiphop.00087,hiphop,6,0.9999902,0.59657896,0.098313965,0.55599314,-0.27574643,0.117987946
hiphop.00088,hiphop,6,1.0,0.8217961,-0.81737506,0.57926345,-0.24279404,0.119016245
hiphop.00089,hiphop,6,0.9999993,0.60774255,-0.65084785,0.5511665,-0.2485281,0.110569715
hiphop.00090,hiphop,6,1.0,0.012678185,-0.8554759,0.34563053,-0.25487858,0.12732434
hiphop.00091,hiphop,6,0.99999964,0.72836876,-0.5036883,0.6028251,-0.24589366,0.11680431
hiphop.00092,hiphop,6,0.9999995,-0.33073774,-0.2373172,0.24317664,-0.2692693,0.119662836
hiphop.00093,hiphop,6,0.99999416,1.2637703,0.09537654,0.86999315,-0.2344821,0.11779029
hiphop.00094,hiphop,6,0.9993237,-0.8562621,0.38729095,0.067321226,-0.28505707,0.11829413
hiphop.00095,hiphop,6,0.99999547,0.8643199,-1.1775132,0.6116763,-0.22886299,0.11081428
hiphop.00096,hiphop,6,0.9999975,-0.80331224,-0.5222624,0.14479908,-0.2780438,0.1282637
hiphop.00097,hiphop,6,0.998445,0.63436896,-0.5851003,0.57159454,-0.27243713,0.10722081
hiphop.00098,hiphop,6,0.9999678,0.3819192,-0.35655656,0.50419474,-0.2725832,0.1150062
hiphop.00099,hiphop,6,0.9998332,0.24475515,1.2626324,0.53761315,-0.29417878,0.098403916
jazz.00000,jazz,1,1.0,-0.8528517,1.1041795,-1.3174863,0.15543517,1.6975174
jazz.00001,jazz,1,0.99999845,-1.5300506,0.73352295,-1.4103179,0.1812433,1.7336566
jazz.00002,jazz,1,0.9999999,-1.8927519,0.6549473,-1.4760242,0.15071417,1.7926898
jazz.00003,jazz,1,1.0,-2.5007539,0.68077105,-1.4941056,0.16756956,1.7767985
jazz.00004,jazz,1,0.9999993,-2.1368573,0.3888463,-1.4882512,0.1599899,1.7332743
jazz.00005,jazz,1,1.0,-1.712875,1.5005978,-1.4123917,0.14321575,1.6810129
jazz.00006,jazz,1,0.9991497,-1.7026378,0.7550962,-1.4503722,0.17251307,1.7735035
jazz.00007,jazz,1,0.9999943,-1.9703699,0.7371078,-1.436141,0.14296743,1.6948135
jazz.00008,jazz,1,0.99999964,-1.6637295,0.02837649,-1.4026885,0.16437714,1.6986917
jazz.00009,jazz,1,0.99999964,-2.6423771,-0.20246506,-1.4953218,0.16730519,1.739707
jazz.00010,jazz,1,0.9999999,-2.4495385,1.2994665,-1.5202798,0.16511476,1.7860365
jazz.00011,jazz,1,0.9999995,-1.2018834,-0.8015799,-1.3494698,0.18133807,1.7061485
jazz.00012,jazz,1,0.9999136,-1.487374,-0.6993264,-1.4051417,0.1980067,1.768894
jazz.00013,jazz,1,1.0,-1.4906311,-0.9578273,-1.3906593,0.18103862,1.7391672
jazz.00014,jazz,1,1.0,-1.8572783,0.9423169,-1.4512436,0.15726562,1.7434125
jazz.00015,jazz,1,0.9999987,-1.2614003,-0.89526606,-1.3798392,0.19601099,1.7590101
jazz.00016,jazz,1,0.99986434,-1.4887502,0.17368504,-1.3799596,0.168472,1.6886415
jazz.00017,jazz,1,0.99999976,-0.8340813,-0.09314189,-1.2826552,0.16419044,1.6688998
jazz.00018,jazz,1,1.0,-1.0248798,-1.5092949,-1.2456009,0.1773247,1.6174662
jazz.00019,jazz,1,0.99999905,-1.8459977,-0.49726698,-1.4334307,0.19223103,1.7412043
jazz.00020,jazz,1,0.99999976,-2.1917262,0.33626458,-1.5231392,0.18475974,1.773802
jazz.00021,jazz,6,1.0,1.5854461,-1.0882461,0.78768796,-0.1782207,0.14976299
jazz.00022,jazz,1,0.99999857,-1.7434978,0.17951775,-1.4482293,0.16229998,1.7103496
jazz.00023,jazz,1,1.0,-0.89054,-0.503545,-1.2767727,0.16848905,1.6390285
jazz.00024,jazz,1,0.9999815,-0.3747536,-0.2191586,-1.1490542,0.15427999,1.5923591
jazz.00025,jazz,1,0.9999709,-1.4212635,-0.062298037,-1.4042413,0.17155674,1.6994047
jazz.00026,jazz,1,0.99999785,-1.179249,1.2733905,-1.3147182,0.15138842,1.6419511
jazz.00027,jazz,1,1.0,-1.3354455,-0.88105476,-1.3852262,0.19476426,1.739712
jazz.00028,jazz,1,1.0,-1.3211244,-0.67378986,-1.3727307,0.18401264,1.7045486
jazz.00029,jazz,1,1.0,-0.59890926,-1.0375143,-1.1436958,0.14422922,1.5190067
jazz.00030,jazz,1,1.0,-0.7483515,0.10228872,-1.3302473,0.16046707,1.7328461
jazz.00031,jazz,1,1.0,-1.2549093,-0.95018816,-1.3664623,0.18153366,1.7297993
jazz.00032,jazz,1,0.99999976,-1.2949312,0.17019854,-1.3545713,0.15609364,1.6711435
jazz.00033,jazz,1,1.0,-2.069012,0.13114093,-1.451001,0.17726481,1.7388085
jazz.00034,jazz,1,0.99999905,-0.7539665,-0.20917474,-1.3143561,0.15144105,1.6894386
jazz.00035,jazz,1,0.99999785,-2.5666656,-0.2032872,-1.4705906,0.15282811,1.6975849
jazz.00036,jazz,1,0.9999989,-0.7226696,0.049043495,-1.278209,0.13246189,1.717187
jazz.00037,jazz,1,0.9997708,-1.8853352,-0.12754126,-1.4310727,0.17436609,1.7041867
jazz.00038,jazz,1,0.9999999,-1.529783,-0.62496775,-1.4046128,0.19427586,1.7251633
jazz.00039,jazz,1,1.0,-1.5023079,0.50096834,-1.3664787,0.13537036,1.6804549
jazz.00040,jazz,1,0.9999999,-1.6662021,0.029440833,-1.3964752,0.14714175,1.6833634
jazz.00041,jazz,1,0.9999976,-0.957393,0.32982463,-1.2997345,0.13779803,1.6690586
jazz.00042,jazz,1,0.99999976,-1.62912,0.17547613,-1.3827964,0.15074025,1.6824086
jazz.00043,jazz,1,1.0,-1.1148074,-0.2743448,-1.4065716,0.17678493,1.7538962
jazz.00044,jazz,1,1.0,-2.0447018,0.32171384,-1.4418865,0.15668589,1.7224531
jazz.00045,jazz,1,0.9999987,-2.4077418,-0.34272483,-1.4849532,0.17375758,1.7623744
jazz.00046,jazz,1,1.0,-1.969349,-0.032044545,-1.4312427,0.16627689,1.7200387
jazz.00047,jazz,1,0.9999933,-0.49550632,-0.8204187,-1.166697,0.16249804,1.5831349
jazz.00048,jazz,1,1.0,-1.1855085,-0.8176108,-1.407722,0.17806992,1.7505579
jazz.00049,jazz,1,0.9999957,-0.6125736,0.92818236,-1.2129524,0.12869002,1.6118609
jazz.00050,jazz,6,1.0,-0.29298422,-1.1448603,0.18215618,-0.16396941,0.221331
jazz.00051,jazz,1,1.0,-2.0472474,0.11710275,-1.4472897,0.1816314,1.7345693
jazz.00052,jazz,6,0.9999999,-0.24652024,-0.2298502,-0.09007085,-0.10289678,0.51820564
jazz.00053,jazz,1,0.9999989,-0.6459498,-0.15685071,-1.257776,0.17371829,1.6540581
jazz.00055,jazz,1,1.0,-2.5436018,-0.22713946,-1.4673035,0.1595457,1.6984664
jazz.00056,jazz,6,0.9999726,0.44174564,-0.96171,0.5115075,-0.20905575,0.14452027
jazz.00057,jazz,1,0.99998236,-1.5382359,0.36715192,-1.4274142,0.1701111,1.724133
jazz.00058,jazz,1,1.0,-0.6530306,0.05688604,-1.2411144,0.1361718,1.6914465
jazz.00059,jazz,1,0.9999939,-1.5220078,0.5567064,-1.3916787,0.16306424,1.6560915
jazz.00060,jazz,1,1.0,-1.672735,-0.023129243,-1.4280926,0.18456133,1.7116628
jazz.00061,jazz,6,0.9999995,-0.18336175,-1.0440562,0.14757968,-0.17410941,0.27445906
jazz.00062,jazz,1,0.99998987,-1.3074338,-0.45520887,-1.3775141,0.20974424,1.73082
jazz.00063,jazz,6,0.9999943,-0.23256496,-1.3930552,0.08011517,-0.15701012,0.34642285
jazz.00064,jazz,1,0.9997547,-1.5181853,-1.3173865,-1.3710907,0.1895215,1.7171266
jazz.00065,jazz,1,0.99996424,-1.4760965,0.48346457,-1.3615948,0.13965422,1.6709528
jazz.00066,jazz,1,1.0,-1.1148474,-0.40545267,-1.4046798,0.16138566,1.7425737
jazz.00067,jazz,1,1.0,-1.6040571,0.041182537,-1.3791409,0.15528597,1.6722631
jazz.00068,jazz,1,1.0,-1.5905565,0.1342979,-1.3912762,0.16132309,1.69278
jazz.00069,jazz,1,1.0,-0.7994334,0.010945238,-1.3562987,0.18247186,1.7272882
jazz.00070,jazz,1,0.9999752,-1.8905029,0.28613618,-1.468137,0.1767535,1.7556789
jazz.00071,jazz,1,1.0,-2.3678637,-0.36183888,-1.4855866,0.18765701,1.7686241
jazz.00072,jazz,1,0.9999999,-1.9412274,-0.055118866,-1.4287062,0.17115834,1.7162219
jazz.00073,jazz,6,0.9999982,0.49582782,-0.5958567,0.39007467,-0.17857864,0.24431258
jazz.00074,jazz,1,1.0,-0.1376196,0.33049443,-1.0083218,0.14520755,1.5225408
jazz.00075,jazz,6,0.9999924,0.43142873,-0.65817505,0.35975656,-0.1959151,0.24872057
jazz.00076,jazz,1,0.9999974,-1.2486479,-0.09975891,-1.3795161,0.19771706,1.7305452
jazz.00077,jazz,6,0.67926353,0.30785713,-0.8849422,0.31893766,-0.19226456,0.23555066
jazz.00078,jazz,1,0.999338,-0.26024497,0.17879525,-0.96506476,0.122079864,1.4637672
jazz.00079,jazz,6,0.9999974,0.09857881,-0.46613595,0.3709232,-0.19213036,0.19336629
jazz.00080,jazz,6,0.9999299,0.51745296,-1.2330639,0.49253628,-0.20048398,0.14253539
jazz.00081,jazz,6,0.9999939,0.95278424,0.3392387,0.6570682,-0.19713202,0.13574223
jazz.00082,jazz,6,0.99999917,2.9899452,0.12605906,1.618358,-0.19346866,0.04041114
jazz.00083,jazz,6,0.9999999,1.3958439,-0.6134456,0.86120665,-0.19940442,0.08266392
jazz.00084,jazz,6,0.9999937,0.5876211,-0.6256087,0.5351293,-0.20064804,0.14104316
jazz.00085,jazz,6,0.999956,0.6819273,-0.72078127,0.5610765,-0.1896766,0.14473708
jazz.00086,jazz,6,0.99999726,3.046299,-0.6231475,1.6189431,-0.18838502,0.06459171
jazz.00087,jazz,1,0.9999987,-1.1169524,1.5619682,-1.3316231,0.15418836,1.6420324
jazz.00088,jazz,1,0.99999523,-0.49667773,0.3631648,-1.1089935,0.13860597,1.5304015
jazz.00089,jazz,1,0.9999982,-0.71962595,0.99332297,-1.3183572,0.17288761,1.7444311
jazz.00090,jazz,1,0.9999999,-1.2329916,-0.5143169,-1.3385361,0.16337514,1.6684093
jazz.00091,jazz,6,0.99999607,2.4456055,2.1136236,1.7672445,-0.20987344,0.094191104
jazz.00092,jazz,6,0.9999999,0.3995016,1.4859855,0.6133628,-0.21421039,0.20355757
jazz.00093,jazz,1,1.0,-0.6720978,-0.6061451,-1.0714438,0.11662562,1.4586802
jazz.00094,jazz,1,1.0,-2.1587691,0.8350323,-1.5434499,0.17639108,1.7925024
jazz.00095,jazz,1,0.99965096,-1.1726598,-0.31504333,-1.3728161,0.19452651,1.7224805
jazz.00096,jazz,1,0.9999999,-0.65130854,0.7200832,-1.2165393,0.14383008,1.590046
jazz.00097,jazz,1,1.0,-2.1198385,0.792263,-1.479155,0.14840983,1.6955843
jazz.00098,jazz,1,1.0,-0.9621439,-0.33031666,-1.2743117,0.16989058,1.6211157
jazz.00099,jazz,1,1.0,-1.6486548,0.15385741,-1.5078454,0.1895403,1.8100111
metal.00000,metal,5,0.99999845,1.4759997,-1.7780172,1.9543924,0.24741802,0.75160563
metal.00001,metal,5,0.99957997,0.86753726,-2.0258954,1.8050385,0.24233122,0.7794837
metal.00002,metal,5,0.99999857,0.010144309,-1.9763112,1.5624273,0.21472389,0.7128529
metal.00003,metal,5,0.9999962,0.8634029,-2.1708252,1.7466853,0.22155128,0.6854553
metal.00004,metal,5,0.998123,1.6501606,-1.7742025,1.9965718,0.25013575,0.7652198
metal.00005,metal,5,0.9999938,0.23135234,-1.629231,1.6025132,0.23235108,0.6966516
metal.00006,metal,5,1.0,1.7107393,-1.4610933,1.9415085,0.23541103,0.7247409
metal.00007,metal,5,0.9999976,1.0482914,-2.0540748,1.8666707,0.24002838,0.76182103
metal.00008,metal,5,0.99949205,1.5779321,-0.23642465,1.8244159,0.2276254,0.72863376
metal.00009,metal,5,0.9999999,-0.39938027,-2.1470656,1.511187,0.20623058,0.685914
metal.00010,metal,5,0.99973065,1.2000729,-2.5799675,1.7914217,0.2111463,0.66446567
metal.00011,metal,5,0.99999964,0.43046835,-2.940892,1.710887,0.23408113,0.7025751
metal.00012,metal,5,0.999997,0.6353136,-2.6202898,1.7232243,0.23298173,0.6994973
metal.00013,metal,5,0.9999993,1.135796,-2.5854633,1.8056588,0.22994976,0.6898947
metal.00014,metal,5,0.9904185,0.7952956,-2.2617834,1.6722342,0.23061651,0.6571217
metal.00015,metal,5,0.9987664,0.8207796,-2.427829,1.749567,0.2238411,0.68100977
metal.00016,metal,5,0.9999976,0.90854335,-2.1863925,1.7051115,0.21637107,0.6861709
metal.00017,metal,5,0.9999924,0.7969835,-2.2008166,1.7313712,0.21507302,0.6939398
metal.00018,metal,5,0.9999976,0.5693084,-2.10382,1.716476,0.20952275,0.7284497
metal.00019,metal,5,0.9438779,0.79417294,-1.748541,1.6562567,0.22774169,0.67743146
metal.00020,metal,5,0.9999944,0.6467064,-1.9833637,1.6833308,0.22550084,0.6942142
metal.00021,metal,5,0.99999857,1.2157143,-2.153128,1.8560181,0.24144332,0.69407725
metal.00022,metal,5,0.9999989,-0.34327346,-1.9798638,1.5506483,0.22538665,0.69845474
metal.00023,metal,5,0.9997725,0.372096,-1.855152,1.6907454,0.23860106,0.70976937
metal.00024,metal,5,0.9999976,0.37080926,-1.8575338,1.613048,0.2156155,0.7002025
metal.00025,metal,5,0.9999999,0.31630042,-1.2357162,1.61835,0.22487378,0.68607795
metal.00026,metal,5,0.9999924,0.9367771,-2.616495,1.7851897,0.23043758,0.6904665
metal.00027,metal,5,0.9999999,-0.015840571,-2.3281193,1.5812323,0.22284557,0.70371044
metal.00028,metal,5,0.99999964,0.8693099,-2.7255352,1.7097583,0.21958953,0.69024396
metal.00029,metal,5,0.9995334,1.1164887,-1.5346907,1.7133827,0.21392938,0.66608655
metal.00030,metal,5,1.0,-1.2729745,-1.1869769,1.3339376,0.20179377,0.7185948
metal.00031,metal,5,0.9999933,0.36684775,-1.8529556,1.6395507,0.22449975,0.7139765
metal.00032,metal,5,0.99995124,0.40950665,-1.732822,1.6287092,0.22978005,0.67742467
metal.00033,metal,5,0.99997437,0.036524314,-1.1015986,1.5663282,0.20025617,0.666456
metal.00034,metal,5,0.9999993,1.1377887,-1.0203873,1.6265541,0.218091,0.69707394
metal.00035,metal,5,0.9998567,1.0653174,-1.5778508,1.7321539,0.20754215,0.64404047
metal.00036,metal,5,1.0,0.7910844,-2.0231135,1.7013416,0.21958363,0.7003674
metal.00037,metal,5,0.99999964,0.15667911,-1.9964033,1.5939577,0.20949396,0.69322526
metal.00038,metal,6,0.99999714,0.7986916,0.45552635,0.8157965,-0.06676288,0.14706773
metal.00039,metal,5,0.99828845,-0.28493425,-0.49381477,1.4796623,0.21329808,0.6894015
metal.00040,metal,5,0.99999523,0.8872447,-2.0511014,1.6953958,0.21977018,0.6815485
metal.00041,metal,5,0.99998724,0.109688975,-1.8907268,1.5260222,0.21171032,0.6853082
metal.00042,metal,5,0.99968326,0.29716152,-2.2907665,1.5989623,0.22838372,0.70532846
metal.00043,metal,5,0.9999999,1.1916652,-1.0028092,1.7405831,0.2219891,0.68687856
metal.00044,metal,5,0.99917287,0.8440613,-1.983653,1.6861947,0.21955058,0.6744586
metal.00045,metal,5,0.9999999,0.70379245,-0.576312,1.568485,0.21911968,0.68868136
metal.00046,metal,5,0.9999994,0.5719603,-2.6429014,1.6815139,0.22793336,0.68156517
metal.00047,metal,5,0.99977404,1.0153586,-2.3160357,1.780115,0.23805596,0.7098954
metal.00048,metal,5,0.9991817,0.68437105,-2.6637907,1.7084213,0.2400381,0.7035547
metal.00049,metal,5,0.9999962,0.8832889,-2.8503213,1.7673185,0.24028638,0.7048783
metal.00050,metal,5,0.9999969,0.80686224,-2.4808106,1.7747549,0.25019002,0.7324517
metal.00051,metal,5,0.9999989,1.832965,-2.4469945,1.9338485,0.22751829,0.68639445
metal.00052,metal,5,1.0,0.9353857,-1.5645407,1.7021494,0.22928272,0.69863945
metal.00053,metal,5,0.9999999,0.763576,-2.3772893,1.772516,0.25031143,0.72906685
metal.00054,metal,5,0.9999976,1.2408091,-2.5119512,1.8252593,0.23131643,0.693998
metal.00055,metal,5,0.99950504,1.0972772,-2.5435982,1.7825515,0.24035658,0.70511
metal.00056,metal,5,0.99999964,0.9244055,-2.4050772,1.7398958,0.24276754,0.7137072
metal.00057,metal,5,0.9999981,0.6457664,-1.5355833,1.6725442,0.22980043,0.68936825
metal.00058,metal,5,0.99999964,0.28242943,-2.3405492,1.5975395,0.21499634,0.69282603
metal.00059,metal,5,0.9999752,0.2504362,-2.627347,1.603114,0.21452497,0.68650454
metal.00060,metal,5,0.999982,0.20729059,-2.34128,1.6069876,0.20902811,0.6855349
metal.00061,metal,5,0.99945813,0.8872447,-2.0511014,1.6953958,0.21977018,0.6815485
metal.00062,metal,5,1.0,0.109688975,-1.8907268,1.5260222,0.21171032,0.6853082
metal.00063,metal,5,0.9999994,0.29716152,-2.2907665,1.5989623,0.22838372,0.70532846
metal.00064,metal,5,0.99994934,1.1916652,-1.0028092,1.7405831,0.2219891,0.68687856
metal.00065,metal,5,0.9999999,0.8440613,-1.983653,1.6861947,0.21955058,0.6744586
metal.00066,metal,5,0.99996173,0.70379245,-0.576312,1.568485,0.21911968,0.68868136
metal.00067,metal,5,1.0,-0.0055337334,-1.4582901,1.5929952,0.23393135,0.7081058
metal.00068,metal,5,0.9985765,0.19951114,-1.3354357,1.5601873,0.21720642,0.68767345
metal.00069,metal,5,0.9903521,-1.0284194,-1.1460876,1.4245255,0.22251205,0.75499046
metal.00070,metal,5,0.9999993,0.89715576,-0.33742413,1.6313398,0.23106286,0.68403864
metal.00071,metal,5,0.99999964,0.8355718,-1.2561897,1.652917,0.22427586,0.66318065
metal.00072,metal,5,0.9895964,0.02424451,-2.060043,1.5949233,0.22065482,0.70035446
metal.00073,metal,5,0.9967152,0.50338227,-1.313067,1.6680038,0.23900889,0.73622596
metal.00074,metal,5,0.99999976,0.8640243,-1.1705347,1.7314761,0.22972263,0.6963682
metal.00075,metal,5,0.9942742,-0.16785105,-0.6615308,1.5100086,0.22591548,0.7417791
metal.00076,metal,5,0.99949574,0.84865314,-1.5905994,1.6888235,0.22479482,0.6600665
metal.00077,metal,5,0.99999976,0.5713229,-2.3041866,1.7036371,0.23286243,0.7003017
metal.00078,metal,5,1.0,0.8524958,-1.3661733,1.7179675,0.22435188,0.7105951
metal.00079,metal,5,0.9991386,0.6136707,-1.5433115,1.6572986,0.22421518,0.665277
metal.00080,metal,5,0.99999964,0.81434315,-1.2930149,1.7309375,0.24039213,0.7042204
metal.00081,metal,5,0.9999945,-0.22748446,-2.266544,1.5334333,0.20553362,0.6795511
metal.00082,metal,5,0.9999988,0.078125544,-2.1347914,1.6275856,0.22881362,0.6987672
metal.00083,metal,5,0.9999989,0.3532708,-1.6151468,1.5926032,0.19705692,0.6740401
metal.00084,metal,5,1.0,0.5876834,-1.4735657,1.6713283,0.23723374,0.7365745
metal.00085,metal,5,0.9996952,0.5481843,-1.6628296,1.6317506,0.23245251,0.6847482
metal.00086,metal,5,0.99999964,0.74614424,-1.8069098,1.658148,0.22102205,0.6812476
metal.00087,metal,5,0.999818,1.3798555,-2.0820565,1.8674772,0.23528835,0.721393
metal.00088,metal,5,0.99995005,-0.29843456,0.04542734,1.3893656,0.2006436,0.72678614
metal.00089,metal,5,0.9999999,-1.341709,-0.96024865,1.3588657,0.20488754,0.74426806
metal.00090,metal,5,0.99994457,-0.24331452,-1.3772248,1.5400988,0.2125563,0.70222867
metal.00091,metal,5,0.98300123,0.118848875,-1.3394915,1.6142092,0.22382033,0.70608306
metal.00092,metal,5,1.0,-0.3937638,-1.442585,1.4486223,0.21069211,0.6946492
metal.00093,metal,5,0.99999964,0.32753786,-2.2982125,1.6708429,0.23838267,0.71026444
metal.00094,metal,5,0.9999995,1.1377887,-1.0203873,1.6265541,0.218091,0.69707394
metal.00095,metal,5,0.999998,0.36340672,-1.4265729,1.6280744,0.22490819,0.70482266
metal.00096,metal,5,0.99998593,0.7385444,-0.64558524,1.6217929,0.22632457,0.690308
metal.00097,metal,5,0.9949838,-0.32735178,-0.5231528,1.5420569,0.23326741,0.75004816
metal.00098,metal,5,0.9999995,0.27912405,-0.16425142,1.5354291,0.21894768,0.6989457
metal.00099,metal,5,0.99996567,0.32740796,-0.7699759,1.6098268,0.22383785,0.700834
pop.00000,pop,6,0.9999852,2.0924103,1.2127963,1.4425727,-0.19496503,0.117772855
pop.00001,pop,6,0.99999905,2.6261098,1.7344263,1.6865973,-0.18754429,0.11184646
pop.00002,pop,6,0.99999976,1.6935941,0.37083232,1.0833082,-0.20797968,0.109037325
pop.00003,pop,6,0.9999782,0.06645412,0.5733831,0.33472124,-0.23940876,0.14162767
pop.00004,pop,6,0.99999976,1.3395789,-0.22373927,0.8723005,-0.21497223,0.13386676
pop.00005,pop,6,0.99995553,0.21248035,1.1024817,0.49014604,-0.2166774,0.15554485
pop.00006,pop,6,0.9999988,0.046004914,0.55888957,0.39922404,-0.22995459,0.13464129
pop.00007,pop,6,1.0,-0.027872756,1.7744135,0.49382305,-0.25752893,0.09345606
pop.00008,pop,6,1.0,1.7278119,0.4195195,1.0974014,-0.20468181,0.14055213
pop.00009,pop,6,0.9999999,1.7483522,-0.43264905,1.0438086,-0.18579465,0.12148954
pop.00010,pop,6,1.0,-0.051250055,0.6913432,0.3417417,-0.23562016,0.1398202
pop.00011,pop,6,1.0,-0.06163943,1.1125634,0.47281733,-0.25159946,0.115552574
pop.00012,pop,6,1.0,0.99308735,-0.14896283,0.7102467,-0.21204792,0.13720271
pop.00013,pop,6,0.99999785,-0.16959026,1.3841186,0.37891024,-0.23737195,0.124571204
pop.00014,pop,6,0.99998033,-0.20029089,-0.55468625,0.24832946,-0.21004346,0.154217
pop.00015,pop,6,1.0,1.8992575,0.46804386,1.2123498,-0.19384877,0.121939085
pop.00016,pop,6,1.0,2.0666895,0.9468199,1.4599897,-0.18737988,0.10831991
pop.00017,pop,6,1.0,0.87340474,-0.62913907,0.6178644,-0.19331108,0.12590502
pop.00018,pop,6,0.99999976,1.7977734,0.26179597,1.0883678,-0.19741875,0.13389538
pop.00019,pop,6,0.9999999,2.4726024,0.9048655,1.5250293,-0.19875601,0.12936975
pop.00020,pop,6,0.99998367,2.3478236,-0.25627917,1.2657143,-0.20066969,0.10881295
pop.00021,pop,6,0.99996674,2.4463658,0.2854002,1.4657382,-0.1727476,0.09315567
pop.00022,pop,6,0.9963691,1.8892506,0.47483137,1.2121851,-0.1935158,0.12181278
pop.00023,pop,6,1.0,2.98223,1.028907,1.7138935,-0.1728183,0.11660215
pop.00024,pop,6,0.9999974,1.9510838,0.46949565,1.2512014,-0.1885204,0.122659236
pop.00025,pop,6,1.0,1.7292033,1.5186256,1.1750171,-0.20888595,0.13662854
pop.00026,pop,6,0.9999969,0.9104325,0.9510574,0.7990487,-0.23561278,0.1307791
pop.00027,pop,6,1.0,0.7960287,0.5087496,0.6911508,-0.21811496,0.13659084
pop.00028,pop,6,0.99999416,1.179032,0.0014657737,0.77341807,-0.19911066,0.13307157
pop.00029,pop,6,0.99992657,1.0152856,0.18047395,0.77101624,-0.19057484,0.13127689
pop.00030,pop,6,0.9999894,1.5482647,-0.09294418,0.9957384,-0.20238319,0.12587467
pop.00031,pop,6,0.9999987,1.6142378,-0.058090877,1.0356278,-0.20162044,0.12450118
pop.00032,pop,6,1.0,4.1529064,1.3697912,2.2919838,-0.18101925,0.098894395
pop.00033,pop,6,1.0,0.89940184,0.22772095,0.76804036,-0.18936221,0.12078002
pop.00034,pop,6,1.0,1.8611329,0.8568864,1.2452757,-0.20326985,0.12874913
pop.00035,pop,6,1.0,1.682243,-0.44682324,0.98106134,-0.1989327,0.12049301
pop.00036,pop,6,0.9999999,1.811588,1.0906378,1.2096658,-0.20400956,0.14130703
pop.00037,pop,6,0.9999999,1.7237285,-0.08789646,1.0588813,-0.18403058,0.12041332
pop.00038,pop,6,1.0,1.8100462,0.065949365,1.1202841,-0.19732082,0.11285589
pop.00039,pop,6,1.0,3.0489385,0.7389079,1.7313731,-0.1668615,0.111525096
pop.00040,pop,6,0.9999995,-0.35829446,0.059181422,0.29421496,-0.22774245,0.14449391
pop.00041,pop,6,1.0,-0.0010873908,1.234581,0.53305507,-0.26847413,0.10021425
pop.00042,pop,6,1.0,1.6494362,0.37250116,1.0937746,-0.17704959,0.13406827
pop.00043,pop,6,1.0,1.3470212,0.64649117,0.9179362,-0.20833102,0.12700698
pop.00044,pop,6,0.99998283,1.5383468,0.48895028,1.0868872,-0.19311596,0.12875998
pop.00045,pop,6,0.9999999,1.6788102,1.4713179,1.2580328,-0.21187107,0.12809214
pop.00046,pop,6,0.999998,1.6375132,1.4868613,1.2355287,-0.21245497,0.12904921
pop.00047,pop,6,0.9999182,1.5238144,0.7055905,1.0681316,-0.19480456,0.12636888
pop.00048,pop,6,0.9997538,3.0786235,0.32834598,1.7088904,-0.18121444,0.10479964
pop.00049,pop,6,0.9999988,0.21351059,1.9842808,0.66385627,-0.2618003,0.10409829
pop.00050,pop,6,0.9999993,1.8808736,1.4847814,1.3441982,-0.20243905,0.121627815
pop.00051,pop,6,0.9999999,3.7083793,0.24892883,1.9213474,-0.18644725,0.095968045
pop.00052,pop,6,0.9999995,2.6300383,1.1044441,1.6278124,-0.19005905,0.1193054
pop.00053,pop,6,1.0,1.2390219,2.3070648,1.2183919,-0.24310735,0.10278224
pop.00054,pop,6,1.0,2.2969096,1.3515247,1.5456245,-0.2004229,0.10659319
pop.00055,pop,6,0.9999794,3.3954737,1.6767904,2.0724158,-0.20934495,0.095299676
pop.00056,pop,6,1.0,3.258898,2.3415897,2.108578,-0.2017926,0.10980213
pop.00057,pop,6,0.99999976,2.6068246,1.0785054,1.6076527,-0.19009157,0.12085102
pop.00058,pop,6,0.99999976,2.3756704,1.6772584,1.6480155,-0.20400955,0.11343909
pop.00059,pop,6,1.0,3.2275393,2.2773657,2.090537,-0.2013037,0.10833859
pop.00060,pop,6,1.0,2.2969096,1.3515247,1.5456245,-0.2004229,0.10659319
pop.00061,pop,6,1.0,1.7733147,1.4193895,1.2525456,-0.20780401,0.13179764
pop.00062,pop,6,1.0,0.06668375,0.13455857,0.41373646,-0.24762087,0.1070552
pop.00063,pop,6,0.99999976,-0.62475467,-0.0644604,0.13262719,-0.2414418,0.14469656
pop.00064,pop,6,1.0,2.90937,1.6576711,2.0043838,-0.19135648,0.085024826
pop.00065,pop,6,1.0,0.57443446,0.6164642,0.7061805,-0.22460929,0.112370655
pop.00066,pop,6,1.0,0.8943431,0.8311843,0.8109524,-0.20406902,0.12819615
pop.00067,pop,6,1.0,3.1837647,0.6748014,1.81676,-0.18742126,0.10379828
pop.00068,pop,6,0.9997429,2.4946613,1.2125592,1.6417851,-0.20432797,0.11898619
pop.00069,pop,6,1.0,0.29954046,-0.59204644,0.45428947,-0.20602731,0.12144488
pop.00070,pop,6,1.0,1.7387685,1.4426078,1.4028096,-0.20545521,0.10311575
pop.00071,pop,6,0.9999988,3.1837647,0.6748014,1.81676,-0.18742126,0.10379828
pop.00072,pop,6,0.9999889,0.8301263,-0.6749178,0.6201416,-0.20696536,0.1203994
pop.00073,pop,6,0.9999083,2.352473,0.16321471,1.3358762,-0.18672583,0.10687789
pop.00074,pop,6,1.0,2.39837,2.0473027,1.6874005,-0.20747125,0.10599409
pop.00075,pop,6,0.9999995,2.4723291,0.70534337,1.5326893,-0.18396012,0.109205954
pop.00076,pop,6,0.99999964,2.0815957,0.7177718,1.3754802,-0.17728464,0.11700819
pop.00077,pop,6,0.9999999,3.5014737,0.86148095,1.984379,-0.17986915,0.09261696
pop.00078,pop,6,1.0,1.980526,1.0757102,1.4085679,-0.18695274,0.1125658
pop.00079,pop,6,0.99999976,0.34497222,1.3118633,0.60379547,-0.22030243,0.13517448
pop.00080,pop,6,1.0,1.5261306,0.7084163,1.0704925,-0.19478063,0.126465
pop.00081,pop,6,1.0,0.09482917,0.29089844,0.4239813,-0.2575353,0.12929927
pop.00082,pop,6,1.0,1.036987,0.066695675,0.8284149,-0.20456447,0.11533417
pop.00083,pop,6,0.9999999,0.2508213,0.20090455,0.47202805,-0.22228949,0.12644435
pop.00084,pop,6,1.0,2.9218435,2.5211484,1.9078734,-0.2179797,0.1168717
pop.00085,pop,6,0.9999999,1.2845393,1.3729215,1.0516907,-0.20465383,0.12915799
pop.00086,pop,6,0.9999999,2.2270985,-0.61138225,1.1940186,-0.19976068,0.0948005
pop.00087,pop,6,0.99999774,2.3029757,0.2766529,1.2852645,-0.19633655,0.1207304
pop.00088,pop,6,0.9999982,2.745323,1.3026899,1.7361897,-0.17633206,0.1135806
pop.00089,pop,6,0.99999905,2.5333228,1.2751094,1.6522278,-0.18060514,0.103076965
pop.00090,pop,6,0.9989986,2.315136,0.26572543,1.293637,-0.19646733,0.11918061
pop.00091,pop,6,0.9999989,2.5929863,0.3657395,1.4987941,-0.19267584,0.12091531
pop.00092,pop,6,0.9999999,1.9385588,0.37832013,1.1528887,-0.17919609,0.11721888
pop.00093,pop,6,1.0,1.2595946,-0.55410475,0.79255486,-0.20063207,0.12677938
pop.00094,pop,6,0.99900997,1.2236375,0.23693623,0.86432904,-0.20118572,0.13947703
pop.00095,pop,6,1.0,1.287675,0.8382849,0.9673524,-0.20438679,0.1337415
pop.00096,pop,6,0.9999999,1.4363054,1.1031407,1.0828456,-0.20616394,0.123099074
pop.00097,pop,6,1.0,3.2121234,2.5712962,2.0517595,-0.2170741,0.12104713
pop.00098,pop,6,0.9993568,2.4286914,0.3144191,1.446542,-0.18068159,0.10885719
pop.00099,pop,6,0.99999964,0.8591809,0.86823225,0.78687084,-0.21295817,0.1324635
reggae.00000,reggae,6,0.9999993,-0.3760048,-0.11751424,0.17099932,-0.25744528,0.10733993
reggae.00001,reggae,6,0.99999964,-0.8565011,0.16992183,0.020398397,-0.2818735,0.120894454
reggae.00002,reggae,6,0.99993217,-0.62182593,0.7590978,0.07795876,-0.28662544,0.1121966
reggae.00003,reggae,6,0.9999999,0.0012693761,1.301875,0.36463267,-0.27140278,0.10155818
reggae.00004,reggae,6,0.9999629,-0.2454831,1.0135851,0.2343626,-0.29034084,0.09546987
reggae.00005,reggae,6,0.9999995,-0.6263186,0.5708894,0.08877112,-0.28277117,0.12104146
reggae.00006,reggae,6,0.9999957,-0.753812,1.263938,0.075966865,-0.30967253,0.1213511
reggae.00007,reggae,6,0.99998343,-0.6217652,1.0381806,0.106550604,-0.2992876,0.11246009
reggae.00008,reggae,6,0.9999999,-0.60398793,1.1210793,0.08919215,-0.29470116,0.11752834
reggae.00009,reggae,6,0.9999908,-0.403986,1.6849496,0.160521,-0.3098201,0.10808083
reggae.00010,reggae,6,1.0,0.26314402,1.1908503,0.527133,-0.27508408,0.11166436
reggae.00011,reggae,6,1.0,-0.6535631,0.34565398,0.05821906,-0.2558034,0.11870685
reggae.00012,reggae,6,0.99989355,1.0293226,1.2593676,0.82630795,-0.249228,0.10095559
reggae.00013,reggae,6,0.9999945,-0.45153773,1.5035691,0.12806037,-0.29598707,0.115332134
reggae.00014,reggae,6,0.9999931,-0.30550182,1.9575009,0.21701372,-0.28997952,0.09518312
reggae.00015,reggae,6,0.99999833,-0.34557855,0.6894547,0.1583563,-0.28554985,0.11744069
reggae.00016,reggae,6,0.99997294,-0.47854227,-0.62205637,0.17438363,-0.26758045,0.10914833
reggae.00017,reggae,6,0.9999869,-0.12100162,1.2007536,0.31493983,-0.30108258,0.101107
reggae.00018,reggae,6,0.99997735,-0.09172621,1.124258,0.30900517,-0.29419744,0.10192999
reggae.00019,reggae,6,1.0,-0.101615146,1.848813,0.35083842,-0.28048548,0.093978345
reggae.00020,reggae,6,1.0,-0.671424,1.2487258,0.07590049,-0.3110975,0.1122326
reggae.00021,reggae,6,1.0,-0.3290787,-0.5332104,0.21137676,-0.26465482,0.11664227
reggae.00022,reggae,6,1.0,-0.54125977,-0.40036145,0.13256107,-0.2664942,0.11610408
reggae.00023,reggae,6,1.0,1.0680269,0.72873634,0.82132435,-0.23648138,0.121550694
reggae.00024,reggae,6,0.9999993,-0.33291548,1.0955623,0.20247412,-0.29709506,0.10976449
reggae.00025,reggae,6,0.9999962,-0.49936983,1.4862125,0.09616886,-0.2827626,0.12163196
reggae.00026,reggae,6,0.9999988,-0.39729986,1.2801597,0.16335443,-0.29290617,0.10863985
reggae.00027,reggae,6,0.99969685,0.30825147,1.6519653,0.51394993,-0.27420756,0.09556241
reggae.00028,reggae,6,0.9995876,-0.28563863,1.6644244,0.25854126,-0.26887783,0.11344779
reggae.00029,reggae,6,0.9999968,-1.3498402,0.35719684,-0.11778626,-0.27442956,0.1254199
reggae.00030,reggae,6,0.9999999,-0.017355142,1.6441848,0.39194095,-0.26734033,0.11058573
reggae.00031,reggae,6,0.9999665,-0.86065674,1.357267,0.0009930432,-0.28766015,0.12396758
reggae.00032,reggae,6,1.0,-0.96311414,0.6630922,0.005995091,-0.275958,0.124061994
reggae.00033,reggae,6,1.0,-0.4672516,1.3757322,0.16872296,-0.28841674,0.11996432
reggae.00034,reggae,6,0.9999782,-1.3078051,0.9854597,-0.12165022,-0.29740018,0.13446325
reggae.00035,reggae,6,1.0,-0.6739088,0.9709213,0.07212362,-0.2843444,0.11447185
reggae.00036,reggae,6,0.9999956,-0.5824595,1.3595268,0.08565785,-0.29124188,0.105661765
reggae.00037,reggae,6,1.0,-0.5995904,1.5174326,0.08394205,-0.2754296,0.11702452
reggae.00038,reggae,6,0.99994624,-0.6572911,1.5503356,0.054414306,-0.29259527,0.10546724
reggae.00039,reggae,6,0.9999957,-1.7661802,2.0043116,-0.2729716,-0.27344313,0.1173195
reggae.00040,reggae,6,0.99999726,0.38978967,2.370315,0.62076277,-0.30051905,0.07860067
reggae.00041,reggae,6,0.999998,-0.49360573,0.87220854,0.17271483,-0.2758991,0.1344007
reggae.00042,reggae,6,0.9999995,0.5132438,0.79751164,0.58707005,-0.24165173,0.13272601
reggae.00043,reggae,6,0.9969415,-1.1960423,-0.14300294,-0.043162644,-0.2716161,0.14417821
reggae.00044,reggae,6,1.0,0.50990397,0.684834,0.53788346,-0.25514027,0.12906665
reggae.00045,reggae,6,0.9999869,3.1991084,0.57167035,1.7945735,-0.15809205,0.09748823
reggae.00046,reggae,6,0.99999976,0.22016908,0.5943045,0.45395112,-0.26208544,0.124529846
reggae.00047,reggae,6,0.99999964,0.73094904,0.89738286,0.84468675,-0.2480859,0.11502482
reggae.00048,reggae,6,0.99999905,1.0335767,0.654659,0.8161006,-0.21403828,0.11230138
reggae.00049,reggae,6,0.9999933,0.07245397,0.3557392,0.41375095,-0.24972185,0.14658856
reggae.00050,reggae,6,0.9999999,2.0796132,1.6445978,1.382197,-0.21787642,0.101884454
reggae.00051,reggae,6,1.0,5.207907,1.8311064,2.7477555,-0.20692623,0.066218264
reggae.00052,reggae,6,1.0,2.23582,1.4374746,1.450419,-0.2163193,0.12267099
reggae.00053,reggae,6,1.0,0.72449183,2.114861,0.78726065,-0.23684162,0.12473608
reggae.00054,reggae,6,0.9999994,1.2892342,1.9379559,1.0229613,-0.22850373,0.13236052
reggae.00055,reggae,6,0.9999913,0.6112836,0.58817226,0.5469307,-0.25076747,0.12914462
reggae.00056,reggae,6,1.0,0.25688502,1.2008823,0.5009654,-0.25853857,0.12779757
reggae.00057,reggae,6,1.0,0.30402428,1.607426,0.5409505,-0.2594302,0.11975993
reggae.00058,reggae,6,1.0,1.3332738,1.7909542,1.0848434,-0.23006992,0.12566757
reggae.00059,reggae,6,1.0,1.0006292,0.59663147,0.7953862,-0.2418648,0.11979731
reggae.00060,reggae,6,1.0,0.7701233,1.3132671,0.8236922,-0.22115394,0.1200392
reggae.00061,reggae,6,1.0,1.8101923,1.1022348,1.2241658,-0.20997368,0.124588564
reggae.00062,reggae,6,1.0,0.01967109,1.8071382,0.4347636,-0.24951185,0.13382658
reggae.00063,reggae,6,0.9999982,-0.2943699,0.6866226,0.27615505,-0.26875418,0.14697218
reggae.00064,reggae,6,1.0,1.5277399,1.2153641,1.0854955,-0.23316735,0.12695205
reggae.00065,reggae,6,1.0,0.22421841,1.2942691,0.5052774,-0.2715557,0.10685587
reggae.00066,reggae,6,0.9999988,-0.8356321,0.5699465,0.028490614,-0.28739992,0.12879205
reggae.00067,reggae,6,1.0,-0.87713355,0.09758561,0.07841319,-0.26162934,0.14981529
reggae.00068,reggae,6,0.9999889,0.09968911,1.5118731,0.4806791,-0.27403587,0.10125806
reggae.00069,reggae,6,0.99999976,0.46188185,1.0922905,0.63992345,-0.2727649,0.11481429
reggae.00070,reggae,6,0.9999862,-0.3223654,0.84724927,0.18312411,-0.27649724,0.13985804
reggae.00071,reggae,6,0.9999987,2.0972219,2.3797767,1.5891261,-0.22006163,0.109813824
reggae.00072,reggae,6,0.9999999,1.818416,1.5645823,1.3188202,-0.22013932,0.11500704
reggae.00073,reggae,6,0.9999999,-0.3702944,0.28138784,0.25017908,-0.26263872,0.10688998
reggae.00074,reggae,6,0.99999964,-0.37489733,0.28114823,0.24859217,-0.26281863,0.1070622
reggae.00075,reggae,6,0.999979,0.6071006,0.15956093,0.6792835,-0.23737535,0.11651391
reggae.00076,reggae,6,0.99503577,0.9980269,1.9218669,0.8947315,-0.24370226,0.11552055
reggae.00077,reggae,6,0.99986684,-0.68717253,0.08442107,0.12996843,-0.26619107,0.13877839
reggae.00078,reggae,6,0.9999254,0.480032,1.3368737,0.5593135,-0.23661028,0.12174479
reggae.00079,reggae,6,1.0,2.4680803,0.88405305,1.5628254,-0.1967029,0.09425056
reggae.00080,reggae,6,0.9999927,0.756418,1.3836085,0.7723193,-0.24066749,0.12825653
reggae.00081,reggae,6,0.99998796,0.9143872,1.5951235,0.8617349,-0.23546298,0.1254456
reggae.00082,reggae,6,0.99999917,0.9143872,1.5951235,0.8617349,-0.23546298,0.1254456
reggae.00083,reggae,6,0.9999999,-0.9307562,1.7448075,0.012885839,-0.30888018,0.10391081
reggae.00084,reggae,6,0.9999999,-0.5411092,0.40612486,0.1519498,-0.27473474,0.1360386
reggae.00085,reggae,6,0.9999993,-0.32979724,0.8921698,0.2447395,-0.25782293,0.115567766
reggae.00086,reggae,6,1.0,4.838831,1.1564136,2.3544948,-0.18839249,0.06670637
reggae.00087,reggae,6,1.0,2.377577,2.356339,1.7089403,-0.23252198,0.09780956
reggae.00088,reggae,6,0.9993013,2.3432906,-0.0578159,1.3619758,-0.18361428,0.113100804
reggae.00089,reggae,6,0.9999999,-1.757474,0.8378122,-0.2786135,-0.2667489,0.16627687
reggae.00090,reggae,6,0.9999999,1.7586136,1.6275628,1.2857629,-0.2244855,0.12247351
reggae.00091,reggae,6,0.9999999,0.20658593,0.019156616,0.48894054,-0.24708147,0.12906508
reggae.00092,reggae,6,0.9999608,0.0055309734,-0.016370445,0.41909075,-0.2593969,0.12732191
reggae.00093,reggae,6,0.9999957,0.037904277,1.0986917,0.3779053,-0.27201626,0.13795453
reggae.00094,reggae,6,0.9999999,0.16123956,-0.13712119,0.3786492,-0.25204262,0.14325096
reggae.00095,reggae,6,1.0,0.48515552,-0.17167732,0.5391717,-0.24559194,0.11883049
reggae.00096,reggae,6,0.99999666,-0.33372575,1.122049,0.2872433,-0.27914554,0.13270862
reggae.00097,reggae,6,0.9999999,-0.39887398,0.2011245,0.24926919,-0.2629421,0.118073955
reggae.00098,reggae,6,1.0,-0.3664577,0.57745135,0.20499563,-0.27977008,0.13246244
reggae.00099,reggae,6,1.0,0.83423007,-0.5421954,0.6530727,-0.231202,0.1076167
rock.00000,rock,6,0.99977463,-0.47731373,-0.3008159,0.1498419,-0.26854974,0.10515919
rock.00001,rock,6,1.0,-1.1831133,-0.3548409,-0.04799041,-0.27860305,0.11503644
rock.00002,rock,6,0.9999999,-0.38614848,0.32955745,0.21496594,-0.2675142,0.099656716
rock.00003,rock,6,0.9999999,-1.2274003,0.36841157,-0.09189796,-0.28664875,0.11535384
rock.00004,rock,6,0.9999982,-1.0709068,0.08604136,0.016165862,-0.30608064,0.11114537
rock.00005,rock,6,1.0,-1.1410999,-1.0966759,-0.036701083,-0.2593412,0.15401648
rock.00006,rock,6,0.9999999,-0.749369,-0.46227702,0.10978983,-0.27503306,0.11104329
rock.00007,rock,6,0.99984765,-1.2947319,-0.15823305,-0.07568963,-0.2946095,0.11462382
rock.00008,rock,6,1.0,-1.0739524,-2.0594957,0.017757205,-0.2513051,0.15690432
rock.00009,rock,6,0.99999034,-1.6970037,0.21290173,-0.16246939,-0.28181863,0.09833727
rock.00010,rock,6,0.9999994,-0.48974636,-0.37242952,0.13245364,-0.27087495,0.115960054
rock.00011,rock,6,0.9999938,-0.8454674,0.10180895,0.03134759,-0.28026828,0.11801796
rock.00012,rock,6,0.999931,-0.17394064,0.93695205,0.2644477,-0.27250275,0.11564719
rock.00013,rock,6,0.9999808,-0.82959133,0.88017416,0.025359862,-0.28679448,0.10219285
rock.00014,rock,6,0.9999577,0.15964955,1.8808265,0.49348357,-0.28208333,0.09728101
rock.00015,rock,6,0.99999976,0.8464327,1.2121149,0.806826,-0.26439452,0.103286244
rock.00016,rock,6,1.0,0.25483668,-2.2304733,0.38304847,-0.21874194,0.12313877
rock.00017,rock,6,0.9999989,0.13458261,-1.9167141,0.33536738,-0.22283155,0.1190712
rock.00018,rock,6,0.9999969,0.21003737,-1.1863154,0.36712676,-0.23244624,0.112544894
rock.00019,rock,6,0.9999577,0.14731798,-1.5242414,0.32661963,-0.24172887,0.118892096
rock.00020,rock,6,0.99999976,0.19408469,-1.0547276,0.39505872,-0.24598736,0.11150393
rock.00021,rock,6,1.0,0.17078231,-1.0536381,0.4152429,-0.24255896,0.11803688
rock.00022,rock,6,0.9999881,0.37689784,-1.3988849,0.43600202,-0.23741487,0.10966265
rock.00023,rock,6,0.99999857,0.25590414,-0.69829315,0.36718866,-0.25845927,0.11041818
rock.00024,rock,6,1.0,0.21796514,-1.6302284,0.35775292,-0.22877568,0.12701863
rock.00025,rock,6,0.9999989,0.5076006,-1.8604991,0.44555932,-0.22341368,0.117943525
rock.00026,rock,6,0.9999993,0.20812753,-1.4577847,0.37509608,-0.24465124,0.117338896
rock.00027,rock,6,1.0,1.0151007,-0.5064684,0.6659262,-0.21005705,0.11663192
rock.00028,rock,6,1.0,-0.0954249,-0.6699783,0.22803466,-0.24154307,0.1426718
rock.00029,rock,6,0.9999833,0.4085347,-0.9750117,0.45023933,-0.23680395,0.11222924
rock.00030,rock,6,1.0,1.0313041,0.0042188675,0.69841087,-0.22409365,0.10481466
rock.00031,rock,6,1.0,0.7656754,0.17140715,0.66276133,-0.20428888,0.13490446
rock.00032,rock,6,0.9999292,0.15596338,-0.8891939,0.3393007,-0.22956605,0.12491059
rock.00033,rock,6,0.99992704,-0.9327132,-0.45100695,0.00090813264,-0.25610346,0.14264242
rock.00034,rock,6,0.9999957,0.63165694,-1.273122,0.4780686,-0.2215408,0.11887209
rock.00035,rock,6,0.99998593,-0.69452477,-0.5273397,0.08538794,-0.26398507,0.13025014
rock.00036,rock,6,0.9999409,1.0691665,-1.2761732,0.6270317,-0.21153031,0.10428973
rock.00037,rock,6,0.9997013,0.865856,-0.9929791,0.5602623,-0.21956775,0.12596744
rock.00038,rock,6,0.9999999,0.974626,-0.5452921,0.6652352,-0.21934977,0.123375714
rock.00039,rock,6,1.0,0.32188278,-1.3880293,0.3658389,-0.2397601,0.16053721
rock.00040,rock,6,0.9999995,1.1277775,-0.5370669,0.7293249,-0.21274903,0.119764194
rock.00041,rock,6,0.9999999,1.1180052,-0.9251842,0.6612761,-0.22725023,0.13345613
rock.00042,rock,6,0.99999905,1.1745641,-0.22153394,0.7502767,-0.20317408,0.12959059
rock.00043,rock,6,0.99999416,0.86153406,-0.503859,0.6036371,-0.21472824,0.12761307
rock.00044,rock,6,1.0,-1.0679078,-0.28767642,-0.05024822,-0.26110297,0.15178654
rock.00045,rock,6,0.99999917,-1.2049375,-0.9558693,0.0020730644,-0.27030405,0.15050007
rock.00046,rock,6,0.9999864,0.32731268,-0.62174064,0.37619334,-0.22692302,0.13529155
rock.00047,rock,6,0.99989295,1.5427672,-0.42572942,0.8946613,-0.20680544,0.1251855
rock.00048,rock,6,0.9999975,-0.88591456,-1.1662049,0.059970133,-0.25517297,0.16040419
rock.00049,rock,6,1.0,0.41443983,0.94996285,0.5501699,-0.23580271,0.13271108
rock.00050,rock,6,1.0,-0.6539586,0.579561,0.09778827,-0.26271808,0.15200895
rock.00051,rock,6,0.9999993,1.4002483,-0.0515532,0.89304274,-0.22765951,0.1055445
rock.00052,rock,6,0.9998989,0.9140449,2.0841086,0.912972,-0.24474153,0.13897859
rock.00053,rock,6,1.0,1.6955388,-1.4970926,0.88256747,-0.19717175,0.094744146
rock.00054,rock,6,1.0,1.3783993,0.49812505,0.9938188,-0.21729177,0.1155958
rock.00055,rock,6,0.99999964,-0.9284628,-0.7024888,-0.004881531,-0.2644111,0.15900163
rock.00056,rock,6,0.9999871,1.8051741,-1.1771135,0.94421744,-0.19474718,0.09102519
rock.00057,rock,6,0.999997,1.8171421,-0.9072175,0.9384122,-0.20624477,0.102628745
rock.00058,rock,6,0.99999714,0.81466794,0.21341325,0.65427816,-0.25551155,0.12480579
rock.00059,rock,6,0.9999989,0.5457206,0.46892273,0.5139956,-0.24965127,0.13734591
rock.00060,rock,6,0.9999999,1.0432637,-0.6835624,0.6074581,-0.23039982,0.1275417
rock.00061,rock,6,0.99999607,-0.10552139,0.62530696,0.29517362,-0.27356088,0.15899011
rock.00062,rock,6,1.0,1.0540243,0.7876489,0.7783046,-0.2287809,0.15695113
rock.00063,rock,6,0.9999999,-0.15158224,2.2952628,0.37821075,-0.28279287,0.11661487
rock.00064,rock,6,0.99999833,-0.3755612,-1.0134945,0.1842567,-0.25895765,0.13440174
rock.00065,rock,6,0.99998856,0.007962935,-1.1313162,0.2937149,-0.23140843,0.11979623
rock.00066,rock,6,1.0,-0.06256178,0.5787718,0.361964,-0.2715807,0.09006668
rock.00067,rock,6,0.9999994,0.5213164,-0.34605682,0.49800724,-0.23213753,0.11316021
rock.00068,rock,6,0.99993086,0.32393056,-1.1593323,0.38216877,-0.2330871,0.11567965
rock.00069,rock,6,0.9999994,0.823441,-0.15039116,0.68311286,-0.23678796,0.1206122
rock.00070,rock,6,0.999946,0.45266035,0.06584546,0.5365796,-0.22913778,0.13297005
rock.00071,rock,6,0.9999999,-0.41622394,-0.9171694,0.1703985,-0.26149082,0.11392261
rock.00072,rock,6,0.99998856,-0.21876802,-0.36513546,0.23175102,-0.27082318,0.1162855
rock.00073,rock,6,1.0,0.15040693,-1.188466,0.3352728,-0.24603367,0.109243445
rock.00074,rock,6,0.99999917,-0.4544592,-1.1699799,0.14202204,-0.23992348,0.119649544
rock.00075,rock,6,1.0,0.30181447,-0.3501606,0.4075846,-0.24796744,0.109720886
rock.00076,rock,6,0.99898547,-0.37402055,0.10598879,0.21432108,-0.28844857,0.108249865
rock.00077,rock,6,1.0,-0.13408773,-0.893713,0.25278527,-0.23220861,0.11263056
rock.00078,rock,6,0.99999976,-0.21166207,0.15139155,0.25055802,-0.2800058,0.11134386
rock.00079,rock,6,0.9999913,-0.11146954,-1.2888433,0.26577547,-0.24493258,0.117882214
rock.00080,rock,6,0.9953133,0.5888515,-1.3961289,0.47927445,-0.21403822,0.10661562
rock.00081,rock,6,1.0,0.6386765,-0.47110796,0.56647646,-0.23794052,0.11017662
rock.00082,rock,6,0.9999995,1.3330675,-1.3617157,0.7316501,-0.20727074,0.10560716
rock.00083,rock,6,0.99999857,-0.50708807,-1.4001576,0.1285486,-0.24455735,0.12949751
rock.00084,rock,6,0.99999833,0.87392634,-1.0266529,0.5996708,-0.23076147,0.10551381
rock.00085,rock,6,1.0,0.45027813,0.13900508,0.535776,-0.24834944,0.10692844
rock.00086,rock,6,1.0,0.93473715,0.50962615,0.8307086,-0.23431692,0.116383046
rock.00087,rock,6,0.9999951,-0.08923084,-2.0900698,0.25033098,-0.22256508,0.13578849
rock.00088,rock,6,0.99999475,0.80983835,-0.7577834,0.6135626,-0.21622452,0.11250602
rock.00089,rock,6,1.0,-0.67648304,-0.27395517,0.09543449,-0.28243688,0.1169484
rock.00090,rock,6,0.99976736,0.12154235,-0.7069445,0.3801276,-0.25857693,0.0954456
rock.00091,rock,6,0.9999869,0.62219465,-1.9813721,0.45756918,-0.22608966,0.117498666
rock.00092,rock,6,0.9999876,0.22424412,-2.434572,0.38147682,-0.21537122,0.12152745
rock.00093,rock,6,0.9999882,-0.54078215,-1.5233463,0.12337434,-0.24680683,0.1318693
rock.00094,rock,6,0.99999976,0.23433447,-2.3263566,0.34975505,-0.21443859,0.1309933
rock.00095,rock,6,0.9999995,-0.38461286,-1.0135621,0.17897984,-0.26683182,0.12384469
rock.00096,rock,6,0.9999683,-0.52005076,-1.3785377,0.13003905,-0.24713454,0.12928003
rock.00097,rock,6,0.9999999,0.016730456,-1.4726098,0.28928575,-0.25085866,0.12118958
rock.00098,rock,6,0.9999976,-1.4775006,0.47610795,-0.21873367,-0.26652625,0.15017381
rock.00099,rock,6,0.9999105,-0.6044117,0.27182686,0.13933435,-0.29236957,0.10793464
