Song,Genre,Cluster,Confidence,LogLikelihood,PCA1,PCA2
blues.00000,blues,0,1.0,890.9372959174838,-2.022198106499659,0.6698064417220062
blues.00001,blues,1,1.0,841.9478177519733,1.9053692021501833,2.283767388325316
blues.00002,blues,0,1.0,905.8950507263437,-1.6192942505775825,1.4719563627174237
blues.00003,blues,1,1.0,868.549495015718,0.5786886962063879,1.1132714629165241
blues.00004,blues,1,1.0,789.5204506035899,0.5810983991841198,2.212329190552391
blues.00005,blues,1,1.0,785.3495597891971,3.3630935056451032,2.1928940206217984
blues.00006,blues,1,1.0,811.0506852037537,4.4241704915788,2.473603316079578
blues.00007,blues,1,1.0,819.9772956483474,3.4483509706113358,3.0186594392625787
blues.00008,blues,0,1.0,883.394097694076,-2.379601843073486,1.1600844807000699
blues.00009,blues,1,1.0,801.8129521271893,1.8080598592864379,2.0598151086544205
blues.00010,blues,1,1.0,806.0952432022669,1.889148132885239,1.4980357989148387
blues.00011,blues,1,1.0,839.6326111890243,3.0230665376999,1.8089043510592482
blues.00012,blues,1,1.0,826.170129234802,1.7822821488412068,1.8395860991595236
blues.00013,blues,1,1.0,846.9672772902372,-0.09050130667337386,0.9624117246143806
blues.00014,blues,1,1.0,836.5110367660093,3.042775515647831,0.8649619950788883
blues.00015,blues,1,1.0,862.9498003053355,1.8565812645743813,0.8961946983445169
blues.00016,blues,1,1.0,874.5980222545456,1.6844877268876974,1.573230777651481
blues.00017,blues,1,1.0,830.968153915395,2.2250952572928586,1.2168236359835742
blues.00018,blues,1,1.0,840.9954276899922,0.41181305817812414,0.7182749114114209
blues.00019,blues,1,1.0,830.260285054986,2.3994326609631327,1.7491321385927026
blues.00020,blues,1,1.0,853.1384020846124,-0.6763330299828457,1.0530589144819646
blues.00021,blues,1,1.0,844.8940100170887,2.3507292478523816,1.250195020063572
blues.00022,blues,1,1.0,837.3064908598526,3.0106266523034777,1.3373972597274626
blues.00023,blues,1,1.0,796.470114344651,1.4006507205912673,1.6453604398147799
blues.00024,blues,1,1.0,851.8031349929314,2.6387974852239977,1.1240129940663977
blues.00025,blues,1,1.0,841.9638389546346,2.236956839458755,0.786300098597172
blues.00026,blues,1,1.0,835.2770346151851,3.1938850838924675,0.5831922471861294
blues.00027,blues,1,1.0,795.9090272676934,1.3745188402363187,0.6757036876923632
blues.00028,blues,1,1.0,856.371111040423,1.6924192614933082,0.9996943096866561
blues.00029,blues,1,1.0,837.26016400508,1.7566611322810637,2.659016054833093
blues.00030,blues,1,1.0,795.4581718904484,0.720669092211623,2.7569456969055977
blues.00031,blues,1,1.0,795.7109027712655,1.050423448782661,3.353537059773454
blues.00032,blues,1,1.0,795.6297672267175,2.9848693071448458,2.811840148613294
blues.00033,blues,1,1.0,828.3970468224267,1.6591566654260903,3.4646447399296094
blues.00034,blues,1,1.0,841.661116183078,0.8856980170486515,3.2294814774950136
blues.00035,blues,1,1.0,757.368007359157,-0.30160925433920116,2.6427816055988997
blues.00036,blues,1,1.0,782.9398443738659,0.5040650656874769,3.1598306865136645
blues.00037,blues,1,1.0,773.1487447137181,3.0610076565190885,2.706833244661086
blues.00038,blues,1,1.0,778.6428983879546,0.583112504895256,2.7516948953705325
blues.00039,blues,1,1.0,806.4435082434703,2.2539713059622253,2.384696416719693
blues.00040,blues,0,1.0,920.210549440267,-3.5550068222318068,0.8693543688321401
blues.00041,blues,0,1.0,916.1388222659278,-2.5001668603946503,1.0187013809433105
blues.00042,blues,0,1.0,895.4250093353988,-2.63321244752857,0.6711593659957136
blues.00043,blues,0,1.0,904.1261088520591,-3.0877110655479307,1.0918779841079806
blues.00044,blues,0,1.0,918.338925462982,-3.1952123473531984,1.228875040903339
blues.00045,blues,0,1.0,910.9511750363297,-4.387434256044569,-0.08263276450632079
blues.00046,blues,0,1.0,904.0256544786671,-2.02875664439265,0.673391568468163
blues.00047,blues,0,1.0,889.7857823067014,-3.681997464005591,0.5708908847325525
blues.00048,blues,0,1.0,905.3930861072668,-2.7222151131961256,1.386841001099181
blues.00049,blues,1,1.0,796.1698235824779,-0.46399436988375253,1.5120104942327137
blues.00050,blues,0,1.0,921.1227635566927,-2.727466454061464,0.6914545424164563
blues.00051,blues,0,1.0,900.2972425473126,-2.9337189702551876,1.2715046135129608
blues.00052,blues,1,1.0,805.830333927836,1.7797724784848796,0.802106841618933
blues.00053,blues,0,1.0,917.4533001034972,-1.1034867856827488,1.2676213674231482
blues.00054,blues,0,1.0,955.3509231165592,-2.4894774753314044,0.854961342736701
blues.00055,blues,0,1.0,919.6687417179373,-1.3993288383479476,1.004316283011744
blues.00056,blues,1,1.0,817.043197216194,0.09556131963453249,1.4029920843752355
blues.00057,blues,0,1.0,937.3229278113862,-0.41810323015363376,1.6001198749355108
blues.00058,blues,0,1.0,903.3718361243073,-1.1069412863175312,1.3788039138408335
blues.00059,blues,0,1.0,908.8595227176219,-1.9629035283174736,0.4758105180305284
blues.00060,blues,0,1.0,948.4431060647852,-2.691472282077496,0.8238147438937476
blues.00061,blues,0,1.0,875.0116878968382,-4.559445812037126,0.5956850426600419
blues.00062,blues,0,1.0,884.8292709895743,-0.6171915771425248,2.2075564076751433
blues.00063,blues,0,1.0,899.1904348779896,-2.2280143757235997,1.2299155479372719
blues.00064,blues,0,1.0,898.3406077933726,-4.722433195895553,0.180743746066819
blues.00065,blues,0,1.0,901.7816622652883,-2.938402938187154,1.2509895526630437
blues.00066,blues,0,1.0,915.6385621593228,-2.112818306291425,1.4571752533106377
blues.00067,blues,0,1.0,904.677915616921,-2.2558055713546934,1.7283074978751287
blues.00068,blues,0,1.0,896.222201751973,-3.4640378910739047,0.6102827842256517
blues.00069,blues,0,1.0,886.7683619557267,-2.6357445627378016,2.0744987181108474
blues.00070,blues,0,1.0,898.7208114019961,-1.259581247054413,2.0419704794768623
blues.00071,blues,0,1.0,912.8349529394957,-4.7907121233193495,0.2764942587384405
blues.00072,blues,0,1.0,873.4906724849204,-4.329421356333016,0.3206242186627522
blues.00073,blues,0,1.0,926.672811474934,-3.2482046077120423,0.5519286365224622
blues.00074,blues,0,1.0,912.915077628113,-1.9669653288122235,0.8201218695693134
blues.00075,blues,0,1.0,889.2092700832713,-0.6365295760484725,1.1207300764145711
blues.00076,blues,0,1.0,896.6260314750807,-2.6832549868907596,0.548895261027428
blues.00077,blues,0,1.0,932.806230080274,-3.0794417091239565,0.7552402430960568
blues.00078,blues,0,1.0,916.8083849676003,-5.00689011292341,0.25470891920984656
blues.00079,blues,0,1.0,911.5436716432207,-4.928260245122015,-0.12503290824808577
blues.00080,blues,0,1.0,912.5592814825675,-1.2897489825706518,1.6626376703863877
blues.00081,blues,0,1.0,885.2915811267471,-3.284313986748725,1.146203343308452
blues.00082,blues,0,1.0,894.9833456971957,-2.508765900203482,1.42827258015299
blues.00083,blues,0,1.0,906.6183768481563,-4.593330144942147,-0.037384292862587785
blues.00084,blues,0,1.0,905.1609408656543,-3.2048531881253055,0.49793386359400216
blues.00085,blues,1,1.0,811.1879054406294,2.5243408822427336,2.0168688902080842
blues.00086,blues,1,1.0,880.9872624572641,2.754224318092322,1.428600656089469
blues.00087,blues,1,1.0,858.4292212050935,1.7758987672100583,2.423371690339793
blues.00088,blues,1,1.0,853.122053936302,-0.273314802636196,1.0318365658933304
blues.00089,blues,1,1.0,824.1778146952307,3.1948312447833183,0.802648240957373
blues.00090,blues,1,1.0,852.6379455601876,2.379722832564576,2.3511848906647037
blues.00091,blues,1,1.0,857.8674720164471,1.1232097188806947,1.2555418574847577
blues.00092,blues,1,1.0,816.6441615647329,3.9590054007741533,1.4948823552583255
blues.00093,blues,1,1.0,760.8231520174633,-0.2214236712966441,-0.7887882192127964
blues.00094,blues,1,1.0,783.4361582044713,1.8803214308913752,0.7336240804668555
blues.00095,blues,1,1.0,825.6118040659386,0.5840287304887932,1.9910241677634914
blues.00096,blues,1,1.0,772.6906319163086,2.5304111895277503,2.8112333915205894
blues.00097,blues,1,1.0,811.6907804733992,0.9212969191585832,1.7213857410292865
blues.00098,blues,0,1.0,912.5526517722266,-2.913759756519262,0.9155754284685412
blues.00099,blues,1,1.0,838.6521464420939,0.8765573176983714,1.8070821254113074
classical.00000,classical,1,1.0,799.5461402788778,-0.63363448782712,2.1065952489312747
classical.00001,classical,1,1.0,771.427337818092,0.34134352890975006,1.9070644817759395
classical.00002,classical,0,1.0,881.5161496663,-2.5814306644319465,1.400377813978594
classical.00003,classical,1,1.0,765.1697283997725,1.162487003220247,1.6056131531977387
classical.00004,classical,0,1.0,874.9305604877138,-1.0369968224779682,2.299865157876408
classical.00005,classical,1,1.0,846.006793364341,-0.722401217273202,1.4919481603804414
classical.00006,classical,1,1.0,822.1465993177368,-0.7209987400737271,1.5233960896954561
classical.00007,classical,1,1.0,829.0144620187658,0.8734546662618606,1.7292688406946857
classical.00008,classical,1,1.0,848.1537640186077,-0.12598606300958193,2.2294019734015054
classical.00009,classical,1,1.0,808.7314763483652,-0.8600402302663476,1.2743079951543137
classical.00010,classical,1,1.0,845.960785564382,1.522580563538522,2.580460065758938
classical.00011,classical,1,1.0,779.5812901964791,-0.06332001034676879,0.6934098029771321
classical.00012,classical,1,1.0,796.6132765396128,2.7184892587079674,3.0529854722509993
classical.00013,classical,1,1.0,819.8837432391172,2.5966167527590334,2.783202049154611
classical.00014,classical,1,1.0,815.0281275613481,0.4584621070206456,1.5914041829824548
classical.00015,classical,1,1.0,767.8490457579564,3.298378060533711,3.4540715995842617
classical.00016,classical,1,1.0,795.9788570707963,-0.14824578764794108,1.8574911109024401
classical.00017,classical,1,1.0,799.100475705181,1.9764614361926838,2.6252616685646304
classical.00018,classical,1,1.0,767.4835787781128,2.861738674175939,1.4563657065748803
classical.00019,classical,1,1.0,780.0761785511279,2.5584480947326482,2.7320162767346634
classical.00020,classical,1,1.0,832.4223822310634,0.7220338439605815,2.079351455683402
classical.00021,classical,1,1.0,815.1878789897802,1.0815452247506594,2.006964252080974
classical.00022,classical,1,1.0,836.495527043861,-0.04946501051237484,1.5365684026837574
classical.00023,classical,1,1.0,779.537850390453,-0.9662164288581916,1.300642076719334
classical.00024,classical,0,1.0,908.3139723985713,-1.7795875011252198,1.2227717724496296
classical.00025,classical,0,1.0,894.9464721142174,-2.6476956028260163,0.8435657840707685
classical.00026,classical,1,1.0,803.1879889754913,1.9359585840761517,1.6429456926146502
classical.00027,classical,1,1.0,786.3406376414288,-0.8760204682739453,1.7472085962353423
classical.00028,classical,1,1.0,843.879947625824,0.26241517069783166,1.3563536926397755
classical.00029,classical,1,1.0,810.0159880147439,2.762925748746239,3.1181704447490874
classical.00030,classical,1,1.0,826.4522602135062,-0.13240620348275667,1.2472148933238532
classical.00031,classical,1,1.0,839.5848675190604,1.1617648595879844,1.315608413998374
classical.00032,classical,0,1.0,870.855309347857,-2.3072708858535855,0.3022278514412858
classical.00033,classical,1,1.0,790.6035608850851,2.1696983962995446,1.3795090882058973
classical.00034,classical,1,1.0,760.821328312073,1.1836546270908028,2.2939870234332185
classical.00035,classical,1,1.0,812.2852112892,1.5250934674343954,1.253517598059786
classical.00036,classical,1,1.0,782.3464653752279,0.8059473268909914,0.6813814799797062
classical.00037,classical,1,1.0,790.0781049921419,1.3167618179934057,1.49979456943289
classical.00038,classical,1,1.0,773.8064913350576,0.5033285188055122,1.2860703638141326
classical.00039,classical,1,1.0,799.4603582569023,3.157033619587317,1.9581348426700094
classical.00040,classical,1,1.0,755.8787943197382,0.7595681520784203,1.5286187475459856
classical.00041,classical,1,1.0,782.5932489909007,2.112871617779902,1.9045542165180285
classical.00042,classical,0,1.0,881.5635836685403,-2.041751020170826,-0.3596724518677398
classical.00043,classical,1,1.0,791.5827970051713,-0.3213681903192272,0.14495332989779447
classical.00044,classical,1,1.0,727.5161319640686,2.9693857187744124,2.520612467172089
classical.00045,classical,1,1.0,804.327220880648,0.09328114296651015,1.1469538851452166
classical.00046,classical,0,1.0,867.2900864219287,-3.530405303753883,-1.895552450766579
classical.00047,classical,1,1.0,772.0334347642925,-0.9021374171665593,0.46021422005977586
classical.00048,classical,1,1.0,793.6366005903991,0.7407899194564528,-0.40283470356252177
classical.00049,classical,0,1.0,893.6586204900822,-2.1095867852942547,-2.004571735458276
classical.00050,classical,0,1.0,875.2599420841372,-2.5124402417447254,-0.7871294590666822
classical.00051,classical,1,1.0,833.5773445794342,1.0088778402713363,-0.46270738654735794
classical.00052,classical,1,1.0,786.1163027679119,1.718866286889086,0.22106372764283297
classical.00053,classical,0,1.0,879.7917382275562,-1.5585123773098886,-0.6517465648138732
classical.00054,classical,1,1.0,747.8919126558117,4.1540186373286545,4.385802765594085
classical.00055,classical,1,1.0,753.8391328553191,1.1365231268056728,0.7331184831604609
classical.00056,classical,0,1.0,875.2454567665925,-1.4133526308030742,-0.26271641280173774
classical.00057,classical,1,1.0,794.012381129717,2.8633471773966397,1.3592664469771383
classical.00058,classical,1,1.0,737.3938714152067,0.6424593053095391,1.0025403208472463
classical.00059,classical,1,1.0,837.5692366551302,-1.2543304303176712,-0.6752232919604761
classical.00060,classical,0,1.0,899.2215073849795,-2.032988488689978,-1.3845791517496238
classical.00061,classical,1,1.0,853.6955730047038,0.9215227888245269,0.32049836334888776
classical.00062,classical,1,1.0,838.4068139404945,1.062268263262766,-0.33206516293808935
classical.00063,classical,1,1.0,769.6097644413367,-0.715243658671982,-0.16674330562712905
classical.00064,classical,1,1.0,722.8724213793729,1.8446588242067408,0.6355333633230424
classical.00065,classical,1,1.0,792.4635541582046,3.0487737242496764,2.5776760935011636
classical.00066,classical,1,1.0,796.8718931663778,1.8573921934138033,1.6276954954611749
classical.00067,classical,1,1.0,779.4992174570529,3.1609796060792226,0.9073255566142018
classical.00068,classical,1,1.0,802.5127896127616,-0.8254912141092278,0.14894860310766023
classical.00069,classical,1,1.0,785.3118022562313,-0.9599044306813188,-0.01734288111781978
classical.00070,classical,1,1.0,850.0392869560122,0.4906957539563506,0.3176831862906382
classical.00071,classical,1,1.0,818.9497240525019,0.18098666127162566,0.44285029377110596
classical.00072,classical,1,1.0,803.449148307276,0.7883171975887663,0.6177712934359265
classical.00073,classical,1,1.0,857.7762737126714,2.2298362481920244,1.7086588315867972
classical.00074,classical,1,1.0,825.4394162550421,-0.7239221794837662,-0.29437259435386665
classical.00075,classical,1,1.0,811.1445704557834,0.8951267964371624,0.813271295062799
classical.00076,classical,1,1.0,822.0351161784889,-1.1618794756678157,-0.3499217211151152
classical.00077,classical,1,1.0,763.2870398871115,3.074650027678687,2.327133479868697
classical.00078,classical,1,1.0,787.3211297867596,-0.20014803720338792,0.7060931128741373
classical.00079,classical,1,1.0,760.6995741753275,3.3582738399845513,3.091278027988493
classical.00080,classical,1,1.0,784.2122694933945,0.3429887241678173,-0.47981182869341044
classical.00081,classical,1,1.0,836.5895089034487,-0.5522540649115428,-0.15219979381284318
classical.00082,classical,1,1.0,823.3165748120238,0.6606319099921956,1.1322720778225046
classical.00083,classical,1,1.0,782.4479445273902,-0.535286480897481,0.3340912018327648
classical.00084,classical,1,1.0,815.6375456181732,0.03082951416163851,0.5678539576070055
classical.00085,classical,1,1.0,835.6102219490957,0.03376609618396145,0.047280370916723914
classical.00086,classical,1,1.0,836.7206480841263,-0.7005543765510935,-0.16060050899371342
classical.00087,classical,1,1.0,783.3047299089739,-0.56398941913797,0.24673281376537803
classical.00088,classical,1,1.0,819.8992967198225,-1.2635551945484003,-0.2806256602313697
classical.00089,classical,1,1.0,700.6453505091132,3.610420790347159,5.134471227448135
classical.00090,classical,0,1.0,864.384818301952,-0.5786937765605118,1.8381639067657862
classical.00091,classical,1,1.0,754.7177618827941,1.1464246480962705,3.5875708317749524
classical.00092,classical,1,1.0,729.5226118178614,3.7287695093279978,3.7176455971665114
classical.00093,classical,1,1.0,766.7515541660742,1.197955759433201,2.5556302174605117
classical.00094,classical,1,1.0,813.4187900080057,0.758335960016313,2.089098848602995
classical.00095,classical,1,1.0,750.0533574531137,2.738627849762826,1.4005434982431542
classical.00096,classical,0,1.0,883.3698457164403,-0.737960098709752,1.4051601910306564
classical.00097,classical,1,1.0,791.6781057686497,-0.3910820435072949,1.2539833733704338
classical.00098,classical,0,1.0,870.6960954588266,-1.1164358830127699,1.826485349517069
classical.00099,classical,0,1.0,870.0039816417302,-4.077964979503814,0.9215672795696175
country.00000,country,1,1.0,818.3565152646936,-0.6989711835885013,-2.345526606168856
country.00001,country,0,1.0,904.663640721532,-2.3495599042674202,-3.14729166149106
country.00002,country,1,1.0,852.4244040652469,-0.4179727788065848,-1.6124016073039225
country.00003,country,1,1.0,817.8234004218469,0.7282655111989971,-1.0053985115667556
country.00004,country,0,1.0,901.6528694987651,-1.8836929302349166,-2.904030521749612
country.00005,country,0,1.0,929.2941293157719,-1.0391066061753007,-2.2650673753822774
country.00006,country,1,1.0,815.2129189056465,-0.6677991744487218,-2.5193010231734965
country.00007,country,0,1.0,897.1311757805461,-1.385790738692077,-2.725707328277599
country.00008,country,0,1.0,886.293737780026,-0.9611857246851448,-1.5058272868300433
country.00009,country,0,1.0,900.6725711054311,-2.149397829879464,-3.3457831370420417
country.00010,country,1,1.0,850.0000725556556,2.715259375704112,0.8219174769746399
country.00011,country,1,1.0,817.8621210204818,3.527425596651627,-0.6084607191137894
country.00012,country,1,1.0,831.025402947356,0.6202319719537148,-0.09950759257304136
country.00013,country,1,1.0,841.5334284119402,0.2426823900414552,-2.1084946789811823
country.00014,country,1,1.0,854.4207033905577,0.39780517143522526,-2.7651610414098204
country.00015,country,0,1.0,887.6895359427147,-1.3635248185264126,-0.7010891796242105
country.00016,country,1,1.0,800.6305180133253,0.14695463067012554,0.5573679992602705
country.00017,country,1,1.0,818.8861936240869,-0.8388539143806749,-0.9797034021254195
country.00018,country,1,1.0,837.7415936998881,0.2112160223742916,-0.9512382957700508
country.00019,country,1,1.0,814.8206251825401,1.7672901278417845,0.6581266923221682
country.00020,country,1,1.0,826.2651077593487,1.6845069803541508,-0.346405777299175
country.00021,country,1,1.0,846.0096072931021,0.9419365051345656,1.2469553007315508
country.00022,country,1,1.0,832.0239715783734,1.980887740128632,0.6877560378303225
country.00023,country,1,1.0,847.7125984566865,2.518452832571994,0.2828952309212218
country.00024,country,1,1.0,784.3654165904003,1.8984366507563308,1.242652692717797
country.00025,country,1,1.0,807.2200803604798,1.106478157370223,-0.06517190102754104
country.00026,country,1,1.0,822.0862639822777,2.148706506689481,0.8307250898382372
country.00027,country,1,1.0,853.5192550923919,-0.16833338191860908,-1.2463801713738576
country.00028,country,1,1.0,848.7270235276923,0.0683223368327037,-0.13186881993334834
country.00029,country,1,1.0,836.124434945885,0.25609216430200066,0.16208200947625528
country.00030,country,1,1.0,759.7165691929306,1.50889621577791,1.0356815598798121
country.00031,country,1,1.0,794.8555925093259,0.2889951078342879,-0.9485997432627552
country.00032,country,1,1.0,740.8400374996066,0.9274123923254496,-0.4350962191502324
country.00033,country,1,1.0,817.8367754140917,1.2124840216285906,-0.6418112643262829
country.00034,country,1,1.0,853.1238847332168,1.8504028633209328,-1.4587257369158515
country.00035,country,1,1.0,853.9856190214601,1.5047950349464723,-1.08805058203126
country.00036,country,1,1.0,757.9447876578796,2.417364314841097,0.627222844110902
country.00037,country,1,1.0,842.0006878199887,1.4621656054225725,-1.0685091302371852
country.00038,country,1,1.0,849.4326420504359,0.5199236029855712,-2.289237320266601
country.00039,country,1,1.0,800.7620066839467,-0.0348091503243687,-3.2043799617434248
country.00040,country,1,1.0,872.8827935096867,0.2521007223426299,-1.3823617531357888
country.00041,country,1,1.0,841.8050731548454,1.2611562862102592,-2.2167435465134617
country.00042,country,1,1.0,865.2501935275069,-0.7526939420383749,-1.9215742981922541
country.00043,country,1,1.0,843.84321054956,0.0229367090304151,-1.9860132873273064
country.00044,country,1,1.0,798.0489463542452,2.8402593272616814,-0.8487603655773897
country.00045,country,1,1.0,857.7980181796978,1.6928380218988253,-1.1816303821671703
country.00046,country,1,1.0,781.8342989694636,1.4915885546631027,-0.151091813875998
country.00047,country,1,1.0,800.0285810694771,-0.6360802736481822,-0.1661472487903995
country.00048,country,1,1.0,860.9612173782713,1.763198408717823,-0.4611039022566274
country.00049,country,1,1.0,852.2908332503652,-0.07086825307548629,-0.7457443106952246
country.00050,country,0,1.0,881.4410179018221,-0.47226926458491775,1.9716376488451546
country.00051,country,1,1.0,799.0266594729591,0.4632103725099312,2.620164468310548
country.00052,country,1,1.0,817.9629896198907,1.4188099714624436,2.4068260667883488
country.00053,country,0,1.0,931.4145341475075,-3.299013888419559,1.1654601733204923
country.00054,country,0,1.0,886.5659457919927,-1.4531073171350857,1.655585657783012
country.00055,country,0,1.0,914.3188407002491,-3.652614684655712,0.7932207482199887
country.00056,country,1,1.0,751.9804605868554,-0.16070578200215827,1.9399464119809322
country.00057,country,0,1.0,882.4415378960789,-0.585583563855903,2.045631321752506
country.00058,country,0,1.0,896.0283143970424,-1.2954541539418067,1.4366939513332708
country.00059,country,1,1.0,799.6328763932229,2.448300654189799,2.757647293368897
country.00060,country,1,1.0,780.3000627450464,0.8889668397841234,2.295590952889623
country.00061,country,1,1.0,784.7457401690348,-0.17312340820424482,2.0974644231288506
country.00062,country,0,1.0,914.8384507832933,-2.4682867669914557,1.0685837394965905
country.00063,country,1,1.0,819.6462311420746,2.502084629313702,2.673256078674523
country.00064,country,1,1.0,796.8487103767807,0.8074100313715421,2.688816885733615
country.00065,country,1,1.0,821.4850301381744,2.6106015515863743,2.1239473191688933
country.00066,country,0,1.0,879.3749628986261,-1.5541501617179065,1.3503185759499499
country.00067,country,1,1.0,841.6146591263098,3.7771798490412283,2.570293813904688
country.00068,country,1,1.0,833.1485003134969,0.2823177375051205,1.0566154154011718
country.00069,country,1,1.0,792.8794171195608,0.8663868117142793,1.7304167983261218
country.00070,country,0,1.0,920.4773535002385,-1.2180367467671562,1.1582868014451155
country.00071,country,1,1.0,781.5931358760021,2.687074012525544,3.180255951395486
country.00072,country,0,1.0,899.8945429090145,-1.1434281355813052,2.312888054866485
country.00073,country,1,1.0,799.3848275830777,-0.23604450627257922,2.174049811084326
country.00074,country,1,1.0,819.7836977223586,2.8229185733872937,3.2484694114929753
country.00075,country,0,1.0,891.4624698795849,-3.5146108516532024,0.43114220548617127
country.00076,country,1,1.0,840.1371748865092,3.098243082346985,2.946604615305607
country.00077,country,0,1.0,892.2755627756535,-1.6591518266421628,1.600325074668813
country.00078,country,1,1.0,859.0232925143034,2.762347086802152,1.3651395516310398
country.00079,country,1,1.0,814.4799801282023,3.293920744946894,3.5638923843400705
country.00080,country,0,1.0,897.7472191902102,-0.9669620198062957,1.7625278275889804
country.00081,country,0,1.0,923.0877502759504,-1.0033628548224658,1.62588019801074
country.00082,country,0,1.0,910.759337068547,-1.5281882526326147,1.771632838271015
country.00083,country,1,1.0,844.479966629008,0.27458208230898457,2.0560938474899855
country.00084,country,0,1.0,904.8716173767563,-0.6336626292487921,1.8991855536969744
country.00085,country,1,1.0,843.1530721674646,0.4724431399255181,1.9984842911448586
country.00086,country,1,1.0,873.2389940492538,0.059212787001473435,2.2093657338030535
country.00087,country,1,1.0,799.2601705012999,1.0447151165655093,2.4091209614513245
country.00088,country,1,1.0,870.7749900187007,-0.27316511815243366,1.77117111412507
country.00089,country,1,1.0,853.2981023950005,2.1027928553062005,2.440321929729627
country.00090,country,0,1.0,908.8990111677618,-1.385255551318332,1.406988553630642
country.00091,country,1,1.0,826.4704301545438,2.435233111738837,2.7999870154393443
country.00092,country,0,1.0,899.0791668881503,-3.8758003428678904,0.4253136553482222
country.00093,country,1,1.0,793.5622776990502,1.6312740890263209,2.8329551929935546
country.00094,country,0,1.0,908.7264154148284,-0.5948966465166616,1.627008504916528
country.00095,country,1,1.0,827.1750990208383,0.7261920876832697,1.7327630309101805
country.00096,country,0,1.0,894.5331345730455,-1.4296157789965622,1.3200966430508028
country.00097,country,1,1.0,846.1704486081961,0.609272642924575,1.7845258894831868
country.00098,country,1,1.0,793.6442222225083,-0.1594175678519433,1.867366087152367
country.00099,country,0,1.0,901.8571062712361,-2.374556909923849,0.8398371098909103
disco.00000,disco,1,1.0,815.1136629178228,1.4835684367902329,-1.6240244616014448
disco.00001,disco,0,1.0,908.5833737254713,-1.1149314748580137,-3.3367504501788328
disco.00002,disco,1,1.0,849.090122692681,0.011926365259690782,-3.4588085854256367
disco.00003,disco,0,1.0,906.9293257053349,-0.8135489099140152,-3.0009448810382837
disco.00004,disco,1,1.0,831.0476013245567,0.30697255641626253,-3.1058937383844882
disco.00005,disco,1,1.0,849.0169136509604,-0.5283265037988767,-2.626709216472898
disco.00006,disco,0,1.0,905.3196026976896,-1.1918557242241896,-1.796116907143367
disco.00007,disco,1,1.0,839.7111143007663,-0.06482457381473795,-2.6569279395166445
disco.00008,disco,1,1.0,850.1162654508145,0.07460174117845315,-1.3481770526437522
disco.00009,disco,1,1.0,852.1012578927913,-0.526960174738832,-2.591001075403269
disco.00010,disco,0,1.0,908.8672277783419,-0.9419711194268224,-2.4576683930277543
disco.00011,disco,1,1.0,819.0948581588419,0.08864836636599081,-2.6307116480245147
disco.00012,disco,1,1.0,875.4847790119802,0.2673926119592875,-1.937386052724425
disco.00013,disco,1,1.0,865.071195293692,0.0026149227943881763,-2.972657869318353
disco.00014,disco,0,1.0,899.1206975601862,-1.8716337402632621,-2.9402990585660094
disco.00015,disco,1,1.0,810.627615136288,0.8512918096265368,-1.920243777556216
disco.00016,disco,1,1.0,885.1976466519413,-0.5587763404317536,-2.242365970184928
disco.00017,disco,1,1.0,884.0117391639576,0.8678665634494017,-1.8714515845755941
disco.00018,disco,1,1.0,805.4607271412599,2.247320719482793,-1.0595705164394713
disco.00019,disco,1,1.0,854.5713114044946,0.8996161777629528,-2.187102527886443
disco.00020,disco,1,1.0,831.5741118486304,0.008492863740164242,-0.23180555535801484
disco.00021,disco,1,1.0,818.1819751250484,0.798120497927831,-2.6501601411445606
disco.00022,disco,1,1.0,870.3763131754763,-0.1318484475565872,-3.81919898899362
disco.00023,disco,1,1.0,875.9610144435661,1.3838898675599285,-2.1249654960801654
disco.00024,disco,1,1.0,830.2808599154174,-0.1506039640000026,-2.0979352093351658
disco.00025,disco,1,1.0,841.076267031484,1.590532048460687,-0.802726037535052
disco.00026,disco,1,1.0,892.1616598797589,0.7900818554363515,-2.4101574804768076
disco.00027,disco,1,1.0,888.7008363217639,3.4663624934461215,-2.1744093940835243
disco.00028,disco,1,1.0,883.8147013827756,-0.043344034535256155,-4.1069888417568485
disco.00029,disco,1,1.0,869.9044435648078,0.3415971640138889,-2.5031197867067045
disco.00030,disco,1,1.0,849.080070513676,0.051738457020198074,-3.3535558962724323
disco.00031,disco,1,1.0,871.9065907434482,-0.10141499259051487,-2.6671753508132574
disco.00032,disco,1,1.0,856.3949065265709,1.6031994063843895,-0.9940520663279999
disco.00033,disco,1,1.0,833.1567126567036,-0.39969305861845494,-1.427286717123694
disco.00034,disco,1,1.0,868.9141723849881,-0.2403621646847957,-2.513328763850833
disco.00035,disco,1,1.0,859.5128151190769,0.040948276269090596,-3.5316497310570707
disco.00036,disco,0,1.0,907.0131770168396,-1.3960248428595983,-3.485704047065169
disco.00037,disco,1,1.0,856.6636806529647,-0.7042630540396175,-3.90408608156559
disco.00038,disco,1,1.0,887.9408638098829,1.4583743951657313,-2.282459372738714
disco.00039,disco,1,1.0,792.612900197785,0.6780658673795336,-1.6843561145253334
disco.00040,disco,1,1.0,887.2567764359528,0.5375198010122283,-1.5190429644809404
disco.00041,disco,1,1.0,857.0418724692196,1.4671798213659493,-1.1970866083700682
disco.00042,disco,0,1.0,903.6700051240852,-1.160070509090825,-2.127338266143521
disco.00043,disco,1,1.0,851.3970128833547,1.8853841947876615,-2.5559533417582427
disco.00044,disco,1,1.0,895.8111677909222,0.9077360446767367,-1.5340052297208404
disco.00045,disco,1,1.0,869.082098369293,0.5706695490711962,-2.163291500002386
disco.00046,disco,0,1.0,918.3057746426913,-0.856158440834064,1.626110280870461
disco.00047,disco,1,1.0,819.9721148802558,1.2980357694699936,1.9756440024591289
disco.00048,disco,0,1.0,913.6187932039577,-1.8413866280663953,0.4966420581189359
disco.00049,disco,0,1.0,889.4194724972692,-1.5738742339079874,0.5026094042953063
disco.00050,disco,0,1.0,980.3791367904225,-3.695744343986533,0.3630505617856354
disco.00051,disco,0,1.0,986.1293824081163,-3.905968437390158,0.19118933985016906
disco.00052,disco,0,1.0,909.935204602242,-2.521248763995423,1.4624563354419418
disco.00053,disco,0,1.0,887.7585615237233,0.15658623020989093,0.6485978939652123
disco.00054,disco,1,1.0,829.3397451672139,0.5808711703346002,1.3045210511835905
disco.00055,disco,0,1.0,959.9955097789148,-2.3511560758879986,0.5364839193267215
disco.00056,disco,0,1.0,930.1410493693207,-1.5205256889310348,1.2479053441617975
disco.00057,disco,0,1.0,913.9212116570152,-3.012556330863485,1.346052235329497
disco.00058,disco,0,1.0,937.5659718313831,-1.2746210632849435,1.3266971884746375
disco.00059,disco,0,1.0,930.2619833000815,-0.5067561509592602,1.0554037404587706
disco.00060,disco,0,1.0,973.8452247027732,-2.072848790554969,0.8121192671028169
disco.00061,disco,1,1.0,808.2005341989551,1.0361139599936071,2.423271706179377
disco.00062,disco,1,1.0,860.7303007395051,0.2076285471163452,0.8475649744735549
disco.00063,disco,0,1.0,918.6196164075218,-1.5226580284787747,-0.12511735149512138
disco.00064,disco,1,1.0,795.8380932025549,0.7980239720816551,2.162964578712061
disco.00065,disco,0,1.0,891.8872966746167,-0.3552608132836412,0.8807700928132965
disco.00066,disco,0,1.0,933.263197323692,-1.5478724644277941,1.1624526996320688
disco.00067,disco,0,1.0,909.1207486500978,-3.464246065445396,0.26752028407239437
disco.00068,disco,0,1.0,910.9002616768465,-3.135185207903235,-0.23339002234258924
disco.00069,disco,0,1.0,894.9780283679744,-3.182985827596422,-0.18694678785025753
disco.00070,disco,0,1.0,989.114385655957,-3.607069093611505,0.2745776749086911
disco.00071,disco,0,1.0,901.690641709472,-2.7001355386017893,0.24457480718380378
disco.00072,disco,1,1.0,823.9021603428067,0.29741302752473386,1.5815009348899967
disco.00073,disco,0,1.0,906.5121382026015,-3.5058581842603753,-0.024727774566384857
disco.00074,disco,0,1.0,920.9099141867441,-2.978079069562871,0.6377946644034997
disco.00075,disco,0,1.0,940.3785462614574,-3.5703879370722085,0.6487162698527177
disco.00076,disco,0,1.0,900.0504597175272,-1.7176400375847718,1.8625002744615282
disco.00077,disco,0,1.0,899.3885827280857,-2.0598914038489804,0.7391209427575643
disco.00078,disco,0,1.0,913.6911063220683,-0.8690766822868308,1.5655473689193136
disco.00079,disco,0,1.0,906.0637152273503,-1.517003849665032,0.7252393591259453
disco.00080,disco,0,1.0,892.3601031534263,-0.2139943273825988,1.7717235868412688
disco.00081,disco,1,1.0,823.6768902363075,1.982166213414308,2.3793533967562532
disco.00082,disco,1,1.0,835.8411490179423,0.5313177714449347,1.1685206769972964
disco.00083,disco,1,1.0,887.5405855132777,0.15325583887659472,1.8153461115714387
disco.00084,disco,1,1.0,825.3149345308606,0.3310722223524237,0.7155629640523411
disco.00085,disco,1,1.0,838.8409190142144,0.5843450154525118,0.8936287075898919
disco.00086,disco,0,1.0,914.1697595633611,-0.4479225191905042,1.6327328896027946
disco.00087,disco,0,1.0,921.0871028923076,-2.7961421800486947,0.8962281504972671
disco.00088,disco,0,1.0,902.7385828265745,-3.525717998502063,-0.17028456660324262
disco.00089,disco,0,1.0,983.093375484732,-2.688055503829198,0.7725548771627222
disco.00090,disco,0,1.0,899.5070347975343,-2.330549321139168,0.06117412254795937
disco.00091,disco,1,1.0,814.8390376373341,1.3162900337064936,1.217029639779489
disco.00092,disco,0,1.0,890.6015156912341,-1.7919712732876314,0.6464826689458715
disco.00093,disco,0,1.0,891.5591008561269,-0.3772263047887109,1.9690445650179473
disco.00094,disco,0,1.0,878.64187816139,-3.4223011336058327,0.36096639977389405
disco.00095,disco,1,1.0,842.5390230355766,0.5765283181161801,1.5478815339259007
disco.00096,disco,0,1.0,904.8697762752599,-1.625578862546663,0.9687968273294845
disco.00097,disco,0,1.0,879.3273124920828,-2.733887646935631,-0.0072943536795187875
disco.00098,disco,0,1.0,967.5508543933447,-2.553192818890121,1.2363143895518827
disco.00099,disco,0,1.0,967.5508543933447,-2.553192818890121,1.2363143895518827
hiphop.00000,hiphop,0,1.0,909.6819036026835,-1.180639532347975,1.1517116653938346
hiphop.00001,hiphop,1,1.0,836.0429194298672,2.067054434762086,0.9644953342429415
hiphop.00002,hiphop,1,1.0,875.9313624084822,2.0185070900180957,2.7436807728206993
hiphop.00003,hiphop,1,1.0,845.2153935661127,1.942721506348209,1.5917311319279688
hiphop.00004,hiphop,1,1.0,832.1515325244346,4.548960323911699,2.0139424142363893
hiphop.00005,hiphop,0,1.0,922.2417083750261,-2.274738556232995,0.6106048041271261
hiphop.00006,hiphop,1,1.0,818.0575900098546,2.4955403397263893,1.3187705253191755
hiphop.00007,hiphop,1,1.0,839.1993850148768,1.2108218326650868,1.6441373257619054
hiphop.00008,hiphop,1,1.0,860.28453344507,3.0138244877073035,2.441938296309416
hiphop.00009,hiphop,1,1.0,883.6284326338979,1.1940157700024865,0.9181198702158881
hiphop.00010,hiphop,0,1.0,946.4475351344497,-2.233937349227017,0.41217343979560167
hiphop.00011,hiphop,0,1.0,948.6202938112597,-1.1080458485046434,1.2102149293730442
hiphop.00012,hiphop,0,1.0,909.1042457498208,-1.9097037214044,1.4814576782568956
hiphop.00013,hiphop,1,1.0,782.7566817030053,3.5290303572201265,2.710177343899576
hiphop.00014,hiphop,0,1.0,903.8765309533318,-1.8029063499906546,1.022860705225925
hiphop.00015,hiphop,0,1.0,915.375552554044,-2.2708873499984326,0.45647899207348297
hiphop.00016,hiphop,1,1.0,882.3002628430164,1.1056557104769864,1.29585090351382
hiphop.00017,hiphop,0,1.0,926.5726668840576,-2.3265928454434923,0.5342975052796449
hiphop.00018,hiphop,1,1.0,899.8567081523005,2.234312682984025,1.974974798873884
hiphop.00019,hiphop,1,1.0,859.8386590002223,1.7520507223239796,0.8838502539892187
hiphop.00020,hiphop,1,1.0,858.6899036248824,1.917289630464745,2.122384472792999
hiphop.00021,hiphop,0,1.0,934.3971475271715,-1.7369994364947416,0.6650640519357963
hiphop.00022,hiphop,1,1.0,866.5838472524989,0.21441269361652046,1.7063446307897099
hiphop.00023,hiphop,0,1.0,890.336654719853,-3.6140149527098,0.2500970369106621
hiphop.00024,hiphop,1,1.0,870.9317391743376,0.5807396421999386,1.2169216673952372
hiphop.00025,hiphop,0,1.0,926.493124547605,-1.118173988768801,0.7903659642045476
hiphop.00026,hiphop,1,1.0,880.0620718222094,3.779094770231107,-0.8427731913095643
hiphop.00027,hiphop,1,1.0,851.3191733566806,2.978200218730685,-0.29298811688863524
hiphop.00028,hiphop,1,1.0,850.8867318878537,2.818277766109636,-1.0461203955800402
hiphop.00029,hiphop,1,1.0,850.4775188503942,1.0156229336491678,-2.211486652340808
hiphop.00030,hiphop,0,1.0,905.6656454130316,-2.0608597911875774,-3.904632057481636
hiphop.00031,hiphop,1,1.0,885.1883091408108,1.364925389878019,-2.606344494954944
hiphop.00032,hiphop,1,1.0,852.5149369399205,2.181411458489157,-1.2261713858156273
hiphop.00033,hiphop,1,1.0,859.0722135016628,1.8720333125557687,-2.0089267387681864
hiphop.00034,hiphop,0,1.0,943.1832878222442,-1.2866240321949127,-2.98835736710319
hiphop.00035,hiphop,1,1.0,861.9308914580488,2.0430676011081226,-1.4732009950485998
hiphop.00036,hiphop,1,1.0,842.7903949883824,4.37095855231245,-1.0276667065197371
hiphop.00037,hiphop,1,1.0,852.9912727266991,5.250465105172521,-1.089793126090924
hiphop.00038,hiphop,1,1.0,819.5408606042826,4.220579457861495,0.22057961970391257
hiphop.00039,hiphop,1,1.0,869.4988332987522,6.245432170876789,-0.22178948357660122
hiphop.00040,hiphop,1,1.0,807.6808110734601,5.742005896619296,-0.32280624924704615
hiphop.00041,hiphop,1,1.0,870.0219299107532,3.138816218281183,-1.1587044349372129
hiphop.00042,hiphop,1,1.0,843.2926432057386,3.316894317144402,-1.1954740992735409
hiphop.00043,hiphop,1,1.0,784.139700619083,2.5709244718704487,-1.1610089863778672
hiphop.00044,hiphop,1,1.0,856.0846059982151,5.645989509777546,0.6514037918129975
hiphop.00045,hiphop,1,1.0,869.4988332987522,6.245432170876789,-0.22178948357660122
hiphop.00046,hiphop,1,1.0,899.5284709814914,2.0073630260461037,-1.2849923118169242
hiphop.00047,hiphop,1,1.0,882.9282497502804,3.104992234430581,-2.150209296884605
hiphop.00048,hiphop,1,1.0,883.6013086625111,0.21954255382091376,-2.2434166581531527
hiphop.00049,hiphop,1,1.0,859.6519525851687,1.8419472468213705,-2.175190037928755
hiphop.00050,hiphop,1,1.0,894.1343802821486,3.737732752473564,-1.092497752051904
hiphop.00051,hiphop,1,1.0,885.6687303043608,1.6976635967633318,-1.5664892859704127
hiphop.00052,hiphop,1,1.0,878.7128746936748,1.6542421128375735,-2.3089210657193147
hiphop.00053,hiphop,1,1.0,869.2794029228302,2.972156565243803,-2.2543226561825693
hiphop.00054,hiphop,1,1.0,876.9843343068562,1.8547944655086122,-2.8654837855982427
hiphop.00055,hiphop,1,1.0,764.8658220071699,0.507181108288236,-1.141453421491565
hiphop.00056,hiphop,1,1.0,830.2784004286596,-0.18573824751792578,-1.2522280752854211
hiphop.00057,hiphop,1,1.0,860.0124018662044,0.06778210192423026,-1.844113238936352
hiphop.00058,hiphop,1,1.0,897.2831614700082,1.9130016898828826,-1.197009240448782
hiphop.00059,hiphop,1,1.0,883.1125689554051,1.0706045733545428,-1.3202286972264463
hiphop.00060,hiphop,1,1.0,878.1881798505113,1.3233696832017217,-0.5447678959183869
hiphop.00061,hiphop,1,1.0,803.0633610102354,1.724650419763558,-0.8188719472141788
hiphop.00062,hiphop,1,1.0,857.6417784889326,6.231306231101648,0.1845241479464851
hiphop.00063,hiphop,1,1.0,846.7032625725304,4.906742782099862,0.4231398903630416
hiphop.00064,hiphop,1,1.0,894.9455290737731,2.554350278390305,-0.15200217862079354
hiphop.00065,hiphop,1,1.0,885.9443741802355,4.2411685573821245,-1.0017588973234277
hiphop.00066,hiphop,1,1.0,850.2714119020195,2.6869503020932473,-0.10401814120337895
hiphop.00067,hiphop,1,1.0,879.5545307323199,3.679167137495297,-1.3976187887467584
hiphop.00068,hiphop,1,1.0,911.996941500429,1.0021943135566302,-1.7781955792228135
hiphop.00069,hiphop,1,1.0,883.0717143714263,2.7764891085519485,-2.082572792564674
hiphop.00070,hiphop,1,1.0,841.3381643971724,1.4347507349622493,-2.6046954374229587
hiphop.00071,hiphop,1,1.0,791.5773307900632,2.5206958678511904,-2.3641319400918404
hiphop.00072,hiphop,1,1.0,855.298505407544,3.1658333442376385,-1.3346337554250916
hiphop.00073,hiphop,1,1.0,867.9204727039355,2.9929908103824467,-1.7819303092762817
hiphop.00074,hiphop,1,1.0,902.3381354291254,1.0585416783152242,-1.1771477268998256
hiphop.00075,hiphop,1,1.0,881.9817537457907,5.619568810715684,-0.7412992205814598
hiphop.00076,hiphop,1,1.0,901.2461981100929,5.129169055476583,-0.1829924077094033
hiphop.00077,hiphop,1,1.0,871.8980966952897,3.440176767981121,-1.1254541469339001
hiphop.00078,hiphop,1,1.0,901.2461981100929,5.129169055476583,-0.1829924077094033
hiphop.00079,hiphop,1,1.0,875.1169075906607,5.334419323582975,-1.0090672810428591
hiphop.00080,hiphop,1,1.0,891.3953198131998,1.6361076917753081,-2.597455829608983
hiphop.00081,hiphop,1,1.0,807.741180719877,1.0118966915335448,1.2825271004124812
hiphop.00082,hiphop,0,1.0,905.532202126326,-2.001844451692563,0.3829538985447425
hiphop.00083,hiphop,0,1.0,936.5239626071653,-1.1065160799198517,1.2140067784863875
hiphop.00084,hiphop,1,1.0,848.4082352418736,3.057878631499658,2.3975697302296055
hiphop.00085,hiphop,0,1.0,897.8317486004782,-2.233754835688928,0.6702767785766423
hiphop.00086,hiphop,1,1.0,818.5345153197304,0.8750675063603178,1.4690983400101465
hiphop.00087,hiphop,0,1.0,904.2515107542592,-1.1963049025955972,0.2574319952309901
hiphop.00088,hiphop,0,1.0,915.3252521686475,-1.756916479880499,1.200047182853062
hiphop.00089,hiphop,0,1.0,905.8868151868003,-2.5623266286927784,-0.257964309420173
hiphop.00090,hiphop,0,1.0,931.409693047226,-2.5858453363020253,0.34171828206726307
hiphop.00091,hiphop,0,1.0,940.4354289437323,-1.1454765744665574,1.0853686008180923
hiphop.00092,hiphop,0,1.0,911.1500133407251,-0.9378195901328893,1.2066765065697567
hiphop.00093,hiphop,0,1.0,916.7199492005823,-0.6236762082639202,0.46487732903364376
hiphop.00094,hiphop,1,1.0,880.5030314505356,1.023597927251028,1.6311585102276338
hiphop.00095,hiphop,0,1.0,933.9670231366537,-3.4504017573994843,-0.4131757748065736
hiphop.00096,hiphop,0,1.0,928.4108111508478,-0.8341138442056308,1.2755482713966093
hiphop.00097,hiphop,0,1.0,907.1071147822764,-2.273798597005338,0.6600621084866506
hiphop.00098,hiphop,0,1.0,912.4552684524349,-1.4912623715223796,0.6846638701860897
hiphop.00099,hiphop,1,1.0,853.4802537427686,3.7853055610656803,2.80331156760187
jazz.00000,jazz,1,1.0,830.6392123284271,0.6571153001892474,-0.8694757912420956
jazz.00001,jazz,1,1.0,838.8049693017897,0.47251092941411243,-0.25909050670567063
jazz.00002,jazz,1,1.0,766.1657949408643,1.6441759472848472,2.0845236717203934
jazz.00003,jazz,1,1.0,747.1916323583359,1.8161438785197186,1.8434347826527346
jazz.00004,jazz,1,1.0,744.3616633160208,-0.31523550293190344,0.9808761202376154
jazz.00005,jazz,1,1.0,794.6117345958111,3.5925629969190354,2.968849878258617
jazz.00006,jazz,1,1.0,812.767787779883,1.3934377205988953,2.0194212279054176
jazz.00007,jazz,1,1.0,763.2195916993705,2.0808523334642057,2.4266148942301577
jazz.00008,jazz,1,1.0,819.0433068526787,-0.29374824425272106,1.3489547878799792
jazz.00009,jazz,1,1.0,770.7474196506488,-0.8972626785535661,0.9358828533630917
jazz.00010,jazz,1,1.0,756.0610312908734,2.6312338523958605,1.3658738942988375
jazz.00011,jazz,0,1.0,907.7122698190751,-3.514038329482339,0.12500727739944414
jazz.00012,jazz,0,1.0,911.1339971218931,-2.881946661243782,0.5889112236604593
jazz.00013,jazz,0,1.0,898.617248253789,-2.9760500892402972,1.011032658127682
jazz.00014,jazz,1,1.0,766.2220335539248,1.3798912255576539,1.1904175485656892
jazz.00015,jazz,0,1.0,924.6603413198749,-3.2149170888328733,0.40733595121999167
jazz.00016,jazz,0,1.0,874.9149634323196,-0.8697869150743892,0.9384594749941776
jazz.00017,jazz,0,1.0,915.8388552824954,-1.7889968867871893,0.5315609902389259
jazz.00018,jazz,0,1.0,879.8597743611269,-4.945910827979709,-0.6047672740430595
jazz.00019,jazz,0,1.0,879.1358672051164,-2.4080603686567246,0.44374211656269613
jazz.00020,jazz,1,1.0,854.300819254902,-0.319146689803493,0.07345146505472597
jazz.00021,jazz,0,1.0,896.1610362408958,-4.470467909710538,-0.5392646776052596
jazz.00022,jazz,1,1.0,758.5208399961823,-0.7087695750466041,1.3231364972726565
jazz.00023,jazz,0,1.0,870.9629946085773,-2.1136363331517214,0.9066582733985522
jazz.00024,jazz,0,1.0,914.9314532270649,-1.7670577820446327,0.7043576752979235
jazz.00025,jazz,0,1.0,880.8552503970112,-1.065948724802652,1.3468522079115333
jazz.00026,jazz,1,1.0,746.045352844712,1.1415384781402431,0.8598779588608543
jazz.00027,jazz,0,1.0,896.2749074853793,-3.678701453943691,0.2337642950502317
jazz.00028,jazz,0,1.0,898.5709058472173,-2.9921078589223224,0.7069506942217403
jazz.00029,jazz,0,1.0,899.7047912528103,-3.812978962995038,0.04339829432009906
jazz.00030,jazz,0,1.0,877.6367974599162,-0.8598531452989234,1.555889651218035
jazz.00031,jazz,0,1.0,893.7085005441568,-3.759966378074745,0.18291361925052044
jazz.00032,jazz,0,1.0,908.4343523831495,-1.2809412180181736,0.7794952372313505
jazz.00033,jazz,1,1.0,876.6805190442955,-0.8764517056230221,0.05097668439924641
jazz.00034,jazz,0,1.0,936.3585173523454,-1.893539318038459,1.2539041618710405
jazz.00035,jazz,1,1.0,870.6479892845814,-0.7574047384453899,0.3295593141974505
jazz.00036,jazz,1,1.0,858.8937257940207,-0.6740460672184347,0.6046160553388639
jazz.00037,jazz,0,1.0,896.9164848777983,-1.0743354304310881,0.33365275505117586
jazz.00038,jazz,0,1.0,946.551679671513,-2.461953406497742,0.6697615643432233
jazz.00039,jazz,1,1.0,867.6911732564655,2.444716260311329,1.8194247932953789
jazz.00040,jazz,1,1.0,883.7365130812622,0.2006137485691357,1.3292227718802796
jazz.00041,jazz,1,1.0,821.0028328870646,1.0550808548338497,2.134504969069054
jazz.00042,jazz,1,1.0,861.7121186515279,-0.6484744182040127,0.8384842779421547
jazz.00043,jazz,0,1.0,951.7025329292671,-0.45550859495386803,2.2660455090568394
jazz.00044,jazz,1,1.0,881.9022447228256,0.6815760004385664,1.1974267335916409
jazz.00045,jazz,0,1.0,946.1102178745448,-1.6416350807908926,0.19456715515154663
jazz.00046,jazz,1,1.0,877.0217009596673,-0.05741228235080144,0.8681410517084664
jazz.00047,jazz,0,1.0,886.4805865715589,-3.753677515619769,-0.17359887396157742
jazz.00048,jazz,0,1.0,890.952677898189,-2.7559381073341385,1.0330894819376861
jazz.00049,jazz,1,1.0,800.2695374155269,2.2166459231543056,1.1024273364741612
jazz.00050,jazz,0,1.0,893.4134620995238,-2.253985653645339,-2.8730715048172177
jazz.00051,jazz,1,1.0,886.322664960146,-0.9750459840494936,-0.022569143873853687
jazz.00052,jazz,0,1.0,901.2018913281435,-1.2680548939635332,-2.288550031449403
jazz.00053,jazz,0,1.0,937.6368416448521,-1.7448492458239289,0.15674545340125987
jazz.00055,jazz,1,1.0,872.448153560196,-0.8863373850846825,0.19472511057728475
jazz.00056,jazz,0,1.0,885.2322844592708,-1.5484629418242206,-2.927274420076236
jazz.00057,jazz,1,1.0,807.5537698260001,0.19447400327637962,-0.36207776306046496
jazz.00058,jazz,1,1.0,864.3568914900894,-0.557165657380166,-0.5277690650152346
jazz.00059,jazz,1,1.0,866.537127329091,0.5438614332787748,-0.46215031999972717
jazz.00060,jazz,1,0.9999962849294322,848.8832554444862,-0.6871354986578596,-1.0631225902042007
jazz.00061,jazz,0,1.0,897.8793501309776,-2.141116379643918,-2.6005001600154753
jazz.00062,jazz,0,1.0,953.5819159533004,-1.3587190520225236,-1.4585571087178928
jazz.00063,jazz,0,1.0,927.731057784568,-2.728415734976044,-3.0464494580341785
jazz.00064,jazz,0,1.0,889.3755527416987,-3.410856408413008,-1.4879357604820909
jazz.00065,jazz,1,1.0,868.97241387786,2.317837112010836,1.5996627557588814
jazz.00066,jazz,1,1.0,814.716000790775,-0.3156915452065336,0.20751781934987124
jazz.00067,jazz,1,1.0,893.3214583575955,0.14532012412322226,1.0241773103808107
jazz.00068,jazz,1,1.0,865.7714084614541,-0.9560263948429446,0.34839451463532856
jazz.00069,jazz,0,1.0,948.1360330930411,1.3878462435530676,-0.26383100904095214
jazz.00070,jazz,1,1.0,882.7881782789857,0.3185738246216355,-0.40844049240098546
jazz.00071,jazz,0,1.0,944.3904455303717,-1.7969876082820577,-0.2769759186138245
jazz.00072,jazz,1,1.0,882.9757329957903,-0.1840668319561754,0.7020628188816596
jazz.00073,jazz,0,1.0,892.8321585772017,-1.1256313642660907,-3.2617214221787982
jazz.00074,jazz,1,1.0,788.288397573136,-0.17365771575909877,-2.0927983981256073
jazz.00075,jazz,0,1.0,899.1739214949926,-1.4894115573389577,-3.3525560637707614
jazz.00076,jazz,1,1.0,798.8993785749129,-0.25458850202332856,-1.1834141132720002
jazz.00077,jazz,0,1.0,882.1169184940283,-1.503637437176857,-2.7214024259725647
jazz.00078,jazz,1,1.0,805.7142516474117,0.644093209907312,-1.654917887594949
jazz.00079,jazz,1,1.0,767.8393544257502,-0.3806177360671242,-2.3414718619055037
jazz.00080,jazz,0,1.0,906.1097089671573,-1.9331608285030724,-3.494858590647882
jazz.00081,jazz,1,1.0,803.0499410390559,-0.19154729802859477,-3.503054997804998
jazz.00082,jazz,1,1.0,839.228718474539,-0.7371759020070193,-4.903118072616962
jazz.00083,jazz,0,1.0,884.789790446059,-0.9624956214534051,-3.535342505294996
jazz.00084,jazz,0,1.0,877.4916344119272,-1.3603515480276875,-3.2104458033166394
jazz.00085,jazz,1,1.0,790.9207906020397,-0.7320403767957036,-2.218453804044701
jazz.00086,jazz,1,1.0,761.4748802269504,0.7980294791681016,-3.648572330935693
jazz.00087,jazz,1,1.0,770.0312294816375,3.174607475985934,-0.8910886593616166
jazz.00088,jazz,1,1.0,752.4587036960226,1.5038964057097968,-1.4287867614971028
jazz.00089,jazz,1,1.0,704.8860071663338,0.9298481521384182,-1.5311320667010342
jazz.00090,jazz,0,1.0,880.6586981269216,-1.6279776295100659,-2.3466792613021075
jazz.00091,jazz,1,1.0,729.6557371297739,3.2848479703573585,-1.6888573113986158
jazz.00092,jazz,1,1.0,701.3918502536852,1.9325182993110566,-1.875450089689512
jazz.00093,jazz,1,1.0,802.9888088448957,-0.8976177874327497,-2.34475211048669
jazz.00094,jazz,1,1.0,830.6118738948547,1.0371033345373715,1.3540001447526115
jazz.00095,jazz,0,1.0,894.6091642258937,-2.5075847647166736,0.1598969928614427
jazz.00096,jazz,1,1.0,764.6567422906115,0.03646482734950913,0.9318664305956159
jazz.00097,jazz,1,1.0,814.9153551686159,0.579471233217495,0.5873097827102601
jazz.00098,jazz,0,1.0,901.4312423403204,-2.8575717619287375,0.07787013269345751
jazz.00099,jazz,0,1.0,889.844005789419,-1.2780778299336875,0.5597398187974372
metal.00000,metal,0,1.0,911.8103513276965,-1.7802572465566613,-2.7968158623847272
metal.00001,metal,0,1.0,900.436796841987,-3.3941364345323013,-1.6048187706403707
metal.00002,metal,0,1.0,925.0840586866775,-3.9761153632385433,0.5945941028985695
metal.00003,metal,0,1.0,924.5443717892826,-4.757596969380703,-0.4409395293450768
metal.00004,metal,0,1.0,923.9782011765597,-1.6567366165164545,-2.5565485807304724
metal.00005,metal,0,1.0,937.0882571894668,-3.4029426323010044,0.511859634685011
metal.00006,metal,0,1.0,902.2415722037592,-1.4893188974671052,-0.8517488176795062
metal.00007,metal,0,1.0,883.6323181358262,-3.7979186180556628,-2.0172182783852386
metal.00008,metal,1,1.0,741.4125626393991,0.38652998785279297,-2.10394428593277
metal.00009,metal,0,1.0,916.2371736393288,-4.9915879972201544,-0.28710232683417414
metal.00010,metal,0,1.0,944.2795028973891,-4.855978703279108,-0.11692542998133244
metal.00011,metal,0,1.0,917.2149086405329,-6.513976036478638,-1.0761630030066471
metal.00012,metal,0,1.0,954.7285227553344,-4.901972939889076,-0.24754491139274348
metal.00013,metal,0,1.0,959.2918929240784,-5.162375988586103,-0.6931700013201925
metal.00014,metal,0,1.0,918.9330107036235,-4.694976003477757,-0.20731356022985473
metal.00015,metal,0,1.0,951.6881027317124,-5.080961718091107,-0.2825208292940444
metal.00016,metal,0,1.0,916.0905863249818,-3.3523079175868093,0.49435959679543645
metal.00017,metal,0,1.0,969.2172770520725,-5.135380609605317,-0.42699341226648946
metal.00018,metal,0,1.0,917.134836792455,-2.853526733748736,0.5966016792855786
metal.00019,metal,0,1.0,938.8870346169269,-4.179168960173033,-0.025666671385462456
metal.00020,metal,0,1.0,952.2989451631004,-4.921816258453313,-0.34813453406035677
metal.00021,metal,0,1.0,933.8870553240807,-4.9069216148255075,-0.6696525901929226
metal.00022,metal,0,1.0,888.3017361177414,-5.196328325583738,0.3526728727700173
metal.00023,metal,0,1.0,908.6297703440964,-4.3475665347267105,-0.8057506015373005
metal.00024,metal,0,1.0,936.7557476780562,-4.2740050823765,-0.045963573562770345
metal.00025,metal,0,1.0,924.6685125670809,-2.8630230042730687,0.14758263086344517
metal.00026,metal,0,1.0,905.0801667529863,-5.577904317750475,-0.6740174494168639
metal.00027,metal,0,1.0,950.4323009951366,-5.165471373258628,-0.20777249542121645
metal.00028,metal,0,1.0,908.0900198740839,-6.105863172440121,-0.41127292215003125
metal.00029,metal,0,1.0,924.1651338263435,-3.390488658350991,0.40663933519671
metal.00030,metal,0,1.0,898.1233456637593,-3.553780832539284,-0.16963964287796948
metal.00031,metal,0,1.0,928.8262778438108,-4.063991278921635,0.5314350164394985
metal.00032,metal,0,1.0,923.9183279808019,-4.026145007381767,0.23796087841899216
metal.00033,metal,0,1.0,882.5804849311379,-3.147432361849397,-0.38541505660832615
metal.00034,metal,0,1.0,967.1913467533661,-1.563666916633663,1.5383793030035515
metal.00035,metal,0,1.0,897.7649329349433,-3.2843608373835695,0.07804847743885632
metal.00036,metal,0,1.0,943.9845095396781,-4.487516911465513,-0.096009034032758
metal.00037,metal,0,1.0,905.2879843382316,-4.855406015413495,0.12625823921497278
metal.00038,metal,1,1.0,764.0339532701452,1.6623876118354763,1.968493497288209
metal.00039,metal,0,1.0,884.8347987318522,-1.656637976317493,0.24486701402792307
metal.00040,metal,0,1.0,980.0640151396326,-4.462766653240102,-0.16571630810073606
metal.00041,metal,0,1.0,974.7931966152024,-3.547475465458028,0.7263509390752733
metal.00042,metal,0,1.0,964.4627175401733,-5.049182512052093,0.16172964007324794
metal.00043,metal,0,1.0,976.973461712724,-1.8894553352318308,1.0057417071579478
metal.00044,metal,0,1.0,973.4239116728418,-4.149511326196788,0.027276957827300885
metal.00045,metal,0,1.0,976.7778726030856,-1.3590518768043136,1.5146625535324862
metal.00046,metal,0,1.0,935.9666308701553,-5.9207889062846055,-0.8004055739197279
metal.00047,metal,0,1.0,917.4115236524249,-4.528708453088797,-0.3564073397333142
metal.00048,metal,0,1.0,919.0073038435213,-5.219022042349492,-0.290316766194544
metal.00049,metal,0,1.0,956.012768918037,-5.6115477220208785,-0.6052031489024615
metal.00050,metal,0,1.0,969.8806927266459,-4.348775003720573,-0.4147438693130559
metal.00051,metal,0,1.0,944.0413334841023,-4.093599572164519,-0.5916958232677524
metal.00052,metal,0,1.0,945.2987573964074,-2.307443853269841,0.01804673881874091
metal.00053,metal,0,1.0,947.0745220278957,-4.674384407912217,-0.5803316217709283
metal.00054,metal,0,1.0,955.8678281344171,-5.132356764307019,-0.8356380425616937
metal.00055,metal,0,1.0,946.5467546097807,-4.449223099336265,-0.4180877671313874
metal.00056,metal,0,1.0,962.6156704297994,-4.459835572159587,-0.4639211861113648
metal.00057,metal,0,1.0,922.2443999717104,-3.017431680022089,-0.01919497098922172
metal.00058,metal,0,1.0,977.3455654971815,-5.283569918185654,0.17654306259308375
metal.00059,metal,0,1.0,921.200929498664,-6.194433060675958,-0.35306191376788504
metal.00060,metal,0,1.0,928.1390032291422,-5.79181177331823,-0.29359213573523324
metal.00061,metal,0,1.0,980.0640151396326,-4.462766653240102,-0.16571630810073606
metal.00062,metal,0,1.0,974.7931966152024,-3.547475465458028,0.7263509390752733
metal.00063,metal,0,1.0,964.4627175401733,-5.049182512052093,0.16172964007324794
metal.00064,metal,0,1.0,976.973461712724,-1.8894553352318308,1.0057417071579478
metal.00065,metal,0,1.0,973.4239116728418,-4.149511326196788,0.027276957827300885
metal.00066,metal,0,1.0,976.7778726030856,-1.3590518768043136,1.5146625535324862
metal.00067,metal,0,1.0,912.2506011099899,-3.2146767247735224,0.43362547511976995
metal.00068,metal,0,1.0,936.4984590982081,-2.7985151444116654,1.0204878685159253
metal.00069,metal,0,1.0,906.4680477760348,-3.6442494080692907,0.3949403502781984
metal.00070,metal,0,1.0,908.6946109386054,-0.8284032828519737,0.9429177295838319
metal.00071,metal,0,1.0,938.0971893086878,-3.191496531330474,0.38583902882281396
metal.00072,metal,0,1.0,935.7566572660464,-5.27158960804049,-0.5432766505067949
metal.00073,metal,0,1.0,925.4781540352733,-2.559749936591325,-0.2158021497506903
metal.00074,metal,0,1.0,922.3863191276514,-2.957468387070851,0.22715507986715328
metal.00075,metal,0,1.0,897.5955629878888,-1.9785307692907057,0.10056004193445212
metal.00076,metal,0,1.0,899.3367894655505,-3.4977702590381736,0.34387080932849495
metal.00077,metal,0,1.0,924.2229792286316,-4.637731601545618,0.4146518600187418
metal.00078,metal,0,1.0,939.8449971043425,-2.596896011798754,-0.16379946782518987
metal.00079,metal,0,1.0,921.7721884706616,-3.6928856871467466,0.34118575160821496
metal.00080,metal,0,1.0,931.2569206059025,-3.668198384837868,-0.20845462213410115
metal.00081,metal,0,1.0,922.3792532339282,-5.321288851670361,-0.07793674742816079
metal.00082,metal,0,1.0,954.7434182085033,-4.266893275331624,0.31176071898067154
metal.00083,metal,0,1.0,889.447493889419,-3.9826020597431344,0.0004987585720106903
metal.00084,metal,0,1.0,934.8027723481548,-2.506280019072624,0.3104385043596714
metal.00085,metal,0,1.0,900.2775711292013,-3.1706778181171074,0.8018480456026981
metal.00086,metal,0,1.0,946.5566833916309,-3.7230020390730605,0.5127464102209175
metal.00087,metal,0,1.0,932.4820080716776,-2.7854223445706916,0.0530470195674753
metal.00088,metal,1,1.0,769.3394242904889,0.5495097998076989,1.4563556634588448
metal.00089,metal,0,1.0,899.5256617814015,-2.758327534351777,-0.21966785172103243
metal.00090,metal,0,1.0,887.8604718087395,-4.14090399722258,0.2026619710900051
metal.00091,metal,0,1.0,888.6863602372933,-3.7035908986154973,0.7897182249225387
metal.00092,metal,0,1.0,926.5839000208534,-3.287919494718688,0.7760204904037066
metal.00093,metal,0,1.0,931.2841184012337,-5.605544569522828,-0.666856604865851
metal.00094,metal,0,1.0,967.1913467533661,-1.563666916633663,1.5383793030035515
metal.00095,metal,0,1.0,924.5768550301275,-3.8823598637062506,-0.528934813842949
metal.00096,metal,0,1.0,940.4278136298605,-1.683230186475966,0.07108112772415885
metal.00097,metal,0,1.0,898.3433142538631,-2.4695999026900757,0.07788463028254246
metal.00098,metal,0,1.0,898.3557214932664,-1.1845585299853918,0.3970567424489123
metal.00099,metal,0,1.0,925.1772775448243,-2.0777878799162153,0.12892707544009988
pop.00000,pop,1,1.0,856.2107958950166,3.1543338042806184,-2.322343165043888
pop.00001,pop,1,1.0,875.6155429426586,5.5283438879141515,-1.2409687754438083
pop.00002,pop,1,1.0,889.6089218185626,0.6218813407138029,-3.4238470894110424
pop.00003,pop,1,1.0,804.9044133167941,1.6123143669271933,-1.1119289892645081
pop.00004,pop,1,1.0,875.8458492650506,-0.5005440435799552,-3.5523660517173568
pop.00005,pop,1,1.0,793.9518524531752,2.4623557571467347,-0.2230853275851362
pop.00006,pop,1,1.0,823.0266360535043,-0.14333374703237603,-2.3808411174212005
pop.00007,pop,1,1.0,791.533106690741,5.544891926456365,1.1073353069499958
pop.00008,pop,1,1.0,834.7497384549736,0.7175181055481075,-3.3572257519960234
pop.00009,pop,1,1.0,859.8702175390653,0.1614323414136598,-3.009420231272862
pop.00010,pop,1,1.0,826.4257714557616,1.0741449600572073,-1.8788959622330856
pop.00011,pop,1,1.0,793.62172821053,2.957636768247329,0.22950044591695318
pop.00012,pop,1,1.0,867.2547664358372,0.46939812348274723,-1.9481785759882102
pop.00013,pop,1,1.0,830.3931567410839,2.6649523314045696,-1.05298969608724
pop.00014,pop,1,1.0,880.2481288739867,-0.2419123361464729,-1.3887642561524456
pop.00015,pop,1,1.0,903.0389705270032,1.6974974529551268,-3.133233313444099
pop.00016,pop,1,1.0,855.7369325190933,2.7975083843404387,-2.1475470777393353
pop.00017,pop,1,1.0,875.748319361826,-0.0004762785497662154,-2.202389291517814
pop.00018,pop,1,1.0,889.1384134863448,1.1534323498699823,-3.270929763870689
pop.00019,pop,1,1.0,877.2066956905995,2.519171718211259,-2.2481966667221553
pop.00020,pop,1,1.0,895.5975691974762,0.9014279532605132,-3.323051234651586
pop.00021,pop,1,1.0,883.0167041287218,1.0323586389035793,-3.4466375345649354
pop.00022,pop,1,1.0,902.9420581278287,1.6975285208383712,-3.129903732927654
pop.00023,pop,1,1.0,901.2283187065767,3.0037720843631033,-2.911945841717266
pop.00024,pop,1,1.0,892.2207602118505,2.1892563513893135,-2.715659596135979
pop.00025,pop,1,1.0,862.6801117592528,2.989038510219126,-2.0385903301561896
pop.00026,pop,1,1.0,860.5548712601774,2.952205143241773,-1.191737889370978
pop.00027,pop,1,1.0,885.4329317736905,1.6446022496312276,-2.1578278088882117
pop.00028,pop,1,1.0,898.5922516873223,0.271126616785012,-3.1001901700588017
pop.00029,pop,1,1.0,871.6401945021508,0.7926880401295504,-2.7105520856533096
pop.00030,pop,1,1.0,899.8794940022159,0.8989887435017393,-2.7172480073647534
pop.00031,pop,1,1.0,894.142362826881,1.2113533793092814,-2.495585202982995
pop.00032,pop,1,1.0,894.47133935671,3.9994524763038535,-3.191503237954414
pop.00033,pop,1,1.0,891.5493227399094,2.111952024224211,-1.3921584419882207
pop.00034,pop,1,1.0,896.3017105064685,2.542494182012614,-2.3544269242479716
pop.00035,pop,1,1.0,915.4464549250873,0.27269230533996125,-3.484823105382109
pop.00036,pop,1,1.0,874.6359721362766,2.225670357142966,-3.3065229803044267
pop.00037,pop,1,1.0,903.0357548492387,1.5404372048156791,-2.701822611132222
pop.00038,pop,1,1.0,892.4593560109344,0.5101634260245705,-3.2934234455767237
pop.00039,pop,1,1.0,830.5940135475403,2.835391797170507,-3.372491898895177
pop.00040,pop,1,1.0,810.900357520262,0.4846569889149239,-1.6829367579597279
pop.00041,pop,1,1.0,832.819404439155,3.55637944341663,0.44536826818119646
pop.00042,pop,1,1.0,884.083852330545,1.5042133939607947,-2.646934987343743
pop.00043,pop,1,1.0,850.7512336696806,1.088646211783857,-2.5352438063700693
pop.00044,pop,1,1.0,882.3615326040601,2.564539817384657,-2.396218748653298
pop.00045,pop,1,1.0,886.6278126496304,4.539750043094801,-1.4247200220202616
pop.00046,pop,1,1.0,888.4632590996695,4.554615338375619,-1.411437162911801
pop.00047,pop,1,1.0,904.3056350782716,2.9859668909024135,-2.5978988004838572
pop.00048,pop,1,1.0,858.1548620553518,1.5794257708656572,-4.106131875789452
pop.00049,pop,1,1.0,802.905416928517,5.4103187904478895,0.41388457565561526
pop.00050,pop,1,1.0,883.051023517144,4.0596529597616735,-2.0452776031743842
pop.00051,pop,1,1.0,891.2228538121627,2.278063479917861,-4.400239719700108
pop.00052,pop,1,1.0,873.1018959582174,3.5324114353848355,-2.64220451870955
pop.00053,pop,1,1.0,800.967230890423,6.6703636598092855,1.6901874700974977
pop.00054,pop,1,1.0,868.378222046615,3.7531896733554775,-2.1241721650727374
pop.00055,pop,1,1.0,851.8800271495749,5.110251785479822,-1.814747382617479
pop.00056,pop,1,1.0,875.3764454452297,5.2153481932416055,-2.2871351244968663
pop.00057,pop,1,1.0,869.2051059334032,3.254690187770012,-2.9113695403460826
pop.00058,pop,1,1.0,857.9945335617232,3.6036493956074405,-1.5444115450240188
pop.00059,pop,1,1.0,883.42934253585,4.9934629156892125,-2.3908515729302158
pop.00060,pop,1,1.0,868.378222046615,3.7531896733554775,-2.1241721650727374
pop.00061,pop,1,1.0,856.7721263944369,3.999118942407397,-1.6816131854464473
pop.00062,pop,1,1.0,783.7208055253685,2.408602253060026,1.081367264226414
pop.00063,pop,1,1.0,841.513735528904,0.6858135787557265,-0.8208670676597369
pop.00064,pop,1,1.0,817.6688349335428,5.182487559401467,-0.08177145581926057
pop.00065,pop,1,1.0,831.4375854482233,2.0356818770413483,-0.8436857135535525
pop.00066,pop,1,1.0,848.1675470681923,2.5019961179054615,-2.03838542291268
pop.00067,pop,1,1.0,896.9532191417435,2.505783627164512,-2.667193013442281
pop.00068,pop,1,1.0,863.5963857631242,3.9179081579349146,-1.4287483182427634
pop.00069,pop,0,0.9999999999997726,854.6515537090752,-1.3944510121654747,-2.938183770252919
pop.00070,pop,1,1.0,870.4986469750114,3.7879281289550795,-1.3234157686025145
pop.00071,pop,1,1.0,896.9532191417435,2.505783627164512,-2.667193013442281
pop.00072,pop,1,1.0,895.5064505774054,-0.4778310674673325,-2.4808415448896257
pop.00073,pop,1,1.0,848.3881372922015,0.8076407238689645,-3.28742432009311
pop.00074,pop,1,1.0,869.3811447093065,5.6155333611526945,-0.8914622779504355
pop.00075,pop,1,1.0,866.5712035179985,2.0130798137327743,-2.667574231633637
pop.00076,pop,1,1.0,858.3591274150679,2.1599594145587386,-3.4192123724499415
pop.00077,pop,1,1.0,867.1623603823101,2.3317990599662135,-3.7372348584855404
pop.00078,pop,1,1.0,885.4404477758661,3.4794925028224064,-1.5686821058710259
pop.00079,pop,1,1.0,846.1630637305835,1.251750996204649,-1.4516569365350347
pop.00080,pop,1,1.0,904.2653398685791,2.9875297932937226,-2.6027798698743974
pop.00081,pop,1,1.0,805.6581033963639,2.105641831031244,-0.7759800139781656
pop.00082,pop,1,1.0,855.332467700168,-0.15207659527221884,-3.744853628623389
pop.00083,pop,1,1.0,836.8840916108113,1.5877426950424935,-1.714940670017368
pop.00084,pop,1,1.0,835.8792817824025,5.689207278039292,-1.5185474440714737
pop.00085,pop,1,1.0,802.0879529154251,3.7272947554953086,-1.290582807245061
pop.00086,pop,1,1.0,864.5906417412867,-0.29903573537353756,-3.4167590168053046
pop.00087,pop,1,1.0,871.4725548305487,1.2784991700646995,-3.297027325413263
pop.00088,pop,1,1.0,893.5111259362549,3.2120321644459606,-2.6345193560488873
pop.00089,pop,1,1.0,883.6738433267523,3.444394909217807,-1.9186986424362438
pop.00090,pop,1,1.0,864.9884911763843,1.2579767920669818,-3.316157981457515
pop.00091,pop,1,1.0,886.1550090072163,2.0986686048668837,-3.084072418818237
pop.00092,pop,1,1.0,882.3664328503434,1.8675796690007809,-2.3359527153198805
pop.00093,pop,1,1.0,850.6477252947825,-0.38324897039031575,-2.9506169263645825
pop.00094,pop,1,1.0,849.9516198835773,1.3616009202624306,-2.5653422380981006
pop.00095,pop,1,1.0,862.5589624801215,2.692831126033649,-2.17977952773255
pop.00096,pop,1,1.0,824.7619527282435,2.673714457917756,-2.463227692473075
pop.00097,pop,1,1.0,867.941318863992,4.83679048538042,-2.3132801718865483
pop.00098,pop,1,1.0,890.4398483487942,2.54663962808077,-2.059717113084148
pop.00099,pop,1,1.0,864.8967035060149,2.6179886906881604,-1.6558067058993542
reggae.00000,reggae,0,1.0,899.4306232213373,-0.3432906859428859,2.2132348696384607
reggae.00001,reggae,0,1.0,896.4344507182896,-0.7236120322726479,1.1913934272208815
reggae.00002,reggae,1,1.0,835.7801147776177,1.4869464388933593,2.467878725666148
reggae.00003,reggae,1,1.0,846.7134226961573,2.3916638953118787,1.9724899639345972
reggae.00004,reggae,1,1.0,864.0130558067666,2.6801578206194416,2.9042716882421873
reggae.00005,reggae,1,1.0,889.598557797194,1.1314865001268972,2.165724550664125
reggae.00006,reggae,1,1.0,889.153772682585,2.9564095169278066,2.542626980255844
reggae.00007,reggae,1,1.0,867.3788264827433,2.8621767996490064,3.0972603347389067
reggae.00008,reggae,1,1.0,881.7940946223479,2.7216723493726604,2.5880454260838763
reggae.00009,reggae,1,1.0,829.68493490797,3.3346489285389085,2.754264463112404
reggae.00010,reggae,1,1.0,836.443069069858,1.6804069846813672,2.114943065037178
reggae.00011,reggae,1,1.0,865.1589474856374,0.3835863901748283,1.537479295147012
reggae.00012,reggae,1,1.0,853.1599398843874,2.6790041608263087,2.123791467963954
reggae.00013,reggae,1,1.0,872.1647300340433,3.1608123060375433,2.8601483387401205
reggae.00014,reggae,1,1.0,868.5008355295691,4.078376624037218,2.1775813301973366
reggae.00015,reggae,1,1.0,861.9894069936887,0.8313806497802597,2.1070919951616616
reggae.00016,reggae,0,1.0,899.2305074649809,-2.650188755391532,0.5526560547636059
reggae.00017,reggae,1,1.0,847.0883600880715,2.9196605987788415,2.823244820481593
reggae.00018,reggae,1,1.0,887.633245737854,1.9513266289284752,2.181609883280844
reggae.00019,reggae,1,1.0,820.335776646628,3.3360748655856485,2.160431371456077
reggae.00020,reggae,1,1.0,874.3931284249023,2.635013059148895,3.001118621687618
reggae.00021,reggae,0,1.0,910.4959820554783,-1.752054655425193,0.826858530553841
reggae.00022,reggae,0,1.0,888.2962517363491,-1.5804330676263705,1.0557861759424754
reggae.00023,reggae,1,1.0,822.2580610629202,0.4534182468874434,1.2304644571641181
reggae.00024,reggae,1,1.0,860.7393693755859,1.8548674411439008,2.3757555552256107
reggae.00025,reggae,1,1.0,874.1261770267217,3.1580277814061835,2.4187999111988105
reggae.00026,reggae,1,1.0,864.747422194257,2.8247753116230663,2.523757992328769
reggae.00027,reggae,1,1.0,863.3918232652067,3.1087961040104735,2.181585741775372
reggae.00028,reggae,1,1.0,849.4398897128373,2.528288215234351,1.2044022203332014
reggae.00029,reggae,1,1.0,857.7085702834058,-0.17388028661724234,1.1120118701234136
reggae.00030,reggae,1,1.0,854.1803362292392,2.269089604985296,1.0903441952701152
reggae.00031,reggae,1,1.0,853.7532922195674,2.814313785932531,1.6154575592034688
reggae.00032,reggae,1,1.0,878.665571957945,1.3363496255300018,0.7300515655739218
reggae.00033,reggae,1,1.0,831.5923153340888,2.0583586611390525,1.4499049174397216
reggae.00034,reggae,1,1.0,858.4123609907455,1.927415327606132,1.2030327107282381
reggae.00035,reggae,1,1.0,869.3197744689793,1.5964131135146435,1.1752467176451544
reggae.00036,reggae,1,1.0,813.830437717095,2.802563532281394,1.9029083160692601
reggae.00037,reggae,1,1.0,872.5308713631773,3.0739264562874133,1.5744286917468935
reggae.00038,reggae,1,1.0,839.974399015861,3.888661231692405,3.305783986360176
reggae.00039,reggae,1,1.0,775.893139666493,3.427662297499592,1.3886780157242569
reggae.00040,reggae,1,1.0,804.8022808954946,5.598613914561437,4.384108391352332
reggae.00041,reggae,1,1.0,881.9096463206635,2.2748001629212724,0.10788885713947155
reggae.00042,reggae,1,1.0,853.7923356665513,2.3814361188481716,-1.0729357916958784
reggae.00043,reggae,1,1.0,817.2635463968026,0.1823771414036576,-0.623973583696577
reggae.00044,reggae,1,1.0,872.948790798721,2.1289580996094752,-1.791804626429861
reggae.00045,reggae,1,1.0,861.3466090442187,2.9742748590391486,-2.6272119330042187
reggae.00046,reggae,1,1.0,844.6283185706967,1.0841882548231785,-1.0988890023604307
reggae.00047,reggae,1,1.0,876.8762644083612,3.0929442105097884,0.3678929839118419
reggae.00048,reggae,1,1.0,835.7609387625724,1.1070216387462772,-0.6586437896942703
reggae.00049,reggae,1,1.0,814.9608896177862,0.6580944740325776,-2.2344420470390136
reggae.00050,reggae,1,1.0,845.3424227384731,3.5454087789231616,-1.4950441293557863
reggae.00051,reggae,1,1.0,795.8705301315073,3.2905191690399698,-4.033186039453914
reggae.00052,reggae,1,1.0,857.0947269863278,3.783660542153924,-2.376813485602082
reggae.00053,reggae,1,1.0,869.6723190029833,3.0692349921053292,-0.5381526209121901
reggae.00054,reggae,1,1.0,856.6604093916659,3.6127485222445817,-1.4086962923274498
reggae.00055,reggae,1,1.0,813.2949274645524,0.8137839989949155,-2.7906489411626096
reggae.00056,reggae,1,1.0,896.108051556152,2.814809676209103,-0.7359333459230573
reggae.00057,reggae,1,1.0,885.773025676026,3.834356879442923,-0.6704061788760538
reggae.00058,reggae,1,1.0,877.1829837441834,3.976153412181983,-0.6483474146984557
reggae.00059,reggae,1,1.0,879.2610505480785,2.732529346873139,-0.7321940285870583
reggae.00060,reggae,1,1.0,835.0314162288269,2.154127559294267,-0.16898049514453403
reggae.00061,reggae,1,1.0,847.611534139462,3.6227206047310907,-1.1481044824728805
reggae.00062,reggae,1,1.0,871.3972471299638,3.2203617921446406,-1.276652066042835
reggae.00063,reggae,1,1.0,828.0856150097075,1.7301230971126234,-0.7475432076045793
reggae.00064,reggae,1,1.0,815.9198985903652,3.1875792365623337,-1.7416757976712225
reggae.00065,reggae,1,1.0,842.6284210427946,3.630906693201602,-0.306092849739306
reggae.00066,reggae,1,1.0,851.5386662015508,2.084816299889934,0.8122202765455913
reggae.00067,reggae,1,1.0,854.0726273951346,0.8394939448205664,-1.7175956899047287
reggae.00068,reggae,1,1.0,845.3754703241824,3.1250286477144886,0.17762989841299892
reggae.00069,reggae,1,1.0,850.5638887937758,2.9014649752961374,-1.561644924401859
reggae.00070,reggae,1,1.0,825.8930210055487,2.569601940430118,-0.22552455184378079
reggae.00071,reggae,1,1.0,856.3424911489343,4.891214645916944,-0.9922291060312128
reggae.00072,reggae,1,1.0,879.0538876315405,4.642773367419648,-0.5372413653143837
reggae.00073,reggae,1,1.0,884.7679202537436,0.547701478307647,-1.849776866190513
reggae.00074,reggae,1,1.0,885.612019385217,0.5628182715429275,-1.837110741911136
reggae.00075,reggae,1,1.0,890.6878738313118,1.7402419908781925,-1.1414440998908286
reggae.00076,reggae,1,1.0,819.43298649683,3.794276468976544,-0.46009243142705664
reggae.00077,reggae,1,1.0,882.1044471657522,0.47153280050062957,-1.3049593732141507
reggae.00078,reggae,1,1.0,840.5483613499184,3.300059994451177,0.04375242713260925
reggae.00079,reggae,1,1.0,803.4885130118996,1.744818523520489,-1.882030765252212
reggae.00080,reggae,1,1.0,907.4275085203741,3.306116342441701,-1.0186360904956817
reggae.00081,reggae,1,1.0,903.7894497614251,3.8166180103456524,-0.72297918920421
reggae.00082,reggae,1,1.0,903.7894497614251,3.8166180103456524,-0.72297918920421
reggae.00083,reggae,1,1.0,739.081191818664,4.22902814581335,1.7274076215375536
reggae.00084,reggae,1,1.0,836.7198806392206,1.1872059119209915,-0.18053752291072594
reggae.00085,reggae,1,1.0,873.3994912831088,2.5658648140478224,0.728754990384946
reggae.00086,reggae,1,1.0,769.6576905432179,2.4341003424443772,-4.996289106463973
reggae.00087,reggae,1,1.0,827.6732880598097,4.7668071559354335,-0.994228345761478
reggae.00088,reggae,1,1.0,826.4946152217434,2.0503130327756107,-2.3426435959449434
reggae.00089,reggae,1,1.0,858.2397184473351,0.8897239545265866,-0.2580617068830136
reggae.00090,reggae,1,1.0,830.2897717627974,2.8249246370275256,-1.7235924724900005
reggae.00091,reggae,1,1.0,909.3010647156153,1.3331411007873937,-0.49807213080768864
reggae.00092,reggae,1,1.0,897.8905121015069,1.3231830578016714,-0.07616085363635797
reggae.00093,reggae,1,1.0,840.4695551220346,4.344744640017039,0.0023101457766361985
reggae.00094,reggae,1,1.0,828.1685546103109,-0.3271095630691682,-1.499710137412577
reggae.00095,reggae,1,1.0,785.378995927601,-0.25710818968253496,-2.2347964954827417
reggae.00096,reggae,1,1.0,866.8999520036178,2.0575382654970364,0.145122923857688
reggae.00097,reggae,1,1.0,811.0961840924205,0.9244759233260722,0.061386966480541365
reggae.00098,reggae,1,1.0,835.9214852200664,0.6868985471924364,-0.9952828239143503
reggae.00099,reggae,0,1.0,876.1388981773034,-2.3798741489280917,-1.0255652113551792
rock.00000,rock,0,1.0,889.7966873703656,-1.3025807838724905,1.301974565341168
rock.00001,rock,0,1.0,898.5631585651793,-1.2331242396669868,1.1778795905176462
rock.00002,rock,1,1.0,832.4920492223109,-0.008494950534870148,1.2741948716052358
rock.00003,rock,1,1.0,848.1547199956632,-0.12052575840875743,1.2776931285879654
rock.00004,rock,0,1.0,914.7141103656213,-0.7850536071084339,1.4421283717733133
rock.00005,rock,0,1.0,890.941219891629,-1.4778302766113256,1.4887339964288864
rock.00006,rock,0,1.0,901.6562274349462,-0.6775633556282493,2.0323283887352193
rock.00007,rock,0,1.0,896.4072475831449,-0.9807476801715701,1.4633579003422479
rock.00008,rock,0,1.0,902.5919840842652,-5.259865355765836,-0.06638374135537253
rock.00009,rock,1,1.0,773.831647937791,0.0014400532703654676,0.7446691475545717
rock.00010,rock,0,1.0,897.6937553489331,-1.8614973406212592,1.0746548827348787
rock.00011,rock,0,1.0,885.6663328971879,-1.316194700212365,0.8265430415384885
rock.00012,rock,1,1.0,857.0118970394439,1.177590361736197,1.412227151277425
rock.00013,rock,1,1.0,777.6276533252918,0.5573780271239601,1.2698142819381615
rock.00014,rock,1,1.0,879.9638392698115,3.7597140613085154,2.6819876048549327
rock.00015,rock,1,1.0,813.7707898265354,2.3160102394742332,1.9515331289755005
rock.00016,rock,0,1.0,972.3443882306922,-5.245694629901752,0.17188890100938345
rock.00017,rock,0,1.0,939.7332362117556,-4.766581965437497,0.2995598948567039
rock.00018,rock,0,1.0,959.1247570302048,-3.1864089512490255,0.4249258339703874
rock.00019,rock,0,1.0,921.0300788362067,-3.6062240387578193,0.9875759199384058
rock.00020,rock,0,1.0,928.8892304568597,-3.077348176153804,0.954835289126327
rock.00021,rock,0,1.0,928.1823788712793,-2.6208399916484506,1.1924334902754126
rock.00022,rock,0,1.0,937.7427566935528,-3.3339754381110738,1.1846197651390322
rock.00023,rock,0,1.0,895.565646717467,-2.1298866656709197,1.6615667673822063
rock.00024,rock,0,1.0,904.8857313578206,-3.519227231157295,0.7739317285867947
rock.00025,rock,0,1.0,933.045134993577,-3.8528234035835562,0.9420782345048795
rock.00026,rock,0,1.0,923.329141448758,-3.8274973705844513,0.5409134180020381
rock.00027,rock,0,1.0,909.4997136740774,-0.851507828535695,-1.6651028443126077
rock.00028,rock,0,1.0,889.6121359102583,-1.0242157116185635,-1.3683675046997106
rock.00029,rock,0,1.0,910.1650163342357,-1.9887427361624044,-2.1330967186646204
rock.00030,rock,1,1.0,821.0800226345079,0.43634012321984234,-1.445033485441953
rock.00031,rock,1,1.0,857.6808748509375,1.1813011793068553,-1.030836635233575
rock.00032,rock,0,1.0,914.4921539839474,-1.1935818845669144,-2.0902871916209977
rock.00033,rock,1,1.0,838.9603718309103,-0.7707722471306149,-0.7385133251579828
rock.00034,rock,0,1.0,913.6963355175001,-1.831901227449065,-2.584669422883389
rock.00035,rock,0,1.0,917.6155603885431,-1.229744522091421,-2.8500248638172034
rock.00036,rock,0,1.0,935.3646221268687,-2.118341824778366,-2.845365599020238
rock.00037,rock,0,1.0,919.240976752244,-1.1219249720594806,-2.6142247724232717
rock.00038,rock,1,1.0,870.9782319573598,0.8444596406831393,-1.427429923289953
rock.00039,rock,0,1.0,893.5367394207965,-2.1060040990912072,-3.738064524140314
rock.00040,rock,1,1.0,865.479805084137,-0.2600663438394472,-2.842679117789435
rock.00041,rock,0,1.0,907.1141622080121,-1.0430557427848426,-3.5917875934065004
rock.00042,rock,1,1.0,862.5742403056049,0.32127460648257755,-2.6382765894135147
rock.00043,rock,1,1.0,869.9580153046762,0.028597361792529495,-2.576862294666139
rock.00044,rock,1,1.0,806.4274296536112,-0.3639584061841706,-1.544104116103499
rock.00045,rock,0,1.0,877.123677443558,-2.224316867429205,-1.0225026145694363
rock.00046,rock,0,1.0,889.4406768418353,-0.9349955620348811,-2.2971923571125252
rock.00047,rock,1,1.0,858.2131629234543,0.6251762115829246,-2.4990614102865067
rock.00048,rock,0,1.0,884.7615553541984,-1.7417045446712414,-0.6114190855368837
rock.00049,rock,1,1.0,783.7048786430304,1.2833273995703331,-1.8145439523781375
rock.00050,rock,1,1.0,840.9581805115776,0.289880476644503,-1.9046712113524642
rock.00051,rock,1,1.0,851.9554752601686,0.032118626239956316,-2.824757096127053
rock.00052,rock,1,1.0,801.4558833289817,3.938276320546466,-0.6276500793268772
rock.00053,rock,0,1.0,900.6062363110317,-1.9711819964203876,-4.1809341460482
rock.00054,rock,1,1.0,772.2653541056744,1.1975178058122329,-1.3933636138150676
rock.00055,rock,1,1.0,767.4576142272654,-0.7916501447480756,-1.954822170310464
rock.00056,rock,0,1.0,912.0919165750829,-1.9489065559028282,-4.062131345080686
rock.00057,rock,0,1.0,885.8207719124625,-1.015590094411,-3.9324151459898986
rock.00058,rock,1,1.0,820.6689860945934,0.09092623331263057,-2.1495294593277965
rock.00059,rock,1,1.0,829.8041150196414,0.6166357961668671,-2.56014771075295
rock.00060,rock,1,1.0,853.5268061961845,-0.4617286561662509,-3.1515005659877184
rock.00061,rock,1,1.0,803.4260065471192,1.0176556511259027,-1.7869519350269252
rock.00062,rock,1,1.0,770.5530474874162,1.7046260435126133,-2.4299730392923293
rock.00063,rock,1,1.0,821.4264425539847,5.336911743485574,0.7051478264399271
rock.00064,rock,0,1.0,915.8219379675371,-2.91856909877597,1.2465631335250302
rock.00065,rock,0,1.0,903.6860960763056,-2.2899104977268374,1.3492190682797895
rock.00066,rock,1,1.0,828.8368702809315,1.3258264916192954,2.588228409989209
rock.00067,rock,0,1.0,925.8753002283825,-1.4973061583800709,1.1102366253515885
rock.00068,rock,0,1.0,909.847096327865,-3.476744408458995,0.6857260190290789
rock.00069,rock,0,1.0,882.495539318114,-0.7158072015043716,1.9636110776516111
rock.00070,rock,0,1.0,879.7013499544903,-0.22605431086688924,1.650582345223433
rock.00071,rock,0,1.0,918.8728646953525,-2.5318012807690535,0.8821389244500245
rock.00072,rock,0,1.0,911.0680679823174,-2.3524284793884114,0.4202932772867833
rock.00073,rock,0,1.0,905.9068354071292,-3.795477778066068,0.20298036181579363
rock.00074,rock,0,1.0,907.1923973495809,-3.5796489364335367,0.2524822775188228
rock.00075,rock,0,1.0,932.848307079824,-1.4579925666729696,1.2418210805064178
rock.00076,rock,0,1.0,899.9038839977902,-0.6221056036888435,1.2392532388642359
rock.00077,rock,0,1.0,902.8843373084501,-2.7498076832844194,0.5190545862934492
rock.00078,rock,0,1.0,910.996047377915,-0.8465139280869005,0.923864868282789
rock.00079,rock,0,1.0,934.1984144122182,-3.8452692087995977,0.5515779962633218
rock.00080,rock,0,1.0,924.1049563603976,-3.749271973358457,0.6590834246363748
rock.00081,rock,0,1.0,895.0859705756124,-1.2778061449399736,1.6398915972150385
rock.00082,rock,0,1.0,914.1167773209545,-3.5001026330839595,0.6689394264544973
rock.00083,rock,0,1.0,914.6647569608385,-4.318351219396262,0.4368242224532863
rock.00084,rock,0,1.0,933.6297690376879,-3.4307641928138204,0.559265540970042
rock.00085,rock,1,1.0,805.2327736317544,0.4791715940237519,2.709870874009907
rock.00086,rock,1,1.0,850.457102686644,0.6463220432935447,1.7933357523687627
rock.00087,rock,0,1.0,918.6444219252851,-5.405820542749959,0.01616773537489283
rock.00088,rock,0,1.0,922.9494800033804,-2.0374565377516736,0.9348906078302573
rock.00089,rock,0,1.0,899.9547853883944,-1.4665014326099302,0.8742341373075496
rock.00090,rock,0,1.0,889.97531057549,-1.4877806498261117,2.165444140188286
rock.00091,rock,0,1.0,905.4265249696333,-5.026074518209193,0.11282975046566157
rock.00092,rock,0,1.0,913.2532908232571,-6.082858933522743,-0.21567101056966678
rock.00093,rock,0,1.0,890.7868970781783,-3.7445145517342935,0.6404468752015259
rock.00094,rock,0,1.0,883.5117510221888,-5.937087701363644,-0.28003526499268505
rock.00095,rock,0,1.0,922.9236534388074,-3.293251843340699,0.9601812873369584
rock.00096,rock,0,1.0,895.4466894702823,-4.255670990387762,0.7494039380208092
rock.00097,rock,0,1.0,909.8316733205863,-3.8105233862083128,0.7585051058147616
rock.00098,rock,1,1.0,837.6030928818544,0.21671795246780917,1.838552896631571
rock.00099,rock,0,1.0,880.4684810049904,-0.45756852165125567,1.4808173504878999
