Song,Genre,Cluster,PCA1,PCA2,Distance
blues.00000,blues,-1,-1.0553769904305803,-0.7053186599808953,
blues.00001,blues,-1,-1.162630727082271,0.9465927838401459,
blues.00002,blues,-1,-1.1055318607031897,-0.5859855400381145,
blues.00003,blues,-1,-2.0581873654673775,0.4447510796882555,
blues.00004,blues,-1,-0.5741361658105372,0.2487296697212663,
blues.00005,blues,-1,0.1991587159554211,1.8758732425857247,
blues.00006,blues,-1,-1.1267032289021686,1.716258566821298,
blues.00007,blues,-1,-1.1044546034945164,1.2395874081238216,
blues.00008,blues,-1,-1.127126569295931,-0.7383017524434399,
blues.00009,blues,-1,-0.9985185430699178,0.7461275430279554,
blues.00010,blues,-1,-1.694092674771377,0.770829398664793,
blues.00011,blues,-1,-1.2730886722455967,1.4279555552474206,
blues.00012,blues,-1,-1.2035314550451337,0.7556200691046492,
blues.00013,blues,-1,-1.6369316377363434,0.23421142462523553,
blues.00014,blues,-1,-1.9639248938520728,1.4689330333353618,
blues.00015,blues,-1,-1.411065447251322,0.8987117052530093,
blues.00016,blues,-1,-1.5070756401173013,0.6708298249040185,
blues.00017,blues,-1,-1.8873826745397262,0.9490772233396632,
blues.00018,blues,-1,-1.4492971209158718,0.6038137473059673,
blues.00019,blues,-1,-1.5382448996012716,1.0129121503153442,
blues.00020,blues,-1,-1.8085364302461933,-0.07537088973728419,
blues.00021,blues,-1,-1.6064671405510254,1.3089756523195237,
blues.00022,blues,-1,-1.3667653731428253,1.4297051686688576,
blues.00023,blues,-1,-1.856138666970634,0.5286861982488423,
blues.00024,blues,-1,-1.9542637535406409,1.0726939871360943,
blues.00025,blues,-1,-1.9247349724903098,0.8904774483552431,
blues.00026,blues,-1,-1.9273498328524565,1.4645077992400952,
blues.00027,blues,-1,-1.236013578237018,0.6356781635919045,
blues.00028,blues,-1,-2.080166210582,0.6689565854142481,
blues.00029,blues,-1,-0.7277088299841207,1.3890253078835597,
blues.00030,blues,-1,-1.4008359638319698,0.8416614728308743,
blues.00031,blues,-1,-1.566270793916486,0.7878894624643613,
blues.00032,blues,-1,-1.0684485920295652,1.8810377025481917,
blues.00033,blues,-1,-1.2023838683160706,1.2523857593290328,
blues.00034,blues,-1,-1.5044102019530796,0.6915956723259953,
blues.00035,blues,-1,-1.419046442543461,0.3222658187088172,
blues.00036,blues,-1,-1.9338634638745622,0.5471193264993829,
blues.00037,blues,-1,-1.7358373794898394,1.689987279835278,
blues.00038,blues,-1,-1.0460564475630685,0.8745839227094253,
blues.00039,blues,-1,-1.7935704297236417,1.5438434218036245,
blues.00040,blues,0,-0.3131103019556538,-1.1477628805416802,0.5734470512662769
blues.00041,blues,0,-0.061572022067429455,-0.8419970826926277,0.6853074312279579
blues.00042,blues,-1,-0.36172941405695613,-0.5607067964039677,
blues.00043,blues,0,-0.519310845571591,-0.9976201931897445,0.6123787595672663
blues.00044,blues,-1,-0.5038725126977055,-1.1650971415253775,
blues.00045,blues,-1,-1.458337227676435,-1.104221750678586,
blues.00046,blues,-1,-0.9030135468918905,-0.30158151506586683,
blues.00047,blues,-1,-0.900882637100033,-1.0097591394280536,
blues.00048,blues,0,-0.4369962523032149,-1.048288513996646,0.389343048267673
blues.00049,blues,-1,-1.4947152455990298,0.3960160011804694,
blues.00050,blues,0,-0.7020935410510594,-0.8892374974454634,0.5395971522702293
blues.00051,blues,-1,-0.5027601546524426,-1.3636139400719185,
blues.00052,blues,-1,-0.8708869595804551,1.2205389970317346,
blues.00053,blues,-1,0.037792737885127305,-0.7121504640562134,
blues.00054,blues,0,-0.2421715319803875,-0.9372515349094562,0.6445214392171648
blues.00055,blues,-1,-0.20528668271980782,-0.5377325643669494,
blues.00056,blues,-1,-0.7208091571890418,0.3293252965087209,
blues.00057,blues,-1,-0.543212907912413,-0.2930016321634517,
blues.00058,blues,-1,-0.2787353941719097,-0.3515658748599263,
blues.00059,blues,-1,0.37262404395449583,-0.5911654071008898,
blues.00060,blues,0,-0.5271136546363697,-1.125643566132425,0.6201761325946042
blues.00061,blues,-1,0.5096940456561473,-1.6621504503602,
blues.00062,blues,-1,0.2931625469689962,-0.11266840451917767,
blues.00063,blues,-1,0.7143628003821704,-0.8089278692121469,
blues.00064,blues,-1,0.11641771917183405,-1.9575930557929184,
blues.00065,blues,-1,0.7160935362992924,-1.0546541358863804,
blues.00066,blues,-1,0.3762554139567847,-0.5744657557030077,
blues.00067,blues,-1,-0.11010609409407311,-0.9905182027944024,
blues.00068,blues,-1,0.090431287655075,-1.3249605620177247,
blues.00069,blues,-1,0.09999282377015092,-0.8897936221797013,
blues.00070,blues,-1,-0.2635880392812807,-0.39867498355291164,
blues.00071,blues,-1,0.003322037489157919,-1.8677671357839936,
blues.00072,blues,-1,0.4643042835417368,-1.379412271760113,
blues.00073,blues,-1,-0.5903795803178093,-1.2530400667050297,
blues.00074,blues,-1,0.02092439826825201,-0.601040228548324,
blues.00075,blues,-1,0.14317041975118344,0.15049818512005966,
blues.00076,blues,-1,0.41964033422416736,-1.0702459547409169,
blues.00077,blues,-1,-0.24822283704200548,-1.217538911992172,
blues.00078,blues,-1,-0.31500295735986433,-2.013671886296015,
blues.00079,blues,-1,-0.021386573529594114,-1.8088342071516705,
blues.00080,blues,-1,-0.7219950839791429,-0.6481762511438349,
blues.00081,blues,-1,-0.43374142663378407,-1.3144174189334048,
blues.00082,blues,-1,-0.5537864758219097,-1.2290819742157946,
blues.00083,blues,-1,-0.17957285651944765,-1.6001635067107784,
blues.00084,blues,-1,-0.2713521183950465,-0.9364453279774307,
blues.00085,blues,-1,-1.2157669221047058,1.0943326667031625,
blues.00086,blues,-1,-1.0106120612558964,1.6123050632032085,
blues.00087,blues,-1,-1.2481512053231196,0.6957798264821322,
blues.00088,blues,-1,-2.2214319498825046,0.009392964810749353,
blues.00089,blues,-1,-2.4877851535905253,1.346936321325316,
blues.00090,blues,-1,-0.6129872178346607,1.292197255576716,
blues.00091,blues,-1,-1.8087553364664832,0.8879437686068405,
blues.00092,blues,-1,-1.8083345791283343,1.9758741403889497,
blues.00093,blues,-1,-2.868093200279235,0.4360790869600962,
blues.00094,blues,-1,-1.1695234086592774,1.370812845343291,
blues.00095,blues,-1,-1.0501052366452006,0.42727755204206613,
blues.00096,blues,-1,-1.6186925365429234,1.104540928572649,
blues.00097,blues,-1,-1.4165074289335715,0.5078352213803912,
blues.00098,blues,-1,0.12294495931047589,-1.0903217027492758,
blues.00099,blues,-1,-1.1384897336074877,0.5212427592842913,
classical.00000,classical,-1,-1.5419008183681229,-0.5847125806201581,
classical.00001,classical,-1,-1.7386049019186571,-0.04320404922694382,
classical.00002,classical,-1,-1.5212288915682024,-1.1555047448557692,
classical.00003,classical,-1,-1.3658070139954421,0.2957494224209872,
classical.00004,classical,-1,-1.2101191347318572,-0.5276858089585664,
classical.00005,classical,-1,-1.71263077578283,-0.08677805844287581,
classical.00006,classical,-1,-1.7751685804282422,-0.09193672179022432,
classical.00007,classical,-1,-1.6225127780898427,0.5037129930896835,
classical.00008,classical,-1,-1.66122216815657,-0.017924470233734856,
classical.00009,classical,-1,-1.923151064064876,0.15880697725396384,
classical.00010,classical,-1,-1.5903916238764835,0.3484579941254985,
classical.00011,classical,-1,-2.3088773345224727,0.07036276700240143,
classical.00012,classical,-1,-2.090919389514921,0.9641662792886673,
classical.00013,classical,-1,-1.5906109258824204,1.0789727506599174,
classical.00014,classical,-1,-1.9781780647435776,0.2718195187711781,
classical.00015,classical,-1,-1.8764937310459624,0.8959975897251782,
classical.00016,classical,-1,-2.2970201975657045,0.18859919360542482,
classical.00017,classical,-1,-1.9482060098999394,0.5398814138391212,
classical.00018,classical,-1,-1.9851232944062187,1.1460486082977968,
classical.00019,classical,-1,-1.9109029959405797,0.9684328687072096,
classical.00020,classical,-1,-1.9377725506480645,0.253323473588334,
classical.00021,classical,-1,-1.78290980795936,0.4443288481804664,
classical.00022,classical,-1,-2.1030644536984635,0.16484077446872972,
classical.00023,classical,-1,-2.4621751418724855,-0.05036955147066566,
classical.00024,classical,-1,-1.9235281434223677,-0.6237591062689469,
classical.00025,classical,-1,-1.9178301108851528,-0.9886004031468457,
classical.00026,classical,-1,-2.0189720269357565,0.6818571925098003,
classical.00027,classical,-1,-2.4827959254046514,-0.2647200745482022,
classical.00028,classical,-1,-1.6511569163379038,0.12211151780650564,
classical.00029,classical,-1,-1.4267971617342217,1.0391346763694105,
classical.00030,classical,-1,-1.8660798106990037,0.19615827490858645,
classical.00031,classical,-1,-2.6586568461047113,0.5135681668293737,
classical.00032,classical,-1,-2.9042941704245036,-0.5535908911478844,
classical.00033,classical,-1,-2.3234465030065716,1.1664940782075754,
classical.00034,classical,-1,-1.568364869747537,0.636361224228221,
classical.00035,classical,-1,-1.6766974962367716,0.9194121834893995,
classical.00036,classical,-1,-1.747072626560864,0.9841622031568805,
classical.00037,classical,-1,-1.2478701055121884,0.6586542505696051,
classical.00038,classical,-1,-1.838656252932429,0.2943707292259811,
classical.00039,classical,-1,-1.1326156992687355,1.1883248402335536,
classical.00040,classical,-1,-1.9151057703322536,0.45278473221555354,
classical.00041,classical,-1,-1.8008470066577302,0.7951077767488426,
classical.00042,classical,-1,-1.7220977623424052,-0.8922762830324579,
classical.00043,classical,-1,-2.332537609746422,0.16580806605040616,
classical.00044,classical,-1,-1.9322036522868042,0.6602513165276365,
classical.00045,classical,-1,-2.1183355976996707,-0.4431325623073677,
classical.00046,classical,-1,-0.7332133754074616,-1.666614527455644,
classical.00047,classical,-1,-2.202049902204373,-0.27227720653464277,
classical.00048,classical,-1,-0.6755566407706775,0.6462236276112939,
classical.00049,classical,-1,-0.2561418654585067,-0.7797312485352892,
classical.00050,classical,-1,-2.3093198869983698,-0.5074758303119046,
classical.00051,classical,-1,-1.4995605291150542,1.3873530608867117,
classical.00052,classical,-1,0.16189767197997784,0.3644825393237115,
classical.00053,classical,-1,-1.3363134536010604,-0.5416174448775022,
classical.00054,classical,-1,-0.7785036094612724,0.22717083684584088,
classical.00055,classical,-1,-2.3374344125933573,0.8778695926267894,
classical.00056,classical,-1,-0.9962797818721906,-0.9439619245748179,
classical.00057,classical,-1,-0.889341016022769,1.148252780153732,
classical.00058,classical,-1,-1.9822266279573824,-0.13198355640062306,
classical.00059,classical,-1,-1.3193766577016734,-0.2426216839044797,
classical.00060,classical,-1,-0.8036206351501153,-0.7281903939001158,
classical.00061,classical,-1,-1.5994389591613494,0.509230388725443,
classical.00062,classical,-1,-1.3275472280694576,1.3181024179758536,
classical.00063,classical,-1,-3.1935201319909194,-0.05156053636302568,
classical.00064,classical,-1,-2.591367936387046,0.7770407640334074,
classical.00065,classical,-1,-2.9450670924922475,0.781590071626358,
classical.00066,classical,-1,-2.987544432939683,0.6531533066729812,
classical.00067,classical,-1,-2.257249509955006,1.829641924335969,
classical.00068,classical,-1,-1.5804039991307062,-0.4575339643114559,
classical.00069,classical,-1,-1.9261974542140672,-0.26980783462541136,
classical.00070,classical,-1,-1.9469065875194993,0.44011422612683987,
classical.00071,classical,-1,-1.8868079701199851,0.18155449935563317,
classical.00072,classical,-1,-1.8533129625982057,0.47335197846797084,
classical.00073,classical,-1,-1.9683352948270958,0.542962445407136,
classical.00074,classical,-1,-1.8301431847191625,-0.027679066273354612,
classical.00075,classical,-1,-2.178855311856996,0.5428455825501742,
classical.00076,classical,-1,-1.848545369661497,-0.24689678489180547,
classical.00077,classical,-1,-2.8441882875870097,1.127821230753701,
classical.00078,classical,-1,-2.953499553929281,0.08259458498122146,
classical.00079,classical,-1,-2.7439201826398407,0.7514593569639658,
classical.00080,classical,-1,-2.666089437762851,0.4839200848827874,
classical.00081,classical,-1,-1.9648266178187732,-0.16791144160008054,
classical.00082,classical,-1,-1.401805590020786,-0.050984984582192076,
classical.00083,classical,-1,-2.7634002100496002,-0.12360624359971246,
classical.00084,classical,-1,-2.540918630497858,0.04529472691452084,
classical.00085,classical,-1,-1.1154697044876904,-0.17015064763372018,
classical.00086,classical,-1,-1.3774476103230948,-0.0547870564466054,
classical.00087,classical,-1,-2.667305417750366,-0.0981728056814274,
classical.00088,classical,-1,-1.9109755231827383,-0.37657487868769474,
classical.00089,classical,-1,-0.100717469238135,0.05386096947826259,
classical.00090,classical,-1,-0.3683999385141321,-0.19224696698864324,
classical.00091,classical,-1,-0.2563579359951447,-0.040089797641406015,
classical.00092,classical,-1,-0.5917796861075273,1.0882073573487807,
classical.00093,classical,-1,-1.3497530097231745,-0.11030292978549289,
classical.00094,classical,-1,-1.6207470533868378,0.4463468795787451,
classical.00095,classical,-1,-0.6149857948423486,1.3798880856652849,
classical.00096,classical,-1,-0.46346643380631924,-0.22233755806596187,
classical.00097,classical,-1,-1.6040208364503679,-0.029016539588273337,
classical.00098,classical,-1,-0.5480009635710471,-0.22334789905654742,
classical.00099,classical,-1,-1.5496050274181947,-1.2134573371139974,
country.00000,country,-1,0.44831527025565815,-0.7356571959177902,
country.00001,country,-1,0.27566031405801616,-1.650717292692362,
country.00002,country,-1,0.18148116476619933,0.1071488215989102,
country.00003,country,-1,0.23024518936324162,-0.016582810757230528,
country.00004,country,-1,0.45951495034961354,-1.3539054088374483,
country.00005,country,-1,0.745098328815866,-0.9918449308163573,
country.00006,country,-1,0.7864142571337678,-0.658057093254198,
country.00007,country,-1,0.5520759230073465,-0.8405507152348388,
country.00008,country,-1,0.09754876554345607,-0.8720808421046521,
country.00009,country,-1,0.9235767471436787,-1.65410867948944,
country.00010,country,-1,-0.39057285037786454,0.8190386319330848,
country.00011,country,-1,1.4542763737492608,1.7209239235977916,
country.00012,country,-1,-0.776368903201177,0.1082355481702681,
country.00013,country,-1,0.6758826780238222,-0.2287328127276595,
country.00014,country,-1,1.422576390896161,0.3904213360249455,
country.00015,country,-1,-0.1815814184618727,-0.5649440039694831,
country.00016,country,-1,-1.42811669207327,-0.05117926023036302,
country.00017,country,-1,-1.1069991124302316,-0.3035077206027401,
country.00018,country,-1,-0.22378047793918374,-0.29666890787442424,
country.00019,country,-1,-1.7886487600124943,0.6527141377800125,
country.00020,country,-1,0.7470244905362612,1.0753199487293945,
country.00021,country,-1,-2.0175555870162545,0.04525226145192849,
country.00022,country,-1,-1.1818635368536923,0.16042847122407236,
country.00023,country,-1,-1.1662044494108361,1.4840640445848658,
country.00024,country,-1,-0.5327730151928288,0.9931004657735648,
country.00025,country,-1,-0.878646081345104,0.4366753630678786,
country.00026,country,-1,-1.3949433530668511,0.46150926070190096,
country.00027,country,-1,-0.51248068055524,-0.7050854677306321,
country.00028,country,-1,-1.4317586899167631,-0.38725939006842636,
country.00029,country,-1,-1.6885661122729685,-0.20062708497890985,
country.00030,country,-1,-1.9245868955644365,0.817334739215106,
country.00031,country,-1,0.03593943150076958,-0.04755968104703567,
country.00032,country,-1,-0.5282600898271858,0.6648661225582785,
country.00033,country,-1,0.4707855174773585,0.190776045286838,
country.00034,country,-1,0.7510114398640143,0.45803315282912616,
country.00035,country,-1,0.32284737151138015,0.015248616838419016,
country.00036,country,-1,-0.2987889726089745,1.2478557875619676,
country.00037,country,-1,0.06355951052852679,0.3246815521021716,
country.00038,country,-1,0.6124790464551928,-0.19941370446615928,
country.00039,country,-1,2.2269382529562285,-0.7640403480693585,
country.00040,country,-1,0.03795539631433321,-0.4934527699986777,
country.00041,country,-1,0.6317850639958851,0.2715234696999055,
country.00042,country,-1,-0.09902251675241901,-0.6562635451829497,
country.00043,country,-1,0.541264775334005,-0.514284288811999,
country.00044,country,-1,-0.5822309877347357,0.8607950729146329,
country.00045,country,-1,0.9600845198239335,-0.027863372935979413,
country.00046,country,-1,0.0336580962837727,-0.26873470454800097,
country.00047,country,-1,-0.6976422853243232,-0.3279648582004394,
country.00048,country,-1,-0.7205762401766755,0.5182581274288788,
country.00049,country,-1,-0.9663112046989975,-0.3542168590788337,
country.00050,country,-1,-0.40975011173556913,-0.1558729829782329,
country.00051,country,-1,-0.9064474273853609,0.3346548787463905,
country.00052,country,-1,-1.7726418504565122,0.4588836666242327,
country.00053,country,1,-0.13633434705783387,-1.230696760783777,0.7633654166407139
country.00054,country,-1,-1.0770293197031986,-0.3620425872096433,
country.00055,country,-1,-0.860239866664259,-1.257583395130825,
country.00056,country,-1,-1.2032689917624309,0.16241868178107097,
country.00057,country,-1,-0.747360479698488,-0.05842200888771203,
country.00058,country,-1,-0.803711611319979,-0.40415629340621895,
country.00059,country,-1,-1.0696295131882345,1.129080277275761,
country.00060,country,-1,-1.1558004463883713,0.5983895782385579,
country.00061,country,-1,-1.2678212836553007,0.15492133467950012,
country.00062,country,1,-0.17394636781784267,-0.9073247437679242,0.5621317832696892
country.00063,country,-1,-0.9207884165130775,1.1445675062561496,
country.00064,country,-1,-1.3965929967215276,0.22798449968358034,
country.00065,country,-1,-2.2364244958762067,0.9252786287984381,
country.00066,country,-1,-0.9020196205256162,-0.9385128104362086,
country.00067,country,-1,-2.1355370630834845,1.376855797700125,
country.00068,country,-1,-1.7396389780830976,0.096694721793476,
country.00069,country,-1,-1.5142579373081153,0.31929117846755906,
country.00070,country,1,-0.5299925981708256,-0.4266978751469208,0.6837187099360766
country.00071,country,-1,-1.5126059025665823,0.9312672196467696,
country.00072,country,-1,-0.9702019399946249,-0.7458166452688503,
country.00073,country,2,-1.1147444115840635,-0.13425692571042008,0.5142382153967802
country.00074,country,-1,-0.9478770178666831,1.2356967279356559,
country.00075,country,-1,-0.2764988069267236,-1.2074361809478433,
country.00076,country,-1,-1.0543320546433017,0.95865114494629,
country.00077,country,-1,-1.1859608482679045,-0.9805394830006301,
country.00078,country,-1,-1.5839043880109644,1.2569765780597464,
country.00079,country,-1,-1.8786866141203526,0.9806500183565748,
country.00080,country,-1,-0.04527069455628723,-0.11318739672970479,
country.00081,country,1,-0.028882605576909973,-0.38015496091377476,0.46716812874070573
country.00082,country,1,0.062401608134993236,-0.7360700909000794,0.5482782510523296
country.00083,country,2,-1.2351550478297353,0.12684695433671564,0.4267793181360602
country.00084,country,1,-0.4618922913162234,-0.35311201288826594,0.5550769299013728
country.00085,country,2,-0.965425539398136,0.13209547700244337,0.527124649996652
country.00086,country,1,-0.7476063934421129,-0.12104876302467593,0.9173293519814852
country.00087,country,-1,-0.965860583563666,0.48942912632164587,
country.00088,country,2,-1.1444865928775803,-0.14751487635524643,0.4261636757425856
country.00089,country,-1,-1.1698487424733282,0.933528395394131,
country.00090,country,1,-0.346592239455817,-0.5989527348083304,0.4324196900166079
country.00091,country,-1,-1.0084220695922403,0.7524995203049623,
country.00092,country,-1,-0.008238131945794838,-1.569258621611989,
country.00093,country,-1,-1.0326554131317105,0.7376939462740955,
country.00094,country,2,-1.0523742886638365,-0.11540535951335192,0.5514434572564095
country.00095,country,-1,-0.6153955158015392,0.5202069070183184,
country.00096,country,-1,-0.3709002206926612,-0.4413383164549503,
country.00097,country,-1,-0.5619213764975168,0.6021793667474687,
country.00098,country,-1,-1.2798104467780076,0.10653611725335554,
country.00099,country,1,0.10180058855185956,-0.6950217727543251,0.6314322241292974
disco.00000,disco,-1,0.9061390745272302,0.8083589538450637,
disco.00001,disco,-1,1.9327098144770312,-0.8683770802441584,
disco.00002,disco,-1,1.6827564857278383,-0.5213817466194924,
disco.00003,disco,-1,1.6434382882381238,-0.26790252017791044,
disco.00004,disco,-1,1.8181159516907022,-0.33987365312442375,
disco.00005,disco,-1,1.139565367179416,-0.6735364079005645,
disco.00006,disco,-1,0.7661075873555184,-1.4847160798713206,
disco.00007,disco,-1,1.2152082419417318,-0.43875962260419066,
disco.00008,disco,-1,1.0783076944873025,-0.723031508605023,
disco.00009,disco,-1,1.6531174574151364,-0.5568066921686347,
disco.00010,disco,-1,1.176831923483934,-0.9361019205066695,
disco.00011,disco,-1,1.5507608704649873,-0.3636013496280156,
disco.00012,disco,-1,1.0303774588144528,-0.27879011430056017,
disco.00013,disco,-1,1.780893477592431,-0.4529910343113895,
disco.00014,disco,-1,1.1949607341625204,-1.3123137443301567,
disco.00015,disco,-1,0.21320666115546277,0.06356723079133464,
disco.00016,disco,-1,0.6252761846419088,-0.5411640637525977,
disco.00017,disco,-1,1.0031167268857983,0.2761187424725656,
disco.00018,disco,-1,1.0480981411755539,0.007478104515448606,
disco.00019,disco,-1,0.45568839573812664,0.6467450622360431,
disco.00020,disco,-1,0.19217107481019194,-0.12036668607342257,
disco.00021,disco,-1,1.0332461024671953,-0.09381362656992139,
disco.00022,disco,-1,2.4014789632983384,-0.13785436631317913,
disco.00023,disco,-1,1.8576411968630306,-0.0036324515220344036,
disco.00024,disco,-1,0.35806069671656565,-0.5676380998562734,
disco.00025,disco,-1,0.3448904437858742,0.3210820025005713,
disco.00026,disco,-1,1.5177286384232622,0.10146042830053681,
disco.00027,disco,-1,1.3683844644752639,1.521775480208464,
disco.00028,disco,-1,3.1789616765792297,-0.1625062408524916,
disco.00029,disco,-1,1.012879206780674,-0.6111124672628624,
disco.00030,disco,-1,1.7450628181920413,-0.2939300363839293,
disco.00031,disco,-1,1.3939543996097963,-0.7618583491867619,
disco.00032,disco,-1,0.4991470725520983,0.30820249944805744,
disco.00033,disco,-1,0.4841123464909665,-0.6784180766452151,
disco.00034,disco,-1,1.6456351216059593,-0.935403458562377,
disco.00035,disco,-1,2.3924158401226263,-0.18345043693928664,
disco.00036,disco,-1,1.3206222367971223,-1.1889383408130445,
disco.00037,disco,-1,2.0960611757031034,-0.81452900133021,
disco.00038,disco,-1,1.915267975613982,-0.2736654587441358,
disco.00039,disco,-1,-0.07601297536068975,-0.3256077238372038,
disco.00040,disco,-1,0.5746926143339479,-0.22413135641831475,
disco.00041,disco,-1,-0.6438413781533098,0.6797283790790486,
disco.00042,disco,-1,0.2993603853452104,-0.8100130024993272,
disco.00043,disco,-1,1.6834785969800101,0.6034603194305569,
disco.00044,disco,-1,0.2781921773589705,-0.12840012968112488,
disco.00045,disco,-1,0.7978772846432137,0.2587924873450552,
disco.00046,disco,-1,0.09996576923550099,-0.39543272706983185,
disco.00047,disco,-1,-0.6100648085626702,0.7823314687349628,
disco.00048,disco,-1,0.8363868101331944,-0.7149083331019516,
disco.00049,disco,-1,0.9710206205934605,-0.2503349038517162,
disco.00050,disco,3,0.1969924333008105,-1.561678347598371,0.42143129423585
disco.00051,disco,3,0.6643559877581837,-1.6652593981466395,0.42151482948014035
disco.00052,disco,-1,0.8731130331473522,-1.3265372008262077,
disco.00053,disco,-1,1.9492540700080692,1.1691364968322477,
disco.00054,disco,-1,0.9174974875274488,0.6284879027171811,
disco.00055,disco,4,-0.09343637666556083,-0.8352444514273832,0.6026750930754269
disco.00056,disco,-1,-0.650875998016477,-0.3153727468304283,
disco.00057,disco,-1,-0.6981196240349609,-1.2874843693880258,
disco.00058,disco,-1,0.3305401526172121,-0.3481138378863255,
disco.00059,disco,-1,0.6313561660146136,0.04269324962457407,
disco.00060,disco,4,-0.21967638891984032,-0.5698211290346341,0.5982189658267901
disco.00061,disco,-1,0.35960330539188184,0.330551598252524,
disco.00062,disco,-1,0.5091760621538985,0.2521709456061463,
disco.00063,disco,-1,0.500507861274698,-0.29536230203895697,
disco.00064,disco,-1,-0.4922318752425469,0.6177137886479301,
disco.00065,disco,-1,-0.549051495866722,0.15719501681183504,
disco.00066,disco,-1,0.855473380073807,-0.44085710831841446,
disco.00067,disco,3,0.6055178644051291,-1.2301557006394979,0.6012383719936689
disco.00068,disco,-1,1.49454844575128,-0.8376824207808559,
disco.00069,disco,-1,-0.548899267053906,-1.0632794947003263,
disco.00070,disco,3,0.2879845029612759,-1.4489253919623555,0.2657316644559456
disco.00071,disco,-1,1.1528214133331391,-0.9360180692013833,
disco.00072,disco,-1,1.6332841555948552,-0.22706446006911457,
disco.00073,disco,-1,1.2498627736593189,-1.1492729921394327,
disco.00074,disco,-1,0.7704579525606736,-1.2007713183098447,
disco.00075,disco,3,0.44169571879779074,-1.4059300765899918,0.4515330896682885
disco.00076,disco,-1,0.034618841423706116,-0.8282373259254009,
disco.00077,disco,-1,0.3058708056233931,-0.5576101658785397,
disco.00078,disco,-1,-0.08344762571216163,-0.19780757589377476,
disco.00079,disco,-1,0.14600541904858555,-0.16779407035824057,
disco.00080,disco,-1,-0.08153130541206008,0.2769796388472663,
disco.00081,disco,-1,0.42230906249530864,1.1404679717097443,
disco.00082,disco,-1,1.3362728587247845,0.3136561995751533,
disco.00083,disco,-1,-0.03317381357919507,0.11517134429761251,
disco.00084,disco,-1,1.0410724164203613,0.528257118511892,
disco.00085,disco,-1,1.7883637445041616,0.6645539337130068,
disco.00086,disco,-1,-0.20601617076634268,-0.09998598873865262,
disco.00087,disco,4,0.08325619490369769,-0.8537278902767405,0.4456288716040509
disco.00088,disco,-1,-0.028493995979084023,-1.29423478580493,
disco.00089,disco,4,0.04508031586555626,-0.9343952916327803,0.4739114549550774
disco.00090,disco,-1,0.9023583071325021,-0.6912942901759846,
disco.00091,disco,-1,0.011538415722843748,0.864672898293836,
disco.00092,disco,-1,0.3771098661080547,-0.45536030365115215,
disco.00093,disco,-1,0.7513338813489441,-0.20928383552523144,
disco.00094,disco,-1,-0.233192006212473,-0.9790682401112032,
disco.00095,disco,-1,0.675269413143889,0.44170551355098564,
disco.00096,disco,-1,0.5716501960865431,-0.48960793215954573,
disco.00097,disco,-1,0.5162432678517526,-0.8398596669895527,
disco.00098,disco,4,0.3743019983266127,-0.857599217523538,0.6075558978229791
disco.00099,disco,4,0.3743019983266127,-0.857599217523538,0.6075558978229791
hiphop.00000,hiphop,-1,0.8703510785539166,-0.4814488650134987,
hiphop.00001,hiphop,-1,1.0499530014290042,1.0582562109953813,
hiphop.00002,hiphop,-1,-0.6269165227928132,1.0034704024168029,
hiphop.00003,hiphop,-1,0.40185186541820767,0.4113746764119337,
hiphop.00004,hiphop,-1,0.8025070626521923,2.1518507888505476,
hiphop.00005,hiphop,-1,0.5702359731765075,-0.9808736829830307,
hiphop.00006,hiphop,-1,1.6897951261225308,1.2149174860624359,
hiphop.00007,hiphop,-1,-0.010992163466736886,0.36016788464706434,
hiphop.00008,hiphop,-1,2.117768156988455,1.1742759345047047,
hiphop.00009,hiphop,-1,0.9588623128661558,1.0033003676688013,
hiphop.00010,hiphop,-1,0.23018122407948508,-0.8342490442951445,
hiphop.00011,hiphop,-1,0.13900947811648431,-0.10277956950939139,
hiphop.00012,hiphop,-1,-0.47170004801604326,-0.7389696167140054,
hiphop.00013,hiphop,-1,-0.23359752037232676,0.6881905583524377,
hiphop.00014,hiphop,-1,0.4160792324700826,-0.8073108916600351,
hiphop.00015,hiphop,5,0.2168208611081593,-0.6205997286109054,0.6501249612822719
hiphop.00016,hiphop,-1,0.7538839093822541,0.6461145860563835,
hiphop.00017,hiphop,-1,-0.32959350043629726,-0.5918490188368697,
hiphop.00018,hiphop,-1,1.8011078536963872,1.13372650585106,
hiphop.00019,hiphop,-1,0.6428944665723891,0.750846725970316,
hiphop.00020,hiphop,-1,0.7386710402059006,0.8666134016732598,
hiphop.00021,hiphop,-1,0.7897333812932293,-0.47522233858528384,
hiphop.00022,hiphop,-1,-0.19373298814625492,0.45562908383130046,
hiphop.00023,hiphop,-1,-0.07531131201166395,-1.1606610273632094,
hiphop.00024,hiphop,-1,0.6752004058373394,-0.021899070992336317,
hiphop.00025,hiphop,-1,0.6192167056705338,-0.13311546879261169,
hiphop.00026,hiphop,-1,2.5478916879639706,1.2860248939367067,
hiphop.00027,hiphop,-1,1.3218356472104722,1.1248667520062365,
hiphop.00028,hiphop,-1,1.211647318812291,0.6056805599272825,
hiphop.00029,hiphop,-1,1.5558588692291688,0.5014457154227359,
hiphop.00030,hiphop,-1,1.612641365712873,-1.4575504848028384,
hiphop.00031,hiphop,-1,1.6214275066877935,-0.019756359765463933,
hiphop.00032,hiphop,-1,0.3999508159702741,1.2011098182433304,
hiphop.00033,hiphop,-1,1.9646090999923924,0.35201972911704243,
hiphop.00034,hiphop,-1,1.42733892031267,-1.218089340616552,
hiphop.00035,hiphop,-1,1.5344453249258965,1.1062879723925696,
hiphop.00036,hiphop,-1,1.6415115105968212,2.770963006432474,
hiphop.00037,hiphop,-1,3.441347436256183,1.959799902850741,
hiphop.00038,hiphop,-1,0.1732718304766366,1.7090051642497606,
hiphop.00039,hiphop,-1,1.7342823650715125,2.459586788552902,
hiphop.00040,hiphop,-1,1.7248765028799944,3.026714507342544,
hiphop.00041,hiphop,-1,0.9248960686802475,0.9743859423209121,
hiphop.00042,hiphop,-1,1.2163075760093778,1.2687265011705975,
hiphop.00043,hiphop,-1,-0.2959515897309877,1.2023753974392954,
hiphop.00044,hiphop,-1,1.3663810552723383,2.168393102144882,
hiphop.00045,hiphop,-1,1.7342823650715125,2.459586788552902,
hiphop.00046,hiphop,-1,0.5402523732325462,0.987669418233654,
hiphop.00047,hiphop,-1,1.8897897760892308,1.3468312030395884,
hiphop.00048,hiphop,-1,0.2251428033052735,0.7744437829961413,
hiphop.00049,hiphop,-1,0.9994252347305836,0.3664397289550688,
hiphop.00050,hiphop,-1,-0.8564759283191294,1.2714231627722195,
hiphop.00051,hiphop,-1,1.254490045888014,1.2442345098680359,
hiphop.00052,hiphop,-1,0.9133119046318714,1.1513472711593857,
hiphop.00053,hiphop,-1,1.4206125280662776,1.276194276965082,
hiphop.00054,hiphop,-1,1.6130051335483968,0.47006781606348147,
hiphop.00055,hiphop,-1,-0.3002366015507063,0.5814743213541228,
hiphop.00056,hiphop,-1,-0.248895691362371,-0.14389624697436265,
hiphop.00057,hiphop,-1,-0.6775842699343761,0.30271752651114897,
hiphop.00058,hiphop,-1,1.6477881917984818,0.9782642184083391,
hiphop.00059,hiphop,-1,-0.21420626049880992,0.5698347890762494,
hiphop.00060,hiphop,-1,-0.6858564249033434,0.6630083009673439,
hiphop.00061,hiphop,-1,-0.6007327244837047,0.3679549878655695,
hiphop.00062,hiphop,-1,1.4929789534966005,2.723706265347336,
hiphop.00063,hiphop,-1,1.4490560091202354,1.6919969859138788,
hiphop.00064,hiphop,-1,0.33496268516974065,0.939110231138454,
hiphop.00065,hiphop,-1,1.3434507208473532,2.474031481859795,
hiphop.00066,hiphop,-1,0.23220026121206702,1.1911189371227326,
hiphop.00067,hiphop,-1,1.9086525684591646,1.2976936256697724,
hiphop.00068,hiphop,-1,0.5490558815921593,0.5421042691367491,
hiphop.00069,hiphop,-1,1.7836806814249722,0.9144704917526172,
hiphop.00070,hiphop,-1,0.5738657623216886,1.0462378449329455,
hiphop.00071,hiphop,-1,1.9465993839740954,1.2295493219684435,
hiphop.00072,hiphop,-1,-0.4685646280140323,1.267758840077922,
hiphop.00073,hiphop,-1,1.3650919269974156,1.7256750126851839,
hiphop.00074,hiphop,-1,0.97876859813241,0.4986068386538892,
hiphop.00075,hiphop,-1,2.761000340062666,2.2598680351828437,
hiphop.00076,hiphop,-1,1.0471033626216641,2.1685778340928428,
hiphop.00077,hiphop,-1,1.6568863418356226,0.8230285939751066,
hiphop.00078,hiphop,-1,1.0471033626216641,2.1685778340928428,
hiphop.00079,hiphop,-1,2.5262298203539455,1.5995081415260368,
hiphop.00080,hiphop,-1,2.138003607540023,0.07918369332681487,
hiphop.00081,hiphop,-1,-1.152299024822469,0.679813602406863,
hiphop.00082,hiphop,-1,0.5615312649782298,-0.4916264627273892,
hiphop.00083,hiphop,5,0.3430334030500065,-0.30381528683321163,0.4760410047754431
hiphop.00084,hiphop,-1,0.36520908408362757,1.0134547870897992,
hiphop.00085,hiphop,5,0.7221258654373722,-0.6303566906634299,0.5550119686223
hiphop.00086,hiphop,-1,-0.11834805374567937,0.4702385899185606,
hiphop.00087,hiphop,-1,0.5965791670064995,0.09831370432122553,
hiphop.00088,hiphop,5,0.821796159638731,-0.8173751886207827,0.6943035771558209
hiphop.00089,hiphop,-1,0.6077424757943851,-0.6508480920389588,
hiphop.00090,hiphop,-1,0.012678074290258077,-0.855475619711326,
hiphop.00091,hiphop,5,0.7283687339220063,-0.5036885725845069,0.46398173973354945
hiphop.00092,hiphop,-1,-0.3307377877634465,-0.2373172737088788,
hiphop.00093,hiphop,-1,1.2637704665866103,0.09537599709559791,
hiphop.00094,hiphop,-1,-0.8562619817476238,0.38729032579759964,
hiphop.00095,hiphop,-1,0.86432000685915,-1.1775131529320233,
hiphop.00096,hiphop,-1,-0.803312142344653,-0.5222624040354611,
hiphop.00097,hiphop,-1,0.6343690212202784,-0.5850998318174161,
hiphop.00098,hiphop,5,0.38191904461095727,-0.3565567156218312,0.6180764248946533
hiphop.00099,hiphop,-1,0.24475523228863544,1.2626314246146324,
jazz.00000,jazz,-1,-0.8528511323692975,1.104179615488067,
jazz.00001,jazz,-1,-1.5300502086864645,0.7335230926652885,
jazz.00002,jazz,-1,-1.8927516654215266,0.6549470573521137,
jazz.00003,jazz,-1,-2.5007529546042284,0.680770839957806,
jazz.00004,jazz,-1,-2.1368570058801444,0.3888466148554091,
jazz.00005,jazz,-1,-1.7128751759196617,1.5005980122308384,
jazz.00006,jazz,-1,-1.7026378036099974,0.7550956978272175,
jazz.00007,jazz,-1,-1.970369695462571,0.7371080699010027,
jazz.00008,jazz,-1,-1.6637296048647066,0.0283766222054421,
jazz.00009,jazz,-1,-2.6423770161283144,-0.2024645163718437,
jazz.00010,jazz,-1,-2.4495379237627244,1.2994667148716275,
jazz.00011,jazz,6,-1.201883311530331,-0.8015796376702343,0.3902723063816139
jazz.00012,jazz,6,-1.4873737829496239,-0.6993259441396783,0.42013217662890084
jazz.00013,jazz,-1,-1.490631063143396,-0.957827169441851,
jazz.00014,jazz,-1,-1.8572781556071043,0.9423169769689717,
jazz.00015,jazz,6,-1.2614002923155352,-0.8952656136249971,0.35356110577535993
jazz.00016,jazz,-1,-1.4887501515830244,0.17368531043450539,
jazz.00017,jazz,-1,-0.8340810145283579,-0.09314170910322872,
jazz.00018,jazz,-1,-1.0248796931212036,-1.509294675913016,
jazz.00019,jazz,-1,-1.8459976831476983,-0.4972664158135288,
jazz.00020,jazz,-1,-2.1917256404334493,0.3362647742686263,
jazz.00021,jazz,-1,1.5854462001305023,-1.0882459051301008,
jazz.00022,jazz,-1,-1.7434977902044226,0.17951773628313825,
jazz.00023,jazz,-1,-0.8905399100188368,-0.5035447569845873,
jazz.00024,jazz,-1,-0.37475351684976355,-0.2191585974867566,
jazz.00025,jazz,-1,-1.4212632913099381,-0.06229789901484517,
jazz.00026,jazz,-1,-1.1792488078641807,1.2733901520630524,
jazz.00027,jazz,6,-1.3354453884305821,-0.8810546747295473,0.6005788584907904
jazz.00028,jazz,6,-1.3211243169087392,-0.6737893919895894,0.5363349975330077
jazz.00029,jazz,-1,-0.5989092608262585,-1.0375143070416688,
jazz.00030,jazz,-1,-0.7483515674641465,0.10228882680483944,
jazz.00031,jazz,6,-1.2549093856163342,-0.950188170464807,0.46994425249548777
jazz.00032,jazz,-1,-1.2949310570707246,0.17019871041627035,
jazz.00033,jazz,-1,-2.0690117880827423,0.13114130333198856,
jazz.00034,jazz,-1,-0.7539663586928349,-0.20917459087104504,
jazz.00035,jazz,7,-2.5666652328337145,-0.20328674790911327,0.3015250642056356
jazz.00036,jazz,-1,-0.7226694138347184,0.04904365459327729,
jazz.00037,jazz,-1,-1.8853350318820536,-0.12754097313205212,
jazz.00038,jazz,-1,-1.5297830572514064,-0.6249675491839791,
jazz.00039,jazz,-1,-1.5023076952908387,0.5009681570041806,
jazz.00040,jazz,-1,-1.6662020039757972,0.029441095028224777,
jazz.00041,jazz,-1,-0.9573927274580932,0.3298246083268994,
jazz.00042,jazz,-1,-1.6291200227199927,0.17547631941080308,
jazz.00043,jazz,-1,-1.1148073506315492,-0.27434475336088604,
jazz.00044,jazz,-1,-2.044701799385145,0.3217140490942821,
jazz.00045,jazz,7,-2.407741890661546,-0.3427243178690208,0.24902696539798444
jazz.00046,jazz,-1,-1.9693482545746461,-0.032044431081878356,
jazz.00047,jazz,-1,-0.4955062880422769,-0.8204185998072889,
jazz.00048,jazz,-1,-1.1855083397638544,-0.8176105558329585,
jazz.00049,jazz,-1,-0.6125734721283633,0.9281825401355127,
jazz.00050,jazz,-1,-0.292984349383734,-1.1448598712723168,
jazz.00051,jazz,-1,-2.0472474009915658,0.11710300181782486,
jazz.00052,jazz,-1,-0.24652029207433965,-0.2298497839899652,
jazz.00053,jazz,-1,-0.645949547672028,-0.15685059707174515,
jazz.00055,jazz,7,-2.5436015326577626,-0.22713884964715284,0.24424368792627416
jazz.00056,jazz,-1,0.4417456038259215,-0.9617093131549895,
jazz.00057,jazz,-1,-1.5382357356609886,0.36715230054911396,
jazz.00058,jazz,-1,-0.6530303260580604,0.056886295316387385,
jazz.00059,jazz,-1,-1.5220074413979905,0.5567065888987659,
jazz.00060,jazz,-1,-1.6727348640049566,-0.023128756334131462,
jazz.00061,jazz,-1,-0.1833616746995779,-1.0440559772532907,
jazz.00062,jazz,-1,-1.3074340492305603,-0.4552084694552082,
jazz.00063,jazz,-1,-0.23256527897096413,-1.3930545685716023,
jazz.00064,jazz,-1,-1.5181851509416433,-1.3173862098255174,
jazz.00065,jazz,-1,-1.4760963702243868,0.48346450736154545,
jazz.00066,jazz,-1,-1.1148473369276026,-0.4054521792387061,
jazz.00067,jazz,-1,-1.6040569361897907,0.04118283365765796,
jazz.00068,jazz,-1,-1.5905561506928363,0.13429815152146607,
jazz.00069,jazz,-1,-0.7994332101380116,0.010945452437100434,
jazz.00070,jazz,-1,-1.8905028378131223,0.28613645334184445,
jazz.00071,jazz,7,-2.3678631605914395,-0.36183844130318604,0.34552733518683165
jazz.00072,jazz,-1,-1.9412271269230899,-0.05511857922194959,
jazz.00073,jazz,-1,0.4958278136476151,-0.5958561354783997,
jazz.00074,jazz,-1,-0.1376196304786332,0.3304946950782382,
jazz.00075,jazz,-1,0.4314287136324087,-0.6581743923134665,
jazz.00076,jazz,-1,-1.248648052827065,-0.09975844190543942,
jazz.00077,jazz,-1,0.3078569905301595,-0.8849418073123955,
jazz.00078,jazz,-1,-0.2602449213973993,0.1787955359406355,
jazz.00079,jazz,-1,0.09857867718382055,-0.46613558120758125,
jazz.00080,jazz,-1,0.5174528418211494,-1.2330637027873255,
jazz.00081,jazz,-1,0.9527844827365021,0.3392389644114966,
jazz.00082,jazz,-1,2.989946007603262,0.12605918115761497,
jazz.00083,jazz,-1,1.3958436803638905,-0.6134450218159245,
jazz.00084,jazz,-1,0.5876210827019556,-0.6256082124125691,
jazz.00085,jazz,-1,0.6819273168639198,-0.7207807201812189,
jazz.00086,jazz,-1,3.0462992288927313,-0.6231473707243408,
jazz.00087,jazz,-1,-1.1169520602723484,1.5619680420755766,
jazz.00088,jazz,-1,-0.4966777620914422,0.36316519282319765,
jazz.00089,jazz,-1,-0.7196257034488831,0.9933229539637206,
jazz.00090,jazz,-1,-1.2329914992447144,-0.5143161836947083,
jazz.00091,jazz,-1,2.445605734888217,2.113623488355471,
jazz.00092,jazz,-1,0.3995016993928204,1.4859849947758703,
jazz.00093,jazz,-1,-0.6720976837978186,-0.6061444179722375,
jazz.00094,jazz,-1,-2.1587683051546893,0.8350326593098657,
jazz.00095,jazz,-1,-1.1726596448890965,-0.31504307336518955,
jazz.00096,jazz,-1,-0.6513083277494703,0.7200832399559033,
jazz.00097,jazz,-1,-2.1198383815727198,0.7922629257018617,
jazz.00098,jazz,-1,-0.9621436911404825,-0.3303164814762473,
jazz.00099,jazz,-1,-1.6486544473766125,0.15385751096171638,
metal.00000,metal,-1,1.4759997206345359,-1.7780172864753365,
metal.00001,metal,-1,0.8675375748017963,-2.0258951524311843,
metal.00002,metal,-1,0.010144477012077593,-1.9763113806691845,
metal.00003,metal,8,0.8634031768140051,-2.1708245630755285,0.6453749352802438
metal.00004,metal,-1,1.6501609567309867,-1.7742024350867127,
metal.00005,metal,-1,0.23135225461955367,-1.6292312747563384,
metal.00006,metal,-1,1.71073930435668,-1.4610930798622161,
metal.00007,metal,-1,1.0482918657590512,-2.0540745184539664,
metal.00008,metal,-1,1.5779323628525912,-0.2364246783688042,
metal.00009,metal,-1,-0.39938013936085565,-2.1470658859396456,
metal.00010,metal,-1,1.2000728931465383,-2.5799670310585197,
metal.00011,metal,9,0.4304683690234281,-2.9408918590056743,0.796647793230981
metal.00012,metal,9,0.6353135760204004,-2.62028871020374,0.6170821063237711
metal.00013,metal,9,1.13579608712053,-2.5854625727810148,0.8979492501225835
metal.00014,metal,9,0.7952955067673562,-2.2617833011489323,0.8668109503819273
metal.00015,metal,-1,0.8207796078564691,-2.4278280359887305,
metal.00016,metal,-1,0.9085434844181141,-2.1863927666661995,
metal.00017,metal,8,0.7969830727494273,-2.2008157241272617,0.6495012280713185
metal.00018,metal,-1,0.5693085954386614,-2.1038197574583104,
metal.00019,metal,8,0.7941731249729033,-1.748541232605955,0.5821102969876077
metal.00020,metal,8,0.6467062450355564,-1.9833627319737492,0.5451371321821153
metal.00021,metal,8,1.215714445141781,-2.1531278603887305,0.9246943013724824
metal.00022,metal,-1,-0.3432732388057416,-1.979863023716055,
metal.00023,metal,-1,0.3720958059019392,-1.8551524166947937,
metal.00024,metal,9,0.37080928943124775,-1.8575332938271716,0.9586692906610249
metal.00025,metal,-1,0.316300384974988,-1.2357165822402612,
metal.00026,metal,-1,0.9367771705839558,-2.6164943454578764,
metal.00027,metal,9,-0.015840481322391246,-2.3281186946757035,0.8263694679383952
metal.00028,metal,9,0.8693096505076477,-2.7255351052602084,0.6936537200037012
metal.00029,metal,-1,1.1164887161864259,-1.534690922291979,
metal.00030,metal,-1,-1.272974018881568,-1.1869770369615407,
metal.00031,metal,-1,0.36684740198328597,-1.8529563596245013,
metal.00032,metal,8,0.4095068839494261,-1.7328212292445393,0.6338908380358822
metal.00033,metal,-1,0.03652456355601016,-1.101598498509863,
metal.00034,metal,-1,1.1377889949272841,-1.0203872934299867,
metal.00035,metal,-1,1.0653174256506046,-1.5778503648574937,
metal.00036,metal,8,0.7910844168165819,-2.023114239179681,0.45922933442837616
metal.00037,metal,-1,0.15667897416569135,-1.996404337697933,
metal.00038,metal,-1,0.7986918238466915,0.4555257641765661,
metal.00039,metal,-1,-0.2849340727973211,-0.49381469349549817,
metal.00040,metal,8,0.8872446848029317,-2.0511016086224645,0.5057454997622906
metal.00041,metal,-1,0.10968901560763171,-1.890726441920824,
metal.00042,metal,9,0.29716176750756007,-2.290765457523152,0.705851784916854
metal.00043,metal,-1,1.1916653157219061,-1.0028093977009152,
metal.00044,metal,8,0.8440612645738697,-1.9836531042470977,0.5707320341547744
metal.00045,metal,-1,0.7037926141350083,-0.5763119082415128,
metal.00046,metal,9,0.5719601145075529,-2.642900340612946,0.41947733184164365
metal.00047,metal,9,1.0153586146018434,-2.3160353245677707,0.6133237514004154
metal.00048,metal,9,0.6843706315150307,-2.6637903403752454,0.5157945811705297
metal.00049,metal,9,0.8832893679984342,-2.850322029690732,0.7223640077597583
metal.00050,metal,9,0.8068621517397235,-2.480810329568008,0.639771865973219
metal.00051,metal,-1,1.8329647582779152,-2.4469939923778634,
metal.00052,metal,8,0.9353856634904488,-1.564540849931912,0.7512582244684811
metal.00053,metal,9,0.7635760741757971,-2.3772888008935884,0.5236955147040572
metal.00054,metal,9,1.240809219344929,-2.511951535430682,0.8116811642884411
metal.00055,metal,9,1.0972773520432018,-2.543597188908314,0.8422879291000835
metal.00056,metal,9,0.9244053812160836,-2.4050766239094887,0.6276691409449591
metal.00057,metal,8,0.6457665379893585,-1.535583798475171,0.5895340058822958
metal.00058,metal,9,0.28242929304249986,-2.3405482317173023,0.6390324916438256
metal.00059,metal,9,0.2504359566398402,-2.6273468717985318,0.6835332270820217
metal.00060,metal,9,0.20729064337888214,-2.3412793897103024,0.8490471489696774
metal.00061,metal,8,0.8872446848029317,-2.0511016086224645,0.5057454997622906
metal.00062,metal,-1,0.10968901560763171,-1.890726441920824,
metal.00063,metal,9,0.29716176750756007,-2.290765457523152,0.705851784916854
metal.00064,metal,-1,1.1916653157219061,-1.0028093977009152,
metal.00065,metal,8,0.8440612645738697,-1.9836531042470977,0.5707320341547744
metal.00066,metal,-1,0.7037926141350083,-0.5763119082415128,
metal.00067,metal,-1,-0.005533630221389424,-1.4582898976292766,
metal.00068,metal,-1,0.1995110350332652,-1.335435907010394,
metal.00069,metal,-1,-1.0284191234367748,-1.1460875860613369,
metal.00070,metal,-1,0.897156014292363,-0.3374243423418633,
metal.00071,metal,-1,0.8355717964458765,-1.2561896644852928,
metal.00072,metal,9,0.024244460190586858,-2.0600431575344067,1.0082575528053734
metal.00073,metal,8,0.5033823108871492,-1.313067213418268,0.8737020205325436
metal.00074,metal,-1,0.8640243531365962,-1.1705345727477114,
metal.00075,metal,-1,-0.16785090430284502,-0.6615308059992365,
metal.00076,metal,-1,0.8486530855099618,-1.5905997896666897,
metal.00077,metal,9,0.5713228543941185,-2.3041867691526656,0.5460968209547391
metal.00078,metal,8,0.8524959634927575,-1.3661735002443385,0.8373221945709772
metal.00079,metal,8,0.6136706067867511,-1.543311177283106,0.5560266934360905
metal.00080,metal,8,0.8143430613620845,-1.2930148898498959,0.8007442417087578
metal.00081,metal,-1,-0.2274843466607203,-2.2665437412277005,
metal.00082,metal,9,0.07812573768234381,-2.1347913448912887,0.7803087346242412
metal.00083,metal,-1,0.3532708882671743,-1.6151467337570389,
metal.00084,metal,8,0.5876835685339148,-1.4735662357480623,0.7395427010493877
metal.00085,metal,-1,0.5481843771135333,-1.6628294975462798,
metal.00086,metal,8,0.7461444731848106,-1.8069098939402781,0.5466317360970934
metal.00087,metal,-1,1.3798554157088623,-2.0820565580314407,
metal.00088,metal,-1,-0.2984343609269769,0.045427144623663644,
metal.00089,metal,-1,-1.3417087086586679,-0.9602483773826538,
metal.00090,metal,-1,-0.24331452968851006,-1.3772250887938353,
metal.00091,metal,-1,0.11884902585604236,-1.3394920588312504,
metal.00092,metal,-1,-0.393763944440256,-1.4425849083244928,
metal.00093,metal,9,0.32753779673904265,-2.298212443781502,0.7577783853629174
metal.00094,metal,-1,1.1377889949272841,-1.0203872934299867,
metal.00095,metal,-1,0.3634068415652471,-1.4265726822291864,
metal.00096,metal,-1,0.7385445919870868,-0.6455855297170823,
metal.00097,metal,-1,-0.32735169272213627,-0.5231529035902723,
metal.00098,metal,-1,0.27912429306168796,-0.16425167356422274,
metal.00099,metal,-1,0.32740809794175274,-0.7699758670340752,
pop.00000,pop,-1,2.092410473548345,1.2127960957785804,
pop.00001,pop,-1,2.626110077099009,1.7344260297557532,
pop.00002,pop,-1,1.6935941239748586,0.37083257315615664,
pop.00003,pop,-1,0.06645445948013932,0.5733833075584007,
pop.00004,pop,-1,1.3395789607217723,-0.2237390687116715,
pop.00005,pop,-1,0.2124806202012513,1.1024812373901578,
pop.00006,pop,-1,0.046005294334579394,0.5588898184095502,
pop.00007,pop,-1,-0.027872646516580325,1.7744135110221246,
pop.00008,pop,-1,1.7278119108042418,0.41951963648245866,
pop.00009,pop,-1,1.7483519270532863,-0.43264871228895824,
pop.00010,pop,-1,-0.051249730517415173,0.691343488570377,
pop.00011,pop,-1,-0.06163922361433557,1.112563309613866,
pop.00012,pop,-1,0.9930873158823129,-0.1489624797007425,
pop.00013,pop,-1,-0.1695900012518757,1.3841185519355141,
pop.00014,pop,-1,-0.2002908275377815,-0.5546859121386151,
pop.00015,pop,10,1.8992576597035342,0.4680439329478572,0.5345259375454039
pop.00016,pop,-1,2.0666892808405697,0.9468199376004661,
pop.00017,pop,-1,0.8734048548095766,-0.6291387318979491,
pop.00018,pop,-1,1.7977733985052287,0.2617962160477612,
pop.00019,pop,-1,2.472602135377207,0.9048654555289838,
pop.00020,pop,-1,2.3478236540043143,-0.2562790577668904,
pop.00021,pop,-1,2.446365987220997,0.2854005321872876,
pop.00022,pop,10,1.8892507777748442,0.47483164857416743,0.5348356048336088
pop.00023,pop,-1,2.982229843466537,1.0289066213826183,
pop.00024,pop,10,1.9510836452928224,0.4694957394274525,0.5689436328044385
pop.00025,pop,-1,1.7292034655838362,1.5186252720428315,
pop.00026,pop,-1,0.9104326216004429,0.9510572122712647,
pop.00027,pop,-1,0.7960287237735149,0.5087498661591653,
pop.00028,pop,-1,1.1790320712651101,0.001466059037236818,
pop.00029,pop,-1,1.015285762951546,0.18047414333486833,
pop.00030,pop,10,1.548264849373699,-0.0929439113497786,0.5754296100769328
pop.00031,pop,10,1.614237592264048,-0.05809038341267469,0.5711044722666527
pop.00032,pop,-1,4.152906760211067,1.3697907887822338,
pop.00033,pop,-1,0.8994019971059376,0.22772095413227286,
pop.00034,pop,-1,1.8611330800755768,0.8568861257751808,
pop.00035,pop,10,1.6822432858911334,-0.4468228908183966,0.7380241474113416
pop.00036,pop,-1,1.8115880148560488,1.0906377717039657,
pop.00037,pop,10,1.7237284840787552,-0.08789624712451052,0.6408701353406657
pop.00038,pop,10,1.8100464166343342,0.06594956580410817,0.4285388650750473
pop.00039,pop,-1,3.0489386998852623,0.7389074747510083,
pop.00040,pop,-1,-0.35829436125623243,0.05918175871928612,
pop.00041,pop,-1,-0.0010871578790331978,1.2345807121566235,
pop.00042,pop,10,1.6494362878234472,0.3725014704775135,0.5983337311472009
pop.00043,pop,-1,1.3470213472616892,0.6464912493443997,
pop.00044,pop,-1,1.5383465987283587,0.4889504266112969,
pop.00045,pop,-1,1.6788102235553752,1.4713178359412904,
pop.00046,pop,-1,1.6375131615284582,1.4868609209463934,
pop.00047,pop,-1,1.5238146866410545,0.7055905901102164,
pop.00048,pop,-1,3.0786236735073063,0.3283461851381007,
pop.00049,pop,-1,0.21351081424814977,1.9842814507846473,
pop.00050,pop,-1,1.880873582941846,1.4847817600487514,
pop.00051,pop,-1,3.7083799790743677,0.24892901414874466,
pop.00052,pop,-1,2.6300379223363235,1.1044437537370537,
pop.00053,pop,-1,1.239022231305154,2.3070639560372883,
pop.00054,pop,-1,2.2969096676668705,1.3515245308503994,
pop.00055,pop,-1,3.3954738439460384,1.6767899685401206,
pop.00056,pop,-1,3.2588981660085037,2.3415887932161707,
pop.00057,pop,-1,2.6068241821364357,1.0785051022284238,
pop.00058,pop,-1,2.3756706132968373,1.677259037138723,
pop.00059,pop,-1,3.227539239803829,2.277365687422998,
pop.00060,pop,-1,2.2969096676668705,1.3515245308503994,
pop.00061,pop,-1,1.7733150686637527,1.4193891454649852,
pop.00062,pop,-1,0.06668391708413961,0.13455852090968712,
pop.00063,pop,-1,-0.6247544830751033,-0.06446022257683197,
pop.00064,pop,-1,2.9093698551134257,1.6576710547457083,
pop.00065,pop,-1,0.5744346383144217,0.6164642704439409,
pop.00066,pop,-1,0.8943431940474584,0.8311844424558128,
pop.00067,pop,-1,3.1837641545155377,0.6748013799421696,
pop.00068,pop,-1,2.4946615455191847,1.2125583725984113,
pop.00069,pop,-1,0.29954072661986014,-0.5920458379764196,
pop.00070,pop,-1,1.73876843331353,1.442607632082102,
pop.00071,pop,-1,3.1837641545155377,0.6748013799421696,
pop.00072,pop,-1,0.8301264462165406,-0.6749174519228336,
pop.00073,pop,-1,2.3524731183549834,0.16321496485171058,
pop.00074,pop,-1,2.398370223809524,2.0473033389287716,
pop.00075,pop,-1,2.4723285470278333,0.7053431287647398,
pop.00076,pop,-1,2.081595659992274,0.717771666235796,
pop.00077,pop,-1,3.5014737318176983,0.8614808548130195,
pop.00078,pop,-1,1.9805263020654866,1.0757095641042669,
pop.00079,pop,-1,0.3449725558172663,1.311863024685821,
pop.00080,pop,-1,1.5261305787726618,0.7084165819864794,
pop.00081,pop,-1,0.0948293159848821,0.29089869172596505,
pop.00082,pop,-1,1.036987094008327,0.06669603904452379,
pop.00083,pop,-1,0.25082138060565445,0.2009047712886071,
pop.00084,pop,-1,2.9218438648325917,2.5211484623449394,
pop.00085,pop,-1,1.2845398329273503,1.372921205414387,
pop.00086,pop,-1,2.227098319000841,-0.6113818432636567,
pop.00087,pop,-1,2.3029757036579137,0.2766531592555207,
pop.00088,pop,-1,2.7453234540346307,1.3026895227804582,
pop.00089,pop,-1,2.5333227927311524,1.2751088224595073,
pop.00090,pop,-1,2.3151361502533603,0.2657255880085546,
pop.00091,pop,-1,2.5929857818449493,0.36573968286970343,
pop.00092,pop,10,1.9385591338433548,0.3783201950725467,0.6670554816995664
pop.00093,pop,-1,1.2595947327390786,-0.5541044412179361,
pop.00094,pop,-1,1.2236378448230656,0.23693642956658842,
pop.00095,pop,-1,1.2876752348040044,0.8382846852388381,
pop.00096,pop,-1,1.4363053446063192,1.1031402563587893,
pop.00097,pop,-1,3.212123020819771,2.5712963374204003,
pop.00098,pop,-1,2.4286912944413674,0.31441929825562837,
pop.00099,pop,-1,0.8591811944476543,0.8682320608439318,
reggae.00000,reggae,-1,-0.3760049027723786,-0.11751452335879507,
reggae.00001,reggae,-1,-0.856501015569812,0.16992171783293644,
reggae.00002,reggae,-1,-0.621825761200687,0.7590976800336295,
reggae.00003,reggae,-1,0.001269572917951987,1.3018740107400602,
reggae.00004,reggae,-1,-0.24548301891648053,1.0135843436909822,
reggae.00005,reggae,-1,-0.6263186567190295,0.5708890846468188,
reggae.00006,reggae,-1,-0.7538117421713652,1.2639376773434412,
reggae.00007,reggae,-1,-0.6217651629750368,1.0381805684237144,
reggae.00008,reggae,11,-0.6039879185569191,1.1210785554999314,0.5055880790791012
reggae.00009,reggae,-1,-0.4039858127234199,1.6849489608148933,
reggae.00010,reggae,-1,0.26314421347876926,1.1908491551732796,
reggae.00011,reggae,-1,-0.6535631467572468,0.34565381677472934,
reggae.00012,reggae,-1,1.0293225407830675,1.2593667840941516,
reggae.00013,reggae,-1,-0.4515375958177758,1.5035686080073138,
reggae.00014,reggae,-1,-0.3055016251100463,1.9575005222903261,
reggae.00015,reggae,-1,-0.3455783974055633,0.6894544799642354,
reggae.00016,reggae,-1,-0.4785423433590242,-0.6220561705822837,
reggae.00017,reggae,11,-0.12100162973085925,1.200753080240327,0.5776437187745254
reggae.00018,reggae,11,-0.0917260842220417,1.1242572835001157,0.6413306269525031
reggae.00019,reggae,-1,-0.10161506717108489,1.8488124049276713,
reggae.00020,reggae,11,-0.6714238705211176,1.2487251327692668,0.5660026687130031
reggae.00021,reggae,-1,-0.329078874296976,-0.5332105982230247,
reggae.00022,reggae,-1,-0.5412598281254257,-0.40036160059320713,
reggae.00023,reggae,-1,1.0680270027691494,0.7287360421666056,
reggae.00024,reggae,11,-0.3329154888430652,1.095562036334485,0.4456712670237615
reggae.00025,reggae,11,-0.49936982242316286,1.4862116621388402,0.6309600928827543
reggae.00026,reggae,11,-0.3972998479878242,1.2801592907055281,0.473837433340109
reggae.00027,reggae,-1,0.3082517127682763,1.6519640847617743,
reggae.00028,reggae,-1,-0.2856386373860234,1.6644240418213019,
reggae.00029,reggae,-1,-1.349840249218696,0.3571966573793355,
reggae.00030,reggae,-1,-0.01735498669719606,1.644184246456916,
reggae.00031,reggae,-1,-0.8606565369588602,1.3572666409000698,
reggae.00032,reggae,-1,-0.9631139542400247,0.6630919601094101,
reggae.00033,reggae,-1,-0.4672513617338952,1.3757314747874407,
reggae.00034,reggae,-1,-1.3078048003034108,0.9854600902024909,
reggae.00035,reggae,-1,-0.6739085735818642,0.9709208294983643,
reggae.00036,reggae,-1,-0.5824594183202465,1.3595268217854561,
reggae.00037,reggae,-1,-0.5995905149989792,1.517432199731763,
reggae.00038,reggae,-1,-0.6572911150313098,1.5503348246954205,
reggae.00039,reggae,-1,-1.7661801232334977,2.004312237105925,
reggae.00040,reggae,-1,0.38978984591933885,2.3703141550313296,
reggae.00041,reggae,-1,-0.49360574191183854,0.8722083419642633,
reggae.00042,reggae,-1,0.5132437025331354,0.7975116722960341,
reggae.00043,reggae,-1,-1.1960422007451823,-0.14300283725880847,
reggae.00044,reggae,-1,0.5099040813128167,0.6848338827520989,
reggae.00045,reggae,-1,3.199108384430172,0.5716698096302786,
reggae.00046,reggae,-1,0.22016898561137596,0.5943044625568907,
reggae.00047,reggae,-1,0.7309491002496572,0.8973830380740507,
reggae.00048,reggae,-1,1.033576777685148,0.6546588888574782,
reggae.00049,reggae,-1,0.07245404932041061,0.3557391539579467,
reggae.00050,reggae,-1,2.0796135183703135,1.6445976686481674,
reggae.00051,reggae,-1,5.2079083899364065,1.831105947313996,
reggae.00052,reggae,-1,2.23581993497648,1.4374736850218555,
reggae.00053,reggae,-1,0.7244920960349044,2.1148605338753725,
reggae.00054,reggae,-1,1.2892343411979856,1.9379552778439275,
reggae.00055,reggae,-1,0.6112836660101743,0.5881723097900111,
reggae.00056,reggae,-1,0.2568849518916142,1.2008821208610037,
reggae.00057,reggae,-1,0.304024290756761,1.6074254014196696,
reggae.00058,reggae,-1,1.3332739127789517,1.790954389487604,
reggae.00059,reggae,-1,1.0006290993713367,0.5966313256926942,
reggae.00060,reggae,-1,0.7701233296145044,1.3132668601466748,
reggae.00061,reggae,-1,1.8101925166515656,1.1022347256328817,
reggae.00062,reggae,-1,0.01967115979345491,1.8071376445433447,
reggae.00063,reggae,-1,-0.2943698976000377,0.6866226174056668,
reggae.00064,reggae,-1,1.527739847901191,1.2153637946078457,
reggae.00065,reggae,-1,0.22421845010721478,1.2942686814150193,
reggae.00066,reggae,-1,-0.8356321172710346,0.5699463567304268,
reggae.00067,reggae,-1,-0.877133412244621,0.0975859482595461,
reggae.00068,reggae,-1,0.09968912635012422,1.5118720847389497,
reggae.00069,reggae,-1,0.4618817340541708,1.0922900499005437,
reggae.00070,reggae,-1,-0.32236557770958696,0.8472493251945462,
reggae.00071,reggae,-1,2.0972222234764506,2.3797763913527135,
reggae.00072,reggae,-1,1.8184160095023882,1.5645821251587153,
reggae.00073,reggae,-1,-0.3702943832031068,0.2813878038153459,
reggae.00074,reggae,-1,-0.37489740197359694,0.2811483311076238,
reggae.00075,reggae,-1,0.6071004073589406,0.15956108825527654,
reggae.00076,reggae,-1,0.9980270683039262,1.9218660135567978,
reggae.00077,reggae,-1,-0.6871725435736121,0.08442119342472089,
reggae.00078,reggae,-1,0.48003190919742617,1.3368731835593832,
reggae.00079,reggae,-1,2.4680804417379347,0.8840524936837622,
reggae.00080,reggae,-1,0.7564179896595189,1.3836079538740402,
reggae.00081,reggae,-1,0.9143873876633986,1.5951228789147196,
reggae.00082,reggae,-1,0.9143873876633986,1.5951228789147196,
reggae.00083,reggae,-1,-0.9307561920619433,1.7448071541205545,
reggae.00084,reggae,-1,-0.5411091392513502,0.4061248784209445,
reggae.00085,reggae,-1,-0.3297972618779015,0.8921698430329694,
reggae.00086,reggae,-1,4.838831778575445,1.1564130686909935,
reggae.00087,reggae,-1,2.377577057714378,2.3563387277201144,
reggae.00088,reggae,-1,2.3432903297822074,-0.057816021368796405,
reggae.00089,reggae,-1,-1.7574738178276936,0.8378119900073283,
reggae.00090,reggae,-1,1.7586137530356105,1.62756209045471,
reggae.00091,reggae,-1,0.2065858782256203,0.019156622059634094,
reggae.00092,reggae,-1,0.005530831626496747,-0.016370303987536094,
reggae.00093,reggae,-1,0.03790420972501257,1.0986911011738913,
reggae.00094,reggae,-1,0.16123956135332226,-0.13712098187537541,
reggae.00095,reggae,-1,0.4851553658436118,-0.1716771886982617,
reggae.00096,reggae,-1,-0.33372581710933247,1.1220484955532832,
reggae.00097,reggae,-1,-0.3988741726257076,0.20112461784975183,
reggae.00098,reggae,-1,-0.366457757082754,0.5774513969618125,
reggae.00099,reggae,-1,0.8342299566118848,-0.5421955226685646,
rock.00000,rock,-1,-0.47731372203064076,-0.30081619097888906,
rock.00001,rock,-1,-1.1831135094498217,-0.3548410887389193,
rock.00002,rock,-1,-0.3861485467161602,0.3295570136050989,
rock.00003,rock,-1,-1.2274001204184395,0.36841135476471953,
rock.00004,rock,-1,-1.070906669632964,0.08604112990124668,
rock.00005,rock,-1,-1.1410999840036833,-1.0966759905772945,
rock.00006,rock,-1,-0.7493686503871625,-0.46227716708161193,
rock.00007,rock,-1,-1.2947316915344793,-0.158233276198243,
rock.00008,rock,-1,-1.0739523388112286,-2.0594959961935397,
rock.00009,rock,-1,-1.6970035149622582,0.21290151023116022,
rock.00010,rock,-1,-0.48974646057513466,-0.37242964041950954,
rock.00011,rock,-1,-0.845467230710608,0.10180871408804017,
rock.00012,rock,-1,-0.17394060344119344,0.9369514337516686,
rock.00013,rock,-1,-0.8295909957676122,0.8801739893840138,
rock.00014,rock,-1,0.1596496491543408,1.8808259891210908,
rock.00015,rock,-1,0.846432783129191,1.212114531525954,
rock.00016,rock,12,0.254836453412021,-2.230472111907591,0.9214886569757025
rock.00017,rock,12,0.1345824834268377,-1.9167150285670955,0.6050008697132777
rock.00018,rock,12,0.21003733648202838,-1.1863153825985873,0.5758732733487906
rock.00019,rock,12,0.14731798718496422,-1.5242416086987727,0.6287231989066454
rock.00020,rock,12,0.1940846499832472,-1.0547275898223287,0.7014034034006779
rock.00021,rock,12,0.1707823372096652,-1.0536378031602878,0.8022039182976662
rock.00022,rock,12,0.3768976595489292,-1.3988855076681745,0.7749523133225732
rock.00023,rock,-1,0.25590397984069196,-0.6982931635871049,
rock.00024,rock,-1,0.21796509361515043,-1.6302290537600395,
rock.00025,rock,-1,0.5076004898243962,-1.8604993170089548,
rock.00026,rock,12,0.20812733861829924,-1.4577847379644602,0.4397738849058054
rock.00027,rock,-1,1.0151008256993537,-0.5064681659171831,
rock.00028,rock,-1,-0.09542486562453315,-0.6699781341938659,
rock.00029,rock,-1,0.40853431503312976,-0.975011367176814,
rock.00030,rock,-1,1.0313043377131244,0.004218691142775552,
rock.00031,rock,-1,0.7656755459212413,0.1714071527311998,
rock.00032,rock,-1,0.15596313430988437,-0.8891937244413913,
rock.00033,rock,-1,-0.9327128588859238,-0.4510066950805963,
rock.00034,rock,-1,0.6316566498542203,-1.273121890274221,
rock.00035,rock,-1,-0.694524605436365,-0.5273393393817825,
rock.00036,rock,-1,1.0691664541244628,-1.276173420794059,
rock.00037,rock,-1,0.8658559060836306,-0.9929788648047888,
rock.00038,rock,-1,0.9746257240089723,-0.5452921273091536,
rock.00039,rock,-1,0.32188233013320494,-1.3880288021027407,
rock.00040,rock,-1,1.1277773735532797,-0.537066633532595,
rock.00041,rock,-1,1.118004997935351,-0.9251839156418564,
rock.00042,rock,-1,1.1745640709991663,-0.2215339340579854,
rock.00043,rock,-1,0.8615339661916523,-0.5038589763477184,
rock.00044,rock,-1,-1.0679075100380528,-0.2876762403756271,
rock.00045,rock,-1,-1.2049373252626217,-0.9558692323851173,
rock.00046,rock,-1,0.32731255530428505,-0.6217404626672198,
rock.00047,rock,-1,1.5427673063860838,-0.42572928415525396,
rock.00048,rock,-1,-0.8859147172924596,-1.166204883232473,
rock.00049,rock,-1,0.41443992573576,0.9499625413370119,
rock.00050,rock,-1,-0.6539582701836966,0.5795611212795846,
rock.00051,rock,-1,1.4002481143863874,-0.05155311074037488,
rock.00052,rock,-1,0.9140453124175433,2.084108434348812,
rock.00053,rock,-1,1.6955384346377649,-1.4970924701699895,
rock.00054,rock,-1,1.378399400142328,0.49812468568221985,
rock.00055,rock,-1,-0.9284626782581267,-0.7024883305534027,
rock.00056,rock,-1,1.8051740671249557,-1.1771130940245802,
rock.00057,rock,-1,1.817141729737746,-0.9072171721794308,
rock.00058,rock,-1,0.8146680734656062,0.21341312448289673,
rock.00059,rock,-1,0.5457205319322334,0.4689229002630262,
rock.00060,rock,-1,1.0432633108401794,-0.6835617947117384,
rock.00061,rock,-1,-0.10552128632104942,0.6253069651883839,
rock.00062,rock,-1,1.054024266775141,0.7876483765305189,
rock.00063,rock,-1,-0.15158204030275244,2.295263227037053,
rock.00064,rock,-1,-0.3755612483898085,-1.0134942589278004,
rock.00065,rock,-1,0.007962887279805715,-1.1313162560897307,
rock.00066,rock,-1,-0.06256172259744786,0.5787712484163089,
rock.00067,rock,-1,0.5213165342207,-0.34605712837050523,
rock.00068,rock,12,0.3239305337048812,-1.1593323702350875,0.70286585805517
rock.00069,rock,-1,0.8234411062064826,-0.15039159260862978,
rock.00070,rock,-1,0.4526602334685804,0.06584510407831182,
rock.00071,rock,-1,-0.4162239658629937,-0.9171696048806006,
rock.00072,rock,-1,-0.21876800178028033,-0.365135744492997,
rock.00073,rock,12,0.15040691118524038,-1.1884660773744575,0.6032382703620868
rock.00074,rock,12,-0.4544593809385598,-1.1699797399369518,0.8811056293776786
rock.00075,rock,-1,0.3018144351100299,-0.35016083722649327,
rock.00076,rock,-1,-0.3740204812130096,0.10598853874872619,
rock.00077,rock,-1,-0.1340876824908486,-0.8937129393954977,
rock.00078,rock,-1,-0.21166191842749724,0.1513911482850582,
rock.00079,rock,12,-0.11146963166781546,-1.2888433818291627,0.42290355150597214
rock.00080,rock,-1,0.5888514221810198,-1.3961290271506364,
rock.00081,rock,-1,0.6386765950180883,-0.47110853464530705,
rock.00082,rock,-1,1.3330673689943995,-1.3617156512255093,
rock.00083,rock,12,-0.5070880091513268,-1.4001574931058722,0.7951519505316769
rock.00084,rock,-1,0.8739262687400742,-1.0266528659662744,
rock.00085,rock,-1,0.4502780332908171,0.13900464081177283,
rock.00086,rock,-1,0.9347371847328856,0.5096256200101825,
rock.00087,rock,12,-0.08923111772592594,-2.090069555683328,0.8142268378756776
rock.00088,rock,-1,0.8098385123965035,-0.7577836095135297,
rock.00089,rock,-1,-0.6764829296414497,-0.2739556365733777,
rock.00090,rock,-1,0.121542179824976,-0.7069446889874983,
rock.00091,rock,-1,0.6221945978499874,-1.9813724719586254,
rock.00092,rock,12,0.22424390213697834,-2.434570972308102,1.1580280371608405
rock.00093,rock,-1,-0.5407822252877275,-1.5233466543902878,
rock.00094,rock,-1,0.2343341482335612,-2.3263564147068263,
rock.00095,rock,12,-0.38461298768700297,-1.013562108987057,0.8643939552846671
rock.00096,rock,12,-0.5200507740658746,-1.3785387005078233,0.8412775780819569
rock.00097,rock,12,0.01673029758671324,-1.4726095735360074,0.5939179151693945
rock.00098,rock,-1,-1.4775006496222325,0.4761075952010839,
rock.00099,rock,-1,-0.6044114948840934,0.27182648023218553,
